country,openalex_id,clean_root_name,clean_parent_name,clean_child_name
Australia,74899385,central queensland university,central queensland university,faculty of arts business informatics and education
Australia,74899385,central queensland university,central queensland university,faculty of science engineering and health
Australia,74899385,central queensland university,central queensland university,school of medical and applied sciences
Australia,74899385,central queensland university,central queensland university,school of human health and social services
Australia,29894533,charles darwin university,charles darwin university,faculty of engineering health science and the environment
Australia,29894533,charles darwin university,charles darwin university,faculty of law education business and arts
Australia,29894533,charles darwin university,charles darwin university,school of environment
Australia,29894533,charles darwin university,charles darwin university,school of health
Australia,29894533,charles darwin university,charles darwin university,school of music and creative arts and humanities
Australia,29894533,charles darwin university,charles darwin university,faculty of law business and arts
Australia,149672521,federation university australia,federation university australia,faculty of education and arts
Australia,149672521,federation university australia,federation university australia,faculty of health
Australia,149672521,federation university australia,federation university australia,faculty of science
Australia,149672521,federation university australia,federation university australia,school of education and arts ballarat
Australia,149672521,federation university australia,federation university australia,school of health sciences ballarat
Australia,149672521,federation university australia,federation university australia,school of science information technology and engineering
Australia,149672521,federation university australia,federation university australia,school of nursing and midwifery gippsland
Australia,149672521,federation university australia,federation university australia,school of applied sciences and engineering gippsland
Australia,63525965,western sydney university,western sydney university,university of western sydney school of science and health hawkesbury c us
Australia,63525965,western sydney university,western sydney university,university of western sydney discipline of psychology
Australia,63525965,western sydney university,western sydney university,university of western sydney learning and teaching unit
Australia,63525965,western sydney university,western sydney university,university of western sydney men s health information and resource centre
Australia,63525965,western sydney university,western sydney university,university of western sydney school of humanities and communication arts
Australia,63525965,western sydney university,western sydney university,university of western sydney school of social sciences and psychology
Australia,205640436,curtin university,curtin university,department of chemistry
Australia,205640436,curtin university,curtin university,department of social sciences and international studies
Australia,205640436,curtin university,curtin university,department of spatial sciences
Australia,205640436,curtin university,curtin university,faculty of health sciences
Australia,205640436,curtin university,curtin university,faculty of humanities
Australia,205640436,curtin university,curtin university,faculty of science and engineering
Australia,205640436,curtin university,curtin university,school of built environment
Australia,205640436,curtin university,curtin university,school of information systems
Australia,205640436,curtin university,curtin university,school of media culture and creative arts
Australia,205640436,curtin university,curtin university,school of psychology and speech pathology
Australia,205640436,curtin university,curtin university,school of public health
Australia,205640436,curtin university,curtin university,school of social sciences and asian languages
Australia,114017466,university of technology sydney,university of technology sydney,faculty of design architecture and building
Australia,114017466,university of technology sydney,university of technology sydney,faculty of nursing midwifery and health
Australia,114017466,university of technology sydney,university of technology sydney,faculty of arts and social sciences
Australia,114017466,university of technology sydney,university of technology sydney,faculty of science
Australia,114017466,university of technology sydney,university of technology sydney,school of physics and advanced materials
Australia,149704539,deakin university,deakin university,school of health and social development geelong waterfront c us
Australia,149704539,deakin university,deakin university,school of psychology geelong waterfront c us
Australia,149704539,deakin university,deakin university,school of life and environmental sciences warrnambool c us
Australia,149704539,deakin university,deakin university,faculty of arts and education
Australia,149704539,deakin university,deakin university,faculty of business and law
Australia,149704539,deakin university,deakin university,faculty of health
Australia,149704539,deakin university,deakin university,school of accounting economics and finance
Australia,149704539,deakin university,deakin university,school of education
Australia,149704539,deakin university,deakin university,school of international and political studies
Australia,149704539,deakin university,deakin university,faculty of science engineering and built environment
Australia,149704539,deakin university,deakin university,school of life and environmental sciences geelong c us at waurn ponds
Australia,11701301,griffith university,griffith university,school of applied psychology mount gravatt c us
Australia,11701301,griffith university,griffith university,school of humanities gold coast c us
Australia,11701301,griffith university,griffith university,school of human services and social work
Australia,11701301,griffith university,griffith university,school of education and professional studies
Australia,11701301,griffith university,griffith university,school of biomolecular science
Australia,11701301,griffith university,griffith university,school of environment
Australia,11701301,griffith university,griffith university,school of information and communication technology
Australia,11701301,griffith university,griffith university,school of natural sciences
Australia,11701301,griffith university,griffith university,school of public health
Australia,11701301,griffith university,griffith university,queensland college of art and design
Australia,66809481,southern cross university,southern cross university,school of arts and social sciences
Australia,66809481,southern cross university,southern cross university,school of environment science and engineering
Australia,66809481,southern cross university,southern cross university,school of health and human science
Australia,66809481,southern cross university,southern cross university,school of health and human science port macquarie
Australia,118347636,australian national university,college of arts and social sciences,school of history
Australia,118347636,australian national university,australian national university,school of clinical medicine calvary hospital c us
Australia,118347636,australian national university,australian national university,school of clinical medicine canberra hospital c us
Australia,118347636,australian national university,australian national university,arndt corden department of economics
Australia,118347636,australian national university,australian national university,asia pacific college of diplomacy
Australia,118347636,australian national university,australian national university,college of asia and the pacific
Australia,118347636,australian national university,australian national university,college of medicine biology and environment
Australia,118347636,australian national university,australian national university,contemporary china centre
Australia,118347636,australian national university,australian national university,college of physical and mathematical sciences
Australia,118347636,australian national university,australian national university,college of arts and social sciences
Australia,118347636,australian national university,australian national university,department of international relations
Australia,118347636,australian national university,australian national university,department of genome biology
Australia,118347636,australian national university,australian national university,department of linguistics
Australia,118347636,australian national university,australian national university,department of political and social change
Australia,118347636,australian national university,australian national university,development studies program
Australia,118347636,australian national university,australian national university,division of history
Australia,118347636,australian national university,australian national university,research school of biology
Australia,118347636,australian national university,australian national university,research school of earth sciences
Australia,118347636,australian national university,australian national university,research school of economics
Australia,118347636,australian national university,australian national university,research school of population health
Australia,118347636,australian national university,australian national university,research school of psychology
Australia,118347636,australian national university,australian national university,research school of social sciences
Australia,118347636,australian national university,australian national university,school of art
Australia,118347636,australian national university,australian national university,school of computer science
Australia,118347636,australian national university,australian national university,school of culture history and language
Australia,118347636,australian national university,australian national university,school of international political and strategic studies
Australia,118347636,australian national university,australian national university,school of philosophy
Australia,118347636,australian national university,australian national university,school of languages
Australia,118347636,australian national university,australian national university,school of politics and international relations
Australia,118347636,australian national university,australian national university,school of sociology
Australia,118347636,australian national university,australian national university,sylvain foret laboratory bioinformatics genomics and epigenomics
Australia,118347636,australian national university,australian national university,fenner school of environment and society
Australia,118347636,australian national university,australian national university,anu college of engineering computing and cybernetics
Australia,118347636,australian national university,australian national university,anu research school of pacific and asian studies
Australia,118347636,australian national university,australian national university,crawford school of public policy
Australia,12079687,edith cowan university,edith cowan university,faculty of health engineering and science
Australia,12079687,edith cowan university,edith cowan university,school of psychology and social science
Australia,12079687,edith cowan university,edith cowan university,school of computer and security science
Australia,12079687,edith cowan university,edith cowan university,western australian academy of performing arts
Australia,196829312,la trobe university,la trobe university,college of science health and engineering bendingo c us
Australia,196829312,la trobe university,la trobe university,school of allied health
Australia,196829312,la trobe university,la trobe university,school of rural health
Australia,196829312,la trobe university,la trobe university,college of arts social sciences and commerce
Australia,196829312,la trobe university,la trobe university,department of archaeology and history
Australia,196829312,la trobe university,la trobe university,department of biochemistry and genetics
Australia,196829312,la trobe university,la trobe university,department of chemistry and physics
Australia,196829312,la trobe university,la trobe university,department of communications and media
Australia,196829312,la trobe university,la trobe university,department of creative arts and english
Australia,196829312,la trobe university,la trobe university,department of ecology environment and evolution
Australia,196829312,la trobe university,la trobe university,department of economics and finance
Australia,196829312,la trobe university,la trobe university,department of physiology anatomy and microbiology
Australia,196829312,la trobe university,la trobe university,department of rehabilitation nutrition and sport
Australia,196829312,la trobe university,la trobe university,department of politics and philosophy
Australia,196829312,la trobe university,la trobe university,department of social inquiry
Australia,196829312,la trobe university,la trobe university,school of education
Australia,196829312,la trobe university,la trobe university,school of humanities and social sciences
Australia,196829312,la trobe university,la trobe university,school of life sciences
Australia,196829312,la trobe university,la trobe university,school of molecular sciences
Australia,196829312,la trobe university,la trobe university,school of psychology and public health
Australia,196829312,la trobe university,la trobe university,division of health studies
Australia,196829312,la trobe university,la trobe university,judith lumley centre
Australia,196829312,la trobe university,la trobe university,school of public health
Australia,177877127,university of western australia,university of western australia,department of anthropology and sociology
Australia,177877127,university of western australia,university of western australia,faculty of architecture landscape and visual arts
Australia,177877127,university of western australia,university of western australia,faculty of arts
Australia,177877127,university of western australia,university of western australia,old age psychiatry unit
Australia,177877127,university of western australia,university of western australia,pharmacology pharmacy and anaesthesiology unit
Australia,177877127,university of western australia,university of western australia,school of agricultural and resource economics
Australia,177877127,university of western australia,university of western australia,school of anatomy physiology and human biology
Australia,177877127,university of western australia,university of western australia,school of animal biology
Australia,177877127,university of western australia,university of western australia,school of chemistry and biochemistry
Australia,177877127,university of western australia,university of western australia,school of computer science and software engineering
Australia,177877127,university of western australia,university of western australia,school of earth and environment
Australia,177877127,university of western australia,university of western australia,school of medicine and pharmacology
Australia,177877127,university of western australia,university of western australia,school of physics
Australia,177877127,university of western australia,university of western australia,school of plant biology
Australia,177877127,university of western australia,university of western australia,school of population health
Australia,177877127,university of western australia,university of western australia,school of psychiatry and neurosciences
Australia,177877127,university of western australia,university of western australia,school of social and cultural studies
Australia,177877127,university of western australia,university of western australia,school of surgery
Australia,177877127,university of western australia,university of western australia,department of anaesthesia
Australia,177877127,university of western australia,university of western australia,school of pathology and laboratory medicine
Australia,177877127,university of western australia,university of western australia,faculty of engineering computing and mathematics
Australia,5681781,university of adelaide,university of adelaide,school of agriculture food and wine waite c us
Australia,5681781,university of adelaide,university of adelaide,dean bowman brain tumour laboratory
Australia,5681781,university of adelaide,university of adelaide,english language centre
Australia,5681781,university of adelaide,university of adelaide,occupational and environmental health laboratory
Australia,5681781,university of adelaide,university of adelaide,school of biological sciences
Australia,5681781,university of adelaide,university of adelaide,school of economics
Australia,5681781,university of adelaide,university of adelaide,school of translational health science
Australia,5681781,university of adelaide,university of adelaide,spencer gulf rural health school
Australia,5681781,university of adelaide,university of adelaide,faculty of sciences
Australia,5681781,university of adelaide,university of adelaide,faculty of arts
Australia,5681781,university of adelaide,university of adelaide,faculty of engineering computer and mathematical sciences
Australia,5681781,university of adelaide,university of adelaide,faculty of health and medical sciences
Australia,5681781,university of adelaide,university of adelaide,faculty of the professions
Australia,5681781,university of adelaide,faculty of arts,school of education
Australia,5681781,university of adelaide,faculty of arts,school of humanities
Australia,5681781,university of adelaide,faculty of arts,school of social sciences
Australia,5681781,university of adelaide,faculty of arts,school of history and politics
Australia,5681781,university of adelaide,faculty of engineering computer and mathematical sciences,australian school of petroleum
Australia,5681781,university of adelaide,faculty of health and medical sciences,school of psychology
Australia,5681781,university of adelaide,faculty of health and medical sciences,school of public health
Australia,5681781,university of adelaide,school of humanities,department of history
Australia,5681781,university of adelaide,school of humanities,department of classics archaeology and ancient history
Australia,5681781,university of adelaide,school of humanities,department of art history and curatorial and museum studies
Australia,5681781,university of adelaide,school of humanities,department of english and creative writing
Australia,5681781,university of adelaide,school of humanities,department of french studies
Australia,5681781,university of adelaide,school of humanities,department of german studies
Australia,5681781,university of adelaide,school of humanities,department of spanish studies
Australia,5681781,university of adelaide,school of humanities,department of media
Australia,5681781,university of adelaide,school of humanities,department of philosophy
Australia,5681781,university of adelaide,school of humanities,department of linguistics
Australia,5681781,university of adelaide,school of social sciences,department of politics and international relations
Australia,5681781,university of adelaide,school of social sciences,department of anthropology and development studies
Australia,5681781,university of adelaide,school of social sciences,department of sociology criminology and gender studies
Australia,5681781,university of adelaide,school of social sciences,department of geography environment and population
Australia,5681781,university of adelaide,school of social sciences,department of asian studies
Australia,170239107,university of south australia,university of south australia,david unaipon college of indigenous education and research
Australia,170239107,university of south australia,university of south australia,division of education arts and social sciences
Australia,170239107,university of south australia,university of south australia,division of health sciences
Australia,170239107,university of south australia,university of south australia,school of communication international studies and languages
Australia,170239107,university of south australia,university of south australia,school of health sciences
Australia,170239107,university of south australia,university of south australia,school of natural and built environments
Australia,170239107,university of south australia,university of south australia,school of psychology social work and social policy
Australia,170239107,university of south australia,university of south australia,division of it engineering and the environment
Australia,188329596,university of canberra,university of canberra,department of psychology
Australia,188329596,university of canberra,university of canberra,faculty of arts and design
Australia,188329596,university of canberra,university of canberra,faculty of education science technology and mathematics
Australia,188329596,university of canberra,university of canberra,faculty of health
Australia,71270174,victoria university,victoria university,college of arts saint albans c us
Australia,71270174,victoria university,victoria university,college of education saint albans c us
Australia,71270174,victoria university,victoria university,college of sport and exercise science
Australia,71270174,victoria university,victoria university,school of creative industries department of music
Australia,71270174,victoria university,victoria university,college of health and biomedicine
Australia,71270174,victoria university,victoria university,college of engineering and science
Australia,90745801,university of new england,university of new england,chemistry program
Australia,90745801,university of new england,university of new england,school of arts
Australia,90745801,university of new england,university of new england,school of behavioural cognitive and social sciences
Australia,90745801,university of new england,university of new england,school of environmental and rural science
Australia,90745801,university of new england,university of new england,school of health
Australia,90745801,university of new england,university of new england,school of humanities
Australia,90745801,university of new england,university of new england,school of science and technology
Australia,90745801,university of new england,university of new england,austin college une
Australia,165779595,university of melbourne,university of melbourne,rural health academic centre ballarat
Australia,165779595,university of melbourne,university of melbourne,department of general practice and primary health care
Australia,165779595,university of melbourne,university of melbourne,department of social work
Australia,165779595,university of melbourne,university of melbourne,department of ophthalmology
Australia,165779595,university of melbourne,university of melbourne,department of otolaryngology royal victorian eye and ear hospital
Australia,165779595,university of melbourne,university of melbourne,eastern hill academic centre
Australia,165779595,university of melbourne,university of melbourne,saint vincent s department of medicine
Australia,165779595,university of melbourne,university of melbourne,saint vincent s department of surgery
Australia,165779595,university of melbourne,university of melbourne,tissue engineering and nanoporous materials group
Australia,165779595,university of melbourne,university of melbourne,western clinical school footscray
Australia,165779595,university of melbourne,university of melbourne,department of medicine austin health and northern health
Australia,165779595,university of melbourne,university of melbourne,academic unit for psychiatry of old age
Australia,165779595,university of melbourne,university of melbourne,department of anatomy and neuroscience
Australia,165779595,university of melbourne,university of melbourne,department of computing and information systems
Australia,165779595,university of melbourne,university of melbourne,graduate school of education
Australia,165779595,university of melbourne,university of melbourne,melbourne school of psychological sciences
Australia,165779595,university of melbourne,university of melbourne,melbourne medical school
Australia,165779595,university of melbourne,university of melbourne,school of historical and philosophical studies philosophy
Australia,165779595,university of melbourne,university of melbourne,school of population and global health
Australia,165779595,university of melbourne,university of melbourne,school of social and political sciences
Australia,165779595,university of melbourne,university of melbourne,classics and archaeology program
Australia,165779595,university of melbourne,university of melbourne,department of audiology and speech pathology
Australia,165779595,university of melbourne,university of melbourne,department of biochemistry and molecular biology
Australia,165779595,university of melbourne,university of melbourne,department of economics
Australia,165779595,university of melbourne,university of melbourne,department of english and theatre studies
Australia,165779595,university of melbourne,university of melbourne,department of mathematics and statistics
Australia,165779595,university of melbourne,university of melbourne,department of forestry and ecosystem science
Australia,165779595,university of melbourne,university of melbourne,department of medicine royal melbourne hospital
Australia,165779595,university of melbourne,university of melbourne,department of mechanical engineering
Australia,165779595,university of melbourne,university of melbourne,department of microbiology and immunology
Australia,165779595,university of melbourne,university of melbourne,department of obstetrics and gynaecology
Australia,165779595,university of melbourne,university of melbourne,department of psychiatry
Australia,165779595,university of melbourne,university of melbourne,department of pathology
Australia,165779595,university of melbourne,university of melbourne,school of culture and communication
Australia,165779595,university of melbourne,university of melbourne,school of historical and philosophical studies history
Australia,165779595,university of melbourne,university of melbourne,school of languages and linguistics
Australia,165779595,university of melbourne,university of melbourne,united faculty of theology
Australia,165779595,university of melbourne,university of melbourne,northwest academic centre western clinical school
Australia,165779595,university of melbourne,university of melbourne,rural health academic centre
Australia,165779595,university of melbourne,university of melbourne,school of botany
Australia,165779595,university of melbourne,university of melbourne,melbourne school of engineering
Australia,165779595,university of melbourne,university of melbourne,melbourne law school
Australia,165779595,university of melbourne,university of melbourne,faculty of arts
Australia,165779595,university of melbourne,university of melbourne,faculty of fine arts and music
Australia,129604602,university of sydney,university of sydney,school of rural health
Australia,129604602,university of sydney,university of sydney,yooroang garang indigenous student support unit
Australia,129604602,university of sydney,university of sydney,northern clinical school
Australia,129604602,university of sydney,university of sydney,northern clinical school department of psychological medicine
Australia,129604602,university of sydney,university of sydney,asian studies program
Australia,129604602,university of sydney,university of sydney,central clinical school
Australia,129604602,university of sydney,university of sydney,concord clinical school
Australia,129604602,university of sydney,university of sydney,department of art history and film studies
Australia,129604602,university of sydney,university of sydney,department of chinese studies
Australia,129604602,university of sydney,university of sydney,department of english
Australia,129604602,university of sydney,university of sydney,department of classics and ancient history
Australia,129604602,university of sydney,university of sydney,department of government and international relations
Australia,129604602,university of sydney,university of sydney,department of hebrew biblical and jewish studies
Australia,129604602,university of sydney,university of sydney,department of linguistics
Australia,129604602,university of sydney,university of sydney,department of history
Australia,129604602,university of sydney,university of sydney,department of performance studies
Australia,129604602,university of sydney,university of sydney,department of pharmacology
Australia,129604602,university of sydney,university of sydney,department of philosophy
Australia,129604602,university of sydney,university of sydney,department of political economy
Australia,129604602,university of sydney,university of sydney,department of sociology and social policy
Australia,129604602,university of sydney,university of sydney,graduate school of government
Australia,129604602,university of sydney,university of sydney,molecular biotechnology program
Australia,129604602,university of sydney,university of sydney,school of information technologies
Australia,129604602,university of sydney,university of sydney,school of languages and cultures
Australia,129604602,university of sydney,university of sydney,school of letters art and media
Australia,129604602,university of sydney,university of sydney,school of medical sciences
Australia,129604602,university of sydney,university of sydney,school of philosophical and historical inquiry
Australia,129604602,university of sydney,university of sydney,school of public health
Australia,129604602,university of sydney,university of sydney,school of social and political sciences
Australia,129604602,university of sydney,university of sydney,screening and diagnostic test evaluation program
Australia,129604602,university of sydney,university of sydney,sydney medical school nepean
Australia,129604602,university of sydney,university of sydney,westmead clinical school
Australia,129604602,university of sydney,university of sydney,adventist hospital clinical school
Australia,129604602,university of sydney,university of sydney,discipline of psychiatry westmead clinical school
Australia,129604602,university of sydney,university of sydney,faculty of medicine and health
Australia,129604602,university of sydney,university of sydney,sydney law school
Australia,129604602,university of sydney,university of sydney,sydney medical school
Australia,129604602,university of sydney,university of sydney,faculty of agriculture and environment
Australia,129604602,university of sydney,university of sydney,faculty of architecture design and planning
Australia,129604602,university of sydney,university of sydney,faculty of arts and social sciences
Australia,129604602,university of sydney,university of sydney,faculty of education and social work
Australia,129604602,university of sydney,university of sydney,faculty of engineering
Australia,129604602,university of sydney,university of sydney,faculty of health sciences
Australia,129604602,university of sydney,university of sydney,faculty of science
Australia,129604602,university of sydney,university of sydney,faculty of veterinary science
Australia,129604602,university of sydney,university of sydney,school of biological sciences
Australia,129604602,university of sydney,university of sydney,school of chemistry
Australia,129604602,university of sydney,university of sydney,school of geosciences
Australia,129604602,university of sydney,university of sydney,school of physics
Australia,129604602,university of sydney,university of sydney,school of psychology
Australia,129604602,university of sydney,faculty of science,school of mathematics and statistics
Australia,129604602,university of sydney,faculty of science,school of history and philosophy of science
Australia,78757542,university of newcastle,university of newcastle,faculty of education and arts
Australia,78757542,university of newcastle,university of newcastle,faculty of health
Australia,78757542,university of newcastle,university of newcastle,faculty of science and information technology
Australia,78757542,university of newcastle,university of newcastle,school of education
Australia,78757542,university of newcastle,university of newcastle,school of environmental and life sciences
Australia,78757542,university of newcastle,university of newcastle,school of health sciences
Australia,78757542,university of newcastle,university of newcastle,school of humanities and social science
Australia,78757542,university of newcastle,university of newcastle,school of mathematical and physical sciences
Australia,78757542,university of newcastle,university of newcastle,school of psychology
Australia,57093077,swinburne university of technology,swinburne university of technology,department of mathematics
Australia,165143802,university of queensland,university of queensland,school of agriculture and food sciences saint lucia c us
Australia,165143802,university of queensland,university of queensland,division of genomics and computational biology
Australia,165143802,university of queensland,university of queensland,faculty of science
Australia,165143802,university of queensland,university of queensland,school of architecture
Australia,165143802,university of queensland,university of queensland,school of chemistry and molecular biosciences
Australia,165143802,university of queensland,university of queensland,school of health and rehabilitation sciences
Australia,165143802,university of queensland,university of queensland,school of historical and philosophical inquiry
Australia,165143802,university of queensland,university of queensland,school of languages and cultures
Australia,165143802,university of queensland,university of queensland,school of mathematics and physics
Australia,165143802,university of queensland,university of queensland,school of public health
Australia,165143802,university of queensland,university of queensland,school of political science and international studies
Australia,165143802,university of queensland,university of queensland,northside clinical school
Australia,165143802,university of queensland,university of queensland,greenslopes clinical school
Australia,165143802,university of queensland,university of queensland,faculty of health and behavioural sciences
Australia,165143802,university of queensland,university of queensland,faculty of medicine and biomedical sciences
Australia,165143802,university of queensland,university of queensland,public health disciplinary group
Australia,165143802,university of queensland,university of queensland,school of medicine royal brisbane clinical school
Australia,165143802,university of queensland,university of queensland,ipswich clinical school
Australia,165143802,university of queensland,university of queensland,australasian centre on ageing
Australia,165143802,university of queensland,university of queensland,faculty of business economics and law
Australia,165143802,university of queensland,university of queensland,faculty of humanities and social sciences
Australia,165143802,university of queensland,university of queensland,occupational health and safety division
Australia,165143802,university of queensland,university of queensland,school of biological sciences
Australia,165143802,university of queensland,university of queensland,school of communication and arts
Australia,165143802,university of queensland,university of queensland,school of earth sciences
Australia,165143802,university of queensland,university of queensland,school of human movement and nutrition sciences
Australia,165143802,university of queensland,university of queensland,school of information technology and electrical engineering
Australia,165143802,university of queensland,university of queensland,school of music
Australia,165143802,university of queensland,university of queensland,school of psychology
Australia,165143802,university of queensland,university of queensland,school of social science
Australia,165143802,university of queensland,university of queensland,mater clinical school
Australia,165143802,university of queensland,university of queensland,pa southside clinical school
Canada,67031392,carleton university,carleton university,department of history
Canada,67031392,carleton university,carleton university,department of biology
Canada,67031392,carleton university,carleton university,department of economics
Canada,67031392,carleton university,carleton university,department of psychology
Canada,67031392,carleton university,carleton university,department of english language and literature
Canada,67031392,carleton university,carleton university,faculty of arts and social sciences
Canada,67031392,carleton university,carleton university,department of sociology and anthropology
Canada,67031392,carleton university,carleton university,faculty of graduate and postdoctoral affairs
Canada,67031392,carleton university,carleton university,faculty of public affairs
Canada,67031392,carleton university,carleton university,faculty of science
Canada,67031392,carleton university,carleton university,school for studies in art and culture
Canada,67031392,carleton university,carleton university,school of computer science
Canada,67031392,carleton university,carleton university,school of journalism and communication
Canada,67031392,carleton university,carleton university,school of linguistics and language studies
Canada,67031392,carleton university,carleton university,school of mathematics and statistics
Canada,67031392,carleton university,carleton university,school of social work
Canada,67031392,carleton university,carleton university,faculty of public and global affairs
Canada,67031392,carleton university,carleton university,faculty of engineering and design
Canada,151746483,university of waterloo,university of waterloo,department of anthropology
Canada,151746483,university of waterloo,university of waterloo,department of applied mathematics
Canada,151746483,university of waterloo,university of waterloo,department of biology
Canada,151746483,university of waterloo,university of waterloo,department of chemistry
Canada,151746483,university of waterloo,university of waterloo,department of classical studies
Canada,151746483,university of waterloo,university of waterloo,department of combinatorics and optimization
Canada,151746483,university of waterloo,university of waterloo,department of drama and speech communication
Canada,151746483,university of waterloo,university of waterloo,department of east asian studies
Canada,151746483,university of waterloo,university of waterloo,department of economics
Canada,151746483,university of waterloo,university of waterloo,department of environment and resource studies
Canada,151746483,university of waterloo,university of waterloo,department of fine arts
Canada,151746483,university of waterloo,university of waterloo,department of french studies
Canada,151746483,university of waterloo,university of waterloo,department of history
Canada,151746483,university of waterloo,university of waterloo,department of kinesiology
Canada,151746483,university of waterloo,university of waterloo,department of music
Canada,151746483,university of waterloo,university of waterloo,department of peace and conflict studies
Canada,151746483,university of waterloo,university of waterloo,department of philosophy
Canada,151746483,university of waterloo,university of waterloo,department of physics and astronomy
Canada,151746483,university of waterloo,university of waterloo,department of political science
Canada,151746483,university of waterloo,university of waterloo,department of psychology
Canada,151746483,university of waterloo,university of waterloo,department of pure mathematics
Canada,151746483,university of waterloo,university of waterloo,department of recreation and leisure studies
Canada,151746483,university of waterloo,university of waterloo,department of religious studies
Canada,151746483,university of waterloo,university of waterloo,department of social development studies
Canada,151746483,university of waterloo,university of waterloo,department of sexuality marriage and family studies
Canada,151746483,university of waterloo,university of waterloo,department of sociology and legal studies
Canada,151746483,university of waterloo,university of waterloo,department of spanish and latin american studies
Canada,151746483,university of waterloo,university of waterloo,department of statistics and actuarial science
Canada,151746483,university of waterloo,university of waterloo,department of women s studies
Canada,151746483,university of waterloo,university of waterloo,school of planning
Canada,151746483,university of waterloo,university of waterloo,school of public health and health systems
Canada,151746483,university of waterloo,university of waterloo,school of social work
Canada,151746483,university of waterloo,university of waterloo,department of earth and environmental sciences
Canada,151746483,university of waterloo,university of waterloo,department of english language and literature
Canada,151746483,university of waterloo,university of waterloo,department of germanic and slavic studies
Canada,151746483,university of waterloo,university of waterloo,faculty of engineering
Canada,151746483,university of waterloo,university of waterloo,faculty of mathematics
Canada,151746483,university of waterloo,faculty of engineering,department of chemical engineering
Canada,151746483,university of waterloo,faculty of engineering,department of electrical and computer engineering
Canada,168635309,university of calgary,university of calgary,department of anthropology and archaeology
Canada,168635309,university of calgary,university of calgary,department of biochemistry and molecular biology
Canada,168635309,university of calgary,university of calgary,department of biological sciences
Canada,168635309,university of calgary,university of calgary,department of chemistry
Canada,168635309,university of calgary,university of calgary,department of clinical neurosciences
Canada,168635309,university of calgary,university of calgary,department of communication media and film
Canada,168635309,university of calgary,university of calgary,department of community health sciences
Canada,168635309,university of calgary,university of calgary,department of economics
Canada,168635309,university of calgary,university of calgary,department of family medicine
Canada,168635309,university of calgary,university of calgary,department of geoscience
Canada,168635309,university of calgary,university of calgary,department of history
Canada,168635309,university of calgary,university of calgary,department of mathematics and statistics
Canada,168635309,university of calgary,university of calgary,department of microbiology and infectious disease
Canada,168635309,university of calgary,university of calgary,department of obstetrics and gynaecology
Canada,168635309,university of calgary,university of calgary,department of oncology
Canada,168635309,university of calgary,university of calgary,department of paediatrics post graduate medical education
Canada,168635309,university of calgary,university of calgary,department of physiology and pharmacology
Canada,168635309,university of calgary,university of calgary,department of psychiatry
Canada,168635309,university of calgary,university of calgary,department of psychology
Canada,168635309,university of calgary,university of calgary,department of sociology
Canada,168635309,university of calgary,university of calgary,faculty of environmental design
Canada,168635309,university of calgary,university of calgary,faculty of graduate studies
Canada,168635309,university of calgary,university of calgary,faculty of kinesiology
Canada,168635309,university of calgary,university of calgary,faculty of science
Canada,168635309,university of calgary,university of calgary,faculty of social work
Canada,168635309,university of calgary,university of calgary,faculty of social work central and northern alberta region
Canada,168635309,university of calgary,university of calgary,schulich school of engineering
Canada,168635309,university of calgary,schulich school of engineering,department of biomedical engineering
Canada,168635309,university of calgary,schulich school of engineering,department of electrical and software engineering
Canada,168635309,university of calgary,faculty of veterinary medicine,department of ecosystem and public health
Canada,106938459,university of new brunswick,university of new brunswick,department of french
Canada,106938459,university of new brunswick,university of new brunswick,faculty of education
Canada,106938459,university of new brunswick,university of new brunswick,fredericton department of chemistry
Canada,106938459,university of new brunswick,university of new brunswick,fredericton department of earth sciences
Canada,106938459,university of new brunswick,university of new brunswick,fredericton department of english
Canada,106938459,university of new brunswick,university of new brunswick,fredericton department of history
Canada,106938459,university of new brunswick,university of new brunswick,fredericton department of mathematics and statistics
Canada,106938459,university of new brunswick,university of new brunswick,fredericton department of philosophy
Canada,106938459,university of new brunswick,university of new brunswick,fredericton department of physics
Canada,106938459,university of new brunswick,university of new brunswick,fredericton department of sociology
Canada,106938459,university of new brunswick,university of new brunswick,fredericton faculty of arts
Canada,106938459,university of new brunswick,university of new brunswick,fredericton faculty of computer science
Canada,106938459,university of new brunswick,university of new brunswick,fredericton faculty of forestry and environmental management
Canada,106938459,university of new brunswick,university of new brunswick,fredericton faculty of kinesiology
Canada,106938459,university of new brunswick,university of new brunswick,fredericton faculty of science
Canada,106938459,university of new brunswick,university of new brunswick,faculty of law
Canada,151934421,university of northern british columbia,university of northern british columbia,college of art social and health studies
Canada,151934421,university of northern british columbia,university of northern british columbia,college of science and management
Canada,151934421,university of northern british columbia,university of northern british columbia,department of psychology
Canada,46247651,university of manitoba,university of manitoba,college of medical rehabilitation
Canada,46247651,university of manitoba,university of manitoba,department of agribusiness and agricultural economics
Canada,46247651,university of manitoba,university of manitoba,department of anesthesia and perioperative medicine
Canada,46247651,university of manitoba,university of manitoba,department of biological sciences
Canada,46247651,university of manitoba,university of manitoba,department of chemistry
Canada,46247651,university of manitoba,university of manitoba,department of clinical psychology
Canada,46247651,university of manitoba,university of manitoba,department of community health sciences
Canada,46247651,university of manitoba,university of manitoba,department of family social sciences
Canada,46247651,university of manitoba,university of manitoba,department of french spanish and italian
Canada,46247651,university of manitoba,university of manitoba,department of geological sciences
Canada,46247651,university of manitoba,university of manitoba,department of german and slavic studies
Canada,46247651,university of manitoba,university of manitoba,department of history
Canada,46247651,university of manitoba,university of manitoba,department of internal medicine
Canada,46247651,university of manitoba,university of manitoba,department of pediatrics and child health
Canada,46247651,university of manitoba,university of manitoba,department of plant science
Canada,46247651,university of manitoba,university of manitoba,department of psychology
Canada,46247651,university of manitoba,university of manitoba,department of sociology
Canada,46247651,university of manitoba,university of manitoba,department of statistics
Canada,46247651,university of manitoba,university of manitoba,department of surgery
Canada,46247651,university of manitoba,university of manitoba,faculty of agricultural and food sciences
Canada,46247651,university of manitoba,university of manitoba,faculty of architecture
Canada,46247651,university of manitoba,university of manitoba,faculty of arts
Canada,46247651,university of manitoba,university of manitoba,faculty of graduate studies
Canada,46247651,university of manitoba,university of manitoba,faculty of human ecology
Canada,46247651,university of manitoba,university of manitoba,faculty of social work
Canada,46247651,university of manitoba,university of manitoba,faculty of kinesiology and recreation management
Canada,204722609,queen s university,queen s university,department of anesthesiology and perioperative medicine
Canada,204722609,queen s university,queen s university,department of biomedical and molecular sciences
Canada,204722609,queen s university,queen s university,department of english
Canada,204722609,queen s university,queen s university,department of family medicine
Canada,204722609,queen s university,queen s university,department of film and media studies
Canada,204722609,queen s university,queen s university,department of french studies
Canada,204722609,queen s university,queen s university,department of mathematics and statistics
Canada,204722609,queen s university,queen s university,department of pathology and molecular medicine
Canada,204722609,queen s university,queen s university,department of philosophy
Canada,204722609,queen s university,queen s university,department of political studies
Canada,204722609,queen s university,queen s university,department of sociology
Canada,204722609,queen s university,queen s university,faculty of health sciences
Canada,204722609,queen s university,queen s university,school of graduate studies
Canada,204722609,queen s university,queen s university,school of kinesiology and health studies
Canada,204722609,queen s university,queen s university,school of music
Canada,204722609,queen s university,queen s university,school of rehabilitation therapy
Canada,204722609,queen s university,queen s university,school of urban and regional planning
Canada,204722609,queen s university,queen s university,queens university faculty of education
Canada,204722609,queen s university,queen s university,school of computing
Canada,32625721,university of saskatchewan,university of saskatchewan,college of education
Canada,32625721,university of saskatchewan,university of saskatchewan,college of graduate studies and research
Canada,32625721,university of saskatchewan,university of saskatchewan,college of kinesiology
Canada,32625721,university of saskatchewan,university of saskatchewan,department of anesthesia perioperative medicine and pain management
Canada,32625721,university of saskatchewan,university of saskatchewan,department of biology
Canada,32625721,university of saskatchewan,university of saskatchewan,department of chemistry
Canada,32625721,university of saskatchewan,university of saskatchewan,department of community health and epidemiology
Canada,32625721,university of saskatchewan,university of saskatchewan,department of computer science
Canada,32625721,university of saskatchewan,university of saskatchewan,department of curriculum studies
Canada,32625721,university of saskatchewan,university of saskatchewan,department of educational administration
Canada,32625721,university of saskatchewan,university of saskatchewan,department of english
Canada,32625721,university of saskatchewan,university of saskatchewan,department of history
Canada,32625721,university of saskatchewan,university of saskatchewan,department of plant sciences
Canada,32625721,university of saskatchewan,university of saskatchewan,department of political studies
Canada,32625721,university of saskatchewan,university of saskatchewan,school of environment and sustainability
Canada,32625721,university of saskatchewan,university of saskatchewan,college of arts and science
Canada,32625721,university of saskatchewan,university of saskatchewan,department of economics
Canada,32625721,university of saskatchewan,university of saskatchewan,department of microbiology and immunology
Canada,32625721,university of saskatchewan,university of saskatchewan,department of psychiatry
Canada,32625721,university of saskatchewan,university of saskatchewan,department of psychology
Canada,32625721,university of saskatchewan,university of saskatchewan,department of surgery
Canada,32625721,university of saskatchewan,university of saskatchewan,school of public health
Canada,159129438,université du québec à montréal,université du québec à montréal,canadian research institute on humanitarian crisis and aid
Canada,107949126,university of lethbridge,university of lethbridge,department of modern languages
Canada,107949126,university of lethbridge,university of lethbridge,department of biological sciences
Canada,107949126,university of lethbridge,university of lethbridge,department of women and gender studies
Canada,107949126,university of lethbridge,university of lethbridge,faculty of arts and science
Canada,107949126,university of lethbridge,university of lethbridge,faculty of fine arts
Canada,107949126,university of lethbridge,university of lethbridge,school of graduate studies
Canada,107949126,university of lethbridge,university of lethbridge,faculty of health sciences
Canada,107949126,university of lethbridge,university of lethbridge,faculty of education
Canada,130438778,memorial university of newfoundland,memorial university of newfoundland,memorial university department of chemistry
Canada,130438778,memorial university of newfoundland,memorial university of newfoundland,memorial university department of ocean sciences
Canada,130438778,memorial university of newfoundland,memorial university of newfoundland,department of biology
Canada,130438778,memorial university of newfoundland,memorial university of newfoundland,department of computer science
Canada,130438778,memorial university of newfoundland,memorial university of newfoundland,department of english language and literature
Canada,130438778,memorial university of newfoundland,memorial university of newfoundland,department of folklore
Canada,130438778,memorial university of newfoundland,memorial university of newfoundland,department of history
Canada,130438778,memorial university of newfoundland,memorial university of newfoundland,department of mathematics and statistics
Canada,130438778,memorial university of newfoundland,memorial university of newfoundland,department of political science
Canada,130438778,memorial university of newfoundland,memorial university of newfoundland,department of sociology
Canada,130438778,memorial university of newfoundland,memorial university of newfoundland,faculty of arts
Canada,130438778,memorial university of newfoundland,memorial university of newfoundland,faculty of education
Canada,130438778,memorial university of newfoundland,memorial university of newfoundland,faculty of science
Canada,130438778,memorial university of newfoundland,memorial university of newfoundland,school of human kinetics and recreation
Canada,130438778,memorial university of newfoundland,memorial university of newfoundland,school of music
Canada,130438778,memorial university of newfoundland,memorial university of newfoundland,school of social work
Canada,5023651,mcgill university,mcgill university,department of medicine
Canada,5023651,mcgill university,mcgill university,department of anthropology
Canada,5023651,mcgill university,mcgill university,department of art history and communication studies
Canada,5023651,mcgill university,mcgill university,department of biology
Canada,5023651,mcgill university,mcgill university,department of chemistry
Canada,5023651,mcgill university,mcgill university,department of economics
Canada,5023651,mcgill university,mcgill university,department of educational and counselling psychology
Canada,5023651,mcgill university,mcgill university,department of english
Canada,5023651,mcgill university,mcgill university,department of epidemiology biostatistics and occupational health
Canada,5023651,mcgill university,mcgill university,department of history and classical studies
Canada,5023651,mcgill university,mcgill university,department of jewish studies
Canada,5023651,mcgill university,mcgill university,department of linguistics
Canada,5023651,mcgill university,mcgill university,department of obstetrics and gynecology
Canada,5023651,mcgill university,mcgill university,department of oncology
Canada,5023651,mcgill university,mcgill university,department of pediatrics
Canada,5023651,mcgill university,mcgill university,department of physiology
Canada,5023651,mcgill university,mcgill university,department of political science
Canada,5023651,mcgill university,mcgill university,department of psychiatry
Canada,5023651,mcgill university,mcgill university,department of psychology
Canada,5023651,mcgill university,mcgill university,department of sociology
Canada,5023651,mcgill university,mcgill university,school of communication sciences and disorders
Canada,5023651,mcgill university,mcgill university,school of continuing studies
Canada,5023651,mcgill university,mcgill university,school of social work
Canada,5023651,mcgill university,mcgill university,department of agricultural economics
Canada,5023651,mcgill university,mcgill university,department of animal science
Canada,5023651,mcgill university,mcgill university,department of plant science
Canada,5023651,mcgill university,mcgill university,faculty of agriculture and environment
Canada,5023651,mcgill university,mcgill university,faculty of science
Canada,5023651,mcgill university,mcgill university,faculty of law
Canada,5023651,mcgill university,mcgill university,faculty of dentistry
Canada,5023651,mcgill university,mcgill university,faculty of education
Canada,5023651,mcgill university,mcgill university,faculty of engineering
Canada,5023651,mcgill university,mcgill university,institute of islamic studies
Canada,5023651,mcgill university,mcgill university,department of philosophy
Canada,5023651,mcgill university,faculty of engineering,department of civil engineering
Canada,5023651,mcgill university,faculty of engineering,department of chemical engineering
Canada,5023651,mcgill university,faculty of engineering,department of mechanical engineering
Canada,5023651,mcgill university,faculty of engineering,mcgill school of architecture
Canada,5023651,mcgill university,faculty of engineering,department of electrical and computer engineering
Canada,18014758,simon fraser university,simon fraser university,department of biological sciences
Canada,18014758,simon fraser university,simon fraser university,department of biomedical physiology and kinesiology
Canada,18014758,simon fraser university,simon fraser university,department of chemistry
Canada,18014758,simon fraser university,simon fraser university,department of earth sciences
Canada,18014758,simon fraser university,simon fraser university,department of economics
Canada,18014758,simon fraser university,simon fraser university,department of french
Canada,18014758,simon fraser university,simon fraser university,department of gender sexuality and women s studies
Canada,18014758,simon fraser university,simon fraser university,department of history
Canada,18014758,simon fraser university,simon fraser university,department of mathematics
Canada,18014758,simon fraser university,simon fraser university,department of molecular biology and biochemistry
Canada,18014758,simon fraser university,simon fraser university,faculty of applied sciences
Canada,18014758,simon fraser university,simon fraser university,department of psychology
Canada,18014758,simon fraser university,simon fraser university,department of sociology and anthropology
Canada,18014758,simon fraser university,simon fraser university,faculty of arts and social sciences
Canada,18014758,simon fraser university,simon fraser university,faculty of education
Canada,18014758,simon fraser university,simon fraser university,faculty of environment
Canada,18014758,simon fraser university,simon fraser university,faculty of science
Canada,18014758,simon fraser university,simon fraser university,faculty of health sciences
Canada,18014758,simon fraser university,simon fraser university,school of resource and environmental management
Canada,18014758,simon fraser university,simon fraser university,department of physics
Canada,18014758,simon fraser university,simon fraser university,school of computing science
Canada,66890659,saint mary s university,saint mary s university,department of biology
Canada,66890659,saint mary s university,saint mary s university,department of chemistry
Canada,66890659,saint mary s university,saint mary s university,department of english
Canada,66890659,saint mary s university,saint mary s university,department of philosophy
Canada,66890659,saint mary s university,saint mary s university,faculty of arts
Canada,66890659,saint mary s university,saint mary s university,faculty of science
Canada,39470171,ontario tech university,ontario tech university,university of ontario institute of technology faculty of social science and humanities
Canada,194028371,university of regina,university of regina,department of biology
Canada,194028371,university of regina,university of regina,department of chemistry and biochemistry
Canada,194028371,university of regina,university of regina,department of french
Canada,194028371,university of regina,university of regina,department of philosophy and classics
Canada,194028371,university of regina,university of regina,department of psychology
Canada,194028371,university of regina,university of regina,faculty of arts
Canada,194028371,university of regina,university of regina,faculty of education
Canada,194028371,university of regina,university of regina,faculty of kinesiology and health studies
Canada,194028371,university of regina,university of regina,faculty of science
Canada,60158472,concordia university,concordia university,department of biology
Canada,60158472,concordia university,concordia university,department of chemistry and biochemistry
Canada,60158472,concordia university,concordia university,department of computer science and software engineering
Canada,60158472,concordia university,concordia university,department of history
Canada,60158472,concordia university,concordia university,department of psychology
Canada,60158472,concordia university,concordia university,department of religion
Canada,60158472,concordia university,concordia university,faculty of arts and science
Canada,60158472,concordia university,concordia university,faculty of fine arts
Canada,60158472,concordia university,concordia university,school of community and public affairs
Canada,60158472,concordia university,concordia university,school of extended learning
Canada,60158472,concordia university,concordia university,school of graduate studies
Canada,60158472,concordia university,concordia university,department of communication studies
Canada,30108710,kwantlen polytechnic university,kwantlen polytechnic university,faculty of academic and career advancement
Canada,30108710,kwantlen polytechnic university,kwantlen polytechnic university,faculty of arts
Canada,30108710,kwantlen polytechnic university,kwantlen polytechnic university,faculty of trades and technology
Canada,30108710,kwantlen polytechnic university,kwantlen polytechnic university,school of horticulture
Canada,30108710,kwantlen polytechnic university,kwantlen polytechnic university,faculty of community and health studies
Canada,30108710,kwantlen polytechnic university,kwantlen polytechnic university,faculty of science and horticulture
Canada,30108710,kwantlen polytechnic university,kwantlen polytechnic university,faculty of social sciences
Canada,92688161,acadia university,acadia university,department of english and theatre
Canada,92688161,acadia university,acadia university,department of history and classics
Canada,92688161,acadia university,acadia university,department of psychology
Canada,92688161,acadia university,acadia university,faculty of arts
Canada,92688161,acadia university,acadia university,faculty of professional studies
Canada,92688161,acadia university,acadia university,faculty of pure and applied sciences
Canada,113281461,bishop s university,bishop s university,department of biology
Canada,113281461,bishop s university,bishop s university,department of chemistry
Canada,113281461,bishop s university,bishop s university,faculty of arts and science
Canada,113281461,bishop s university,bishop s university,school of education
Canada,52353378,laurentian university,laurentian university,department of biology
Canada,52353378,laurentian university,laurentian university,department of chemistry and biochemistry
Canada,52353378,laurentian university,laurentian university,department of computer science
Canada,52353378,laurentian university,laurentian university,department of forensic science
Canada,52353378,laurentian university,laurentian university,department of sociology
Canada,52353378,laurentian university,laurentian university,faculty of arts
Canada,52353378,laurentian university,laurentian university,faculty of professional schools
Canada,52353378,laurentian university,laurentian university,faculty of science and engineering
Canada,52353378,laurentian university,laurentian university,faculty of social sciences and humanities
Canada,52353378,laurentian university,laurentian university,school of human kinetics
Canada,52353378,laurentian university,laurentian university,department of earth science
Canada,52353378,laurentian university,laurentian university,department of economics
Canada,52353378,laurentian university,laurentian university,department of physics
Canada,179301192,mount saint vincent university,mount saint vincent university,department of psychology
Canada,160262251,thompson rivers university,thompson rivers university,department of biological sciences
Canada,160262251,thompson rivers university,thompson rivers university,faculty of science
Canada,70931966,université de montréal,faculty of arts and science of,department of political science of
Canada,70931966,université de montréal,université de montréal,faculty of continuing education of
Canada,216906400,crandall university,crandall university,department of psychology
Canada,216906400,crandall university,crandall university,faculty of arts
Canada,48890080,brandon university,brandon university,department of classical and modern languages
Canada,48890080,brandon university,brandon university,department of philosophy
Canada,48890080,brandon university,brandon university,department of psychology
Canada,48890080,brandon university,brandon university,faculty of arts
Canada,48890080,brandon university,brandon university,faculty of health studies
Canada,48890080,brandon university,brandon university,faculty of science
Canada,129902397,dalhousie university,dalhousie university,college of continuing education
Canada,129902397,dalhousie university,dalhousie university,college of sustainability
Canada,129902397,dalhousie university,dalhousie university,department of anesthesia
Canada,129902397,dalhousie university,dalhousie university,department of biochemistry and molecular biology
Canada,129902397,dalhousie university,dalhousie university,department of bioethics
Canada,129902397,dalhousie university,dalhousie university,department of biology
Canada,129902397,dalhousie university,dalhousie university,department of chemistry
Canada,129902397,dalhousie university,dalhousie university,department of community health and epidemiology
Canada,129902397,dalhousie university,dalhousie university,department of diagnostic radiology
Canada,129902397,dalhousie university,dalhousie university,department of earth sciences
Canada,129902397,dalhousie university,dalhousie university,department of economics
Canada,129902397,dalhousie university,dalhousie university,department of emergency medicine
Canada,129902397,dalhousie university,dalhousie university,department of family medicine
Canada,129902397,dalhousie university,dalhousie university,department of mathematics and statistics
Canada,129902397,dalhousie university,dalhousie university,department of medical neurobiology
Canada,129902397,dalhousie university,dalhousie university,department of medicine
Canada,129902397,dalhousie university,dalhousie university,department of microbiology and immunology
Canada,129902397,dalhousie university,dalhousie university,department of obstetrics and gynaecology
Canada,129902397,dalhousie university,dalhousie university,department of oceanography
Canada,129902397,dalhousie university,dalhousie university,department of ophthalmology and visual sciences
Canada,129902397,dalhousie university,dalhousie university,department of pathology
Canada,129902397,dalhousie university,dalhousie university,department of pediatrics
Canada,129902397,dalhousie university,dalhousie university,department of philosophy
Canada,129902397,dalhousie university,dalhousie university,department of physics and atmospheric science
Canada,129902397,dalhousie university,dalhousie university,department of physiology and biophysics
Canada,129902397,dalhousie university,dalhousie university,department of political science
Canada,129902397,dalhousie university,dalhousie university,department of psychiatry
Canada,129902397,dalhousie university,dalhousie university,department of radiation oncology
Canada,129902397,dalhousie university,dalhousie university,department of surgery
Canada,129902397,dalhousie university,dalhousie university,department of urology
Canada,129902397,dalhousie university,dalhousie university,faculty of architecture and planning
Canada,129902397,dalhousie university,dalhousie university,faculty of arts and social sciences
Canada,129902397,dalhousie university,dalhousie university,faculty of health professions
Canada,129902397,dalhousie university,dalhousie university,school for resource and environmental studies
Canada,129902397,dalhousie university,dalhousie university,school of biomedical engineering
Canada,129902397,dalhousie university,dalhousie university,school of health administration
Canada,129902397,dalhousie university,dalhousie university,school of health and human performance
Canada,129902397,dalhousie university,dalhousie university,school of social work
Canada,129902397,dalhousie university,dalhousie university,faculty of graduate studies
Canada,530967,toronto metropolitan university,toronto metropolitan university,ryerson university department of economics
Canada,530967,toronto metropolitan university,toronto metropolitan university,ryerson university department of language literatures and cultures
Canada,530967,toronto metropolitan university,toronto metropolitan university,ryerson university department of philosophy
Canada,530967,toronto metropolitan university,toronto metropolitan university,creative school
Canada,530967,toronto metropolitan university,toronto metropolitan university,ryerson university faculty of community services
Canada,530967,toronto metropolitan university,toronto metropolitan university,ryerson university department of politics and public administration
Canada,530967,toronto metropolitan university,toronto metropolitan university,ryerson university department of geography
Canada,153718931,university of ottawa,faculty of science,department of biology
Canada,153718931,university of ottawa,faculty of arts,department of philosophy
Canada,153718931,university of ottawa,faculty of engineering,school of engineering design and teaching innovation
Canada,153718931,university of ottawa,faculty of engineering,school of electrical engineering and computer science
Canada,153718931,university of ottawa,faculty of engineering,department of civil engineering
Canada,153718931,university of ottawa,university of ottawa,faculty of science
Canada,153718931,university of ottawa,university of ottawa,department of anesthesiology
Canada,153718931,university of ottawa,university of ottawa,department of biochemistry microbiology and immunology
Canada,153718931,university of ottawa,university of ottawa,department of cellular and molecular medicine
Canada,153718931,university of ottawa,university of ottawa,department of chemistry
Canada,153718931,university of ottawa,university of ottawa,department of classics and religious studies
Canada,153718931,university of ottawa,university of ottawa,department of department of obstetrics gynecology
Canada,153718931,university of ottawa,university of ottawa,department of earth sciences
Canada,153718931,university of ottawa,university of ottawa,department of economics
Canada,153718931,university of ottawa,university of ottawa,department of epidemiology and community medicine
Canada,153718931,university of ottawa,university of ottawa,department of family medicine
Canada,153718931,university of ottawa,university of ottawa,department of mathematics and statistics
Canada,153718931,university of ottawa,university of ottawa,department of pathology and laboratory medicine
Canada,153718931,university of ottawa,university of ottawa,department of pediatrics
Canada,153718931,university of ottawa,university of ottawa,department of physics
Canada,153718931,university of ottawa,university of ottawa,department of psychiatry
Canada,153718931,university of ottawa,university of ottawa,faculty of arts
Canada,153718931,university of ottawa,university of ottawa,faculty of education
Canada,153718931,university of ottawa,university of ottawa,faculty of graduate and postdoctoral studies
Canada,153718931,university of ottawa,university of ottawa,faculty of health sciences
Canada,153718931,university of ottawa,university of ottawa,school of human kinetics
Canada,153718931,university of ottawa,university of ottawa,school of information studies
Canada,153718931,university of ottawa,university of ottawa,school of international development and global studies
Canada,153718931,university of ottawa,university of ottawa,school of political studies
Canada,153718931,university of ottawa,university of ottawa,school of psychology
Canada,153718931,university of ottawa,university of ottawa,school of rehabilitation sciences
Canada,153718931,university of ottawa,university of ottawa,school of social work
Canada,153718931,university of ottawa,university of ottawa,school of translation and interpretation
Canada,153718931,university of ottawa,university of ottawa,department of history
Canada,153718931,university of ottawa,university of ottawa,faculty of engineering
Canada,153718931,university of ottawa,university of ottawa,faculty of social sciences
Canada,153718931,university of ottawa,university of ottawa,faculty of law
Canada,154425047,university of alberta,university of alberta,department of anesthesiology and pain medicine
Canada,154425047,university of alberta,university of alberta,department of anthropology
Canada,154425047,university of alberta,university of alberta,department of art and design
Canada,154425047,university of alberta,university of alberta,department of biochemistry
Canada,154425047,university of alberta,university of alberta,department of biological sciences
Canada,154425047,university of alberta,university of alberta,department of chemistry
Canada,154425047,university of alberta,university of alberta,department of computing science
Canada,154425047,university of alberta,university of alberta,department of earth and atmospheric sciences
Canada,154425047,university of alberta,university of alberta,department of educational psychology
Canada,154425047,university of alberta,university of alberta,department of elementary education
Canada,154425047,university of alberta,university of alberta,department of family medicine
Canada,154425047,university of alberta,university of alberta,department of history and classics
Canada,154425047,university of alberta,university of alberta,department of human ecology
Canada,154425047,university of alberta,university of alberta,department of linguistics
Canada,154425047,university of alberta,university of alberta,department of mathematics and statistical studies
Canada,154425047,university of alberta,university of alberta,department of obstetrics and gynecology
Canada,154425047,university of alberta,university of alberta,department of medicine
Canada,154425047,university of alberta,university of alberta,department of oncology
Canada,154425047,university of alberta,university of alberta,department of pediatrics
Canada,154425047,university of alberta,university of alberta,department of ophthalmology
Canada,154425047,university of alberta,university of alberta,department of philosophy
Canada,154425047,university of alberta,university of alberta,department of physics
Canada,154425047,university of alberta,university of alberta,department of psychiatry
Canada,154425047,university of alberta,university of alberta,department of radiology and diagnostic imaging
Canada,154425047,university of alberta,university of alberta,department of psychology
Canada,154425047,university of alberta,university of alberta,department of renewable resources
Canada,154425047,university of alberta,university of alberta,department of resource economics and environmental sociology
Canada,154425047,university of alberta,university of alberta,department of speech pathology and audiology
Canada,154425047,university of alberta,university of alberta,department of surgery
Canada,154425047,university of alberta,university of alberta,department of women s and gender studies
Canada,154425047,university of alberta,university of alberta,faculty of agricultural life and environmental sciences
Canada,154425047,university of alberta,university of alberta,faculty of education
Canada,154425047,university of alberta,university of alberta,faculty of native studies
Canada,154425047,university of alberta,university of alberta,faculty of physical education and recreation
Canada,154425047,university of alberta,university of alberta,school of public health
Canada,154425047,university of alberta,university of alberta,faculty of arts
Canada,154425047,university of alberta,university of alberta,faculty of law
Canada,154425047,university of alberta,faculty of arts,department of english and film studies
Canada,888106322,northern college,northern college,haileybury school of mines
Canada,163902620,mount allison university,mount allison university,department of chemistry and biochemistry
Canada,163902620,mount allison university,mount allison university,department of psychology
Canada,163902620,mount allison university,mount allison university,department of sociology
Canada,163902620,mount allison university,mount allison university,faculty of arts
Canada,163902620,mount allison university,mount allison university,faculty of science
Canada,163902620,mount allison university,mount allison university,faculty of social sciences
Canada,28638086,vancouver island university,vancouver island university,department of english
Canada,28638086,vancouver island university,vancouver island university,faculty of academic and career preparation
Canada,28638086,vancouver island university,vancouver island university,faculty of arts and humanities
Canada,28638086,vancouver island university,vancouver island university,faculty of health and human services
Canada,79817857,university of guelph,university of guelph,college of arts
Canada,79817857,university of guelph,university of guelph,college of biological science
Canada,79817857,university of guelph,university of guelph,college of social and applied human sciences
Canada,79817857,university of guelph,university of guelph,department of chemistry
Canada,79817857,university of guelph,university of guelph,department of economics and finance
Canada,79817857,university of guelph,university of guelph,department of english and theatre studies
Canada,79817857,university of guelph,university of guelph,department of family relations and applied nutrition
Canada,79817857,university of guelph,university of guelph,department of history
Canada,79817857,university of guelph,university of guelph,department of integrative biology
Canada,79817857,university of guelph,university of guelph,department of molecular and cellular biology
Canada,79817857,university of guelph,university of guelph,department of philosophy
Canada,79817857,university of guelph,university of guelph,department of physics
Canada,79817857,university of guelph,university of guelph,department of plant agriculture
Canada,79817857,university of guelph,university of guelph,department of psychology
Canada,79817857,university of guelph,university of guelph,school of computer science
Canada,79817857,university of guelph,university of guelph,school of environmental sciences
Canada,79817857,university of guelph,university of guelph,college of physical and engineering science
China,75900474,hubei university,hubei university,school of life sciences
China,78988378,renmin university of china,renmin university of china,department of economics
China,78988378,renmin university of china,renmin university of china,school of economics
China,78988378,renmin university of china,renmin university of china,school of finance
China,78988378,renmin university of china,renmin university of china,school of public administration
China,78988378,renmin university of china,renmin university of china,school of statistics
China,78988378,renmin university of china,renmin university of china,school of international relations
China,47689461,northeast forestry university,northeast forestry university,college of economics and management
China,47689461,northeast forestry university,northeast forestry university,college of foreign languages
China,47689461,northeast forestry university,northeast forestry university,school of forestry
China,156144747,harbin medical university,harbin medical university,department of bioinformatics
China,156144747,harbin medical university,harbin medical university,department of child and adolescent health and maternal health care
China,156144747,harbin medical university,harbin medical university,school of humanities and social sciences
China,156144747,harbin medical university,harbin medical university,school of public health
China,37461747,wuhan university,wuhan university,faculty of humanities
China,37461747,wuhan university,wuhan university,faculty of social sciences
China,37461747,wuhan university,wuhan university,department of sociology
China,37461747,wuhan university,wuhan university,college of chemistry and molecular sciences
China,37461747,wuhan university,wuhan university,school of history
China,37461747,wuhan university,wuhan university,school of philosophy
China,37461747,wuhan university,wuhan university,school of basic medical sciences
China,37461747,wuhan university,wuhan university,school of political science and public administration
China,37461747,wuhan university,wuhan university,school of mathematics and statistics
China,37461747,wuhan university,wuhan university,college of chinese language and literature
China,37461747,wuhan university,wuhan university,school of economics and management
China,37461747,wuhan university,wuhan university,college of life sciences
China,37461747,wuhan university,wuhan university,electronic information school
China,37461747,wuhan university,wuhan university,school of remote sensing and information engineering
China,37461747,wuhan university,wuhan university,school of marxism
China,37461747,wuhan university,wuhan university,school of information management
China,37461747,wuhan university,wuhan university,school of law
China,50760025,hangzhou dianzi university,hangzhou dianzi university,college of foreign languages
China,94611258,hebei normal university,hebei normal university,college of education
China,94611258,hebei normal university,hebei normal university,college of life sciences
China,94611258,hebei normal university,hebei normal university,department of psychology
China,75955062,henan normal university,henan normal university,school of chemistry and chemical engineering
China,182707071,ludong university,ludong university,school of foreign languages
China,3132008074,huangshan university,huangshan university,college of life and environment sciences
China,109173049,beijing foreign studies university,beijing foreign studies university,school of chinese language and literature
China,191208505,xiamen university,xiamen university,college of humanities
China,191208505,xiamen university,xiamen university,department of history
China,191208505,xiamen university,xiamen university,school of economics
China,191208505,xiamen university,xiamen university,school of international relations research school for southeast asian studies
China,191208505,xiamen university,xiamen university,school of life sciences
China,14243506,hong kong polytechnic university,faculty of construction and environment,department of building and real estate
China,14243506,hong kong polytechnic university,faculty of engineering,department of computing
China,14243506,hong kong polytechnic university,faculty of engineering,department of mechanical engineering
China,14243506,hong kong polytechnic university,hong kong polytechnic university,faculty of construction and environment
China,14243506,hong kong polytechnic university,hong kong polytechnic university,faculty of engineering
China,140786321,tibet university,tibet university,school of sciences
China,113940042,shanghai university,shanghai university,school of foreign languages
China,113940042,shanghai university,shanghai university,school of life sciences
China,113940042,shanghai university,shanghai university,school of film and television arts and technology
China,177739611,yangtze university,yangtze university,college of animal science
China,9224756,northeastern university,northeastern university,school of humanities and law
China,29739308,guangxi normal university,guangxi normal university,school of chemistry and pharmaceutical sciences
China,40963666,central china normal university,central china normal university,department of chemistry
China,40963666,central china normal university,central china normal university,school of chemistry
China,40963666,central china normal university,central china normal university,huazhong normal university college of life sciences
China,40963666,central china normal university,central china normal university,huazhong normal university college of physical science and technology
China,27357992,dalian university of technology,dalian university of technology,department of chemistry
China,27357992,dalian university of technology,dalian university of technology,department of materials science and chemical engineering
China,152031979,nanjing normal university,nanjing normal university,school of life sciences
China,150807315,guangxi university,guangxi university,college of animal sciences and technology
China,889458895,university of hong kong,faculty of social sciences,department of psychology
China,889458895,university of hong kong,faculty of social sciences,department of social works and social administration
China,889458895,university of hong kong,faculty of social sciences,department of sociology
China,889458895,university of hong kong,faculty of social sciences,department of geography
China,889458895,university of hong kong,faculty of social sciences,department of politics and public administration
China,889458895,university of hong kong,faculty of architecture,department of architecture
China,889458895,university of hong kong,faculty of architecture,department of real estate and construction
China,889458895,university of hong kong,faculty of architecture,department of urban planning and design
China,889458895,university of hong kong,school of clinical medicine,department of family medicine and primary care
China,889458895,university of hong kong,school of clinical medicine,department of orthopaedics and traumatology
China,889458895,university of hong kong,school of clinical medicine,department of pathology
China,889458895,university of hong kong,school of clinical medicine,department of microbiology
China,889458895,university of hong kong,school of clinical medicine,department of obstetrics and gynaecology
China,889458895,university of hong kong,school of clinical medicine,department of psychiatry
China,889458895,university of hong kong,school of clinical medicine,department of ophthalmology
China,889458895,university of hong kong,school of clinical medicine,department of paediatrics and adolescent medicine
China,889458895,university of hong kong,school of humanities,department of art history
China,889458895,university of hong kong,school of humanities,department of linguistics
China,889458895,university of hong kong,school of humanities,department of music
China,889458895,university of hong kong,university of hong kong,department of ecology and biodiversity
China,889458895,university of hong kong,university of hong kong,faculty of social sciences
China,889458895,university of hong kong,university of hong kong,faculty of architecture
China,889458895,university of hong kong,university of hong kong,faculty of dentistry
China,889458895,university of hong kong,university of hong kong,faculty of science
China,889458895,university of hong kong,university of hong kong,faculty of arts
China,889458895,university of hong kong,university of hong kong,faculty of education
China,889458895,university of hong kong,university of hong kong,faculty of law
China,889458895,university of hong kong,faculty of dentistry,applied oral sciences and community dental care of the
China,889458895,university of hong kong,faculty of science,department of chemistry
China,889458895,university of hong kong,faculty of science,department of earth and planetary sciences
China,889458895,university of hong kong,faculty of science,department of physics
China,889458895,university of hong kong,faculty of science,department of mathematics
China,889458895,university of hong kong,faculty of science,school of biomedical engineering
China,889458895,university of hong kong,faculty of arts,school of modern languages and cultures
China,889458895,university of hong kong,faculty of arts,department of history
China,889458895,university of hong kong,faculty of arts,department of comparative literature
China,889458895,university of hong kong,faculty of arts,school of humanities
China,889458895,university of hong kong,faculty of arts,school of chinese
China,889458895,university of hong kong,li ka shing faculty of medicine,school of biomedical sciences
China,889458895,university of hong kong,li ka shing faculty of medicine,school of clinical medicine
China,889458895,university of hong kong,faculty of education,centre for information technology in education
China,889458895,university of hong kong,faculty of education,centre for advancement in inclusive and special education
China,204512498,university of macau,university of macau,department of government and public administration
China,204512498,university of macau,university of macau,department of psychology
China,204512498,university of macau,university of macau,faculty of education
China,204512498,university of macau,university of macau,faculty of science and technology
China,204512498,university of macau,university of macau,faculty of social sciences
China,204512498,university of macau,university of macau,honours college
China,39521962,hunan city university,hunan city university,school of architecture and urban planning
China,1297991670,southwest university of science and technology,southwest university of science and technology,school of foreign languages and cultures
China,4210115513,xi an university,xi an university,of arts and science department of foreign studies
China,149735164,hengyang normal university,hengyang normal university,nanyue college
China,25254941,beijing normal university,beijing normal university,college of life sciences
China,25254941,beijing normal university,beijing normal university,school of mathematical sciences
China,25254941,beijing normal university,beijing normal university,school of psychology
China,25254941,beijing normal university,beijing normal university,school of applied mathematics
China,10496686,shangrao normal university,shangrao normal university,school of foreign languages
China,20231570,peking university,peking university,college of chemistry and molecular engineering
China,20231570,peking university,peking university,college of urban and environmental sciences
China,20231570,peking university,peking university,department of biochemistry and molecular biology
China,20231570,peking university,peking university,department of ecology
China,20231570,peking university,peking university,department of english
China,20231570,peking university,peking university,department of mathematics
China,20231570,peking university,peking university,department of medical humanities
China,20231570,peking university,peking university,department of psychology
China,20231570,peking university,peking university,faculty of sciences
China,20231570,peking university,peking university,faculty of social sciences
China,20231570,peking university,peking university,school of earth and space sciences
China,20231570,peking university,peking university,school of economics
China,20231570,peking university,peking university,school of foreign languages
China,20231570,peking university,peking university,school of government
China,20231570,peking university,peking university,school of international studies
China,20231570,peking university,peking university,school of journalism and communications
China,20231570,peking university,peking university,school of life sciences
China,20231570,peking university,peking university,school of mathematical sciences
China,20231570,peking university,peking university,school of physics
China,20231570,peking university,peking university,school of software and microelectronics
China,20231570,peking university,peking university,school of stomatology
China,20231570,peking university,peking university,department of chinese language and literature
China,20231570,peking university,peking university,school of electronics engineering and computer science
China,20231570,peking university,peking university,college of chemistry and molecular engineering
China,20231570,peking university,peking university,college of engineering
China,20231570,peking university,peking university,school of mathematical sciences
China,20231570,peking university,peking university,school of life sciences
China,20231570,peking university,peking university,school of software microelectronics
China,20231570,peking university,peking university,department of information management
China,20231570,peking university,peking university,college of urban and environmental sciences of
China,20231570,peking university,peking university,college of architecture and landscape of
China,20231570,peking university,peking university,guanghua school of management
China,20231570,peking university,peking university,school of marxism
China,99065089,tsinghua university,tsinghua university,department of automation
China,99065089,tsinghua university,tsinghua university,department of building science and technology
China,99065089,tsinghua university,tsinghua university,department of engineering physics
China,99065089,tsinghua university,tsinghua university,department of international relations
China,99065089,tsinghua university,tsinghua university,department of mathematical sciences
China,99065089,tsinghua university,tsinghua university,department of sociology
China,99065089,tsinghua university,tsinghua university,school of humanities
China,99065089,tsinghua university,tsinghua university,school of information science and technology
China,99065089,tsinghua university,tsinghua university,school of journalism and communication
China,99065089,tsinghua university,tsinghua university,school of life sciences
China,99065089,tsinghua university,tsinghua university,school of sciences
China,99065089,tsinghua university,tsinghua university,school of social sciences
China,99065089,tsinghua university,tsinghua university,department of computer science and technology
China,99065089,tsinghua university,tsinghua university,school of humanities
China,99065089,tsinghua university,tsinghua university,department of chemistry
China,99065089,tsinghua university,tsinghua university,school of architecture
China,99065089,tsinghua university,tsinghua university,department of electronic engineering
China,99065089,tsinghua university,tsinghua university,department of philosophy
China,157773358,sun yat sen university,sun yat sen university,department of history
China,157773358,sun yat sen university,sun yat sen university,department of social sciences education
China,157773358,sun yat sen university,sun yat sen university,school of chemistry and chemical engineering
China,157773358,sun yat sen university,sun yat sen university,school of education
China,157773358,sun yat sen university,sun yat sen university,school of humanities
China,157773358,sun yat sen university,sun yat sen university,school of life science
China,157773358,sun yat sen university,sun yat sen university,school of software
China,157773358,sun yat sen university,sun yat sen university,zhongshan university school of public health
China,157773358,sun yat sen university,sun yat sen university,college of life sciences
China,119454577,nanjing agricultural university,nanjing agricultural university,college of agriculture
China,119454577,nanjing agricultural university,nanjing agricultural university,college of life sciences
China,119454577,nanjing agricultural university,nanjing agricultural university,college of plant protection
China,119454577,nanjing agricultural university,nanjing agricultural university,college of resources and environmental sciences
China,119454577,nanjing agricultural university,nanjing agricultural university,department of plant pathology
China,4210119042,gannan normal university,gannan normal university,school of foreign languages
China,145897649,minzu university of china,minzu university of china,school of economics
China,145897649,minzu university of china,minzu university of china,school of ethnology and sociology
China,180726961,shenzhen university,shenzhen university,college of arts
China,180726961,shenzhen university,shenzhen university,school of architecture and urban planning
China,180726961,shenzhen university,shenzhen university,school of foreign languages
China,180726961,shenzhen university,shenzhen university,school of humanities
China,76130692,zhejiang university,zhejiang university,college of agriculture and biotechnology
China,76130692,zhejiang university,zhejiang university,college of computer science and technology
China,76130692,zhejiang university,zhejiang university,college of economics
China,76130692,zhejiang university,zhejiang university,college of environment and resources studies
China,76130692,zhejiang university,zhejiang university,college of life sciences
China,76130692,zhejiang university,zhejiang university,college of media and international culture
China,76130692,zhejiang university,zhejiang university,college of software technology
China,76130692,zhejiang university,zhejiang university,department of bioinformatics
China,76130692,zhejiang university,zhejiang university,department of chemistry
China,76130692,zhejiang university,zhejiang university,department of control science and engineering
China,76130692,zhejiang university,zhejiang university,department of economics
China,76130692,zhejiang university,zhejiang university,department of horticulture
China,76130692,zhejiang university,zhejiang university,department of mathematics
China,76130692,zhejiang university,zhejiang university,department of plant protection
China,76130692,zhejiang university,zhejiang university,department of psychology and behavioural sciences
China,76130692,zhejiang university,zhejiang university,department of social medicine
China,76130692,zhejiang university,zhejiang university,faculty of agriculture life and environment sciences
China,76130692,zhejiang university,zhejiang university,faculty of arts and humanities
China,76130692,zhejiang university,zhejiang university,faculty of information technology
China,76130692,zhejiang university,zhejiang university,faculty of science
China,76130692,zhejiang university,zhejiang university,faculty of social sciences
China,76130692,zhejiang university,zhejiang university,school of biosystems engineering and food science
China,76130692,zhejiang university,zhejiang university,school of humanities
China,76130692,zhejiang university,zhejiang university,school of international studies
China,76130692,zhejiang university,zhejiang university,school of medicine first affiliated hospital department of chemotherapy
China,76130692,zhejiang university,zhejiang university,school of medicine stomatology hospital
China,76130692,zhejiang university,zhejiang university,school of medicine first affiliated hospital beilun branch
China,76130692,zhejiang university,zhejiang university,faculty of arts and humanities
China,76130692,zhejiang university,zhejiang university,faculty of agriculture life and environment
China,76130692,zhejiang university,zhejiang university,school of mathematics sciences
China,76130692,zhejiang university,zhejiang university,second affiliated hospital of  school of medicine
China,162868743,tianjin university,tianjin university,school of chemical engineering and technology
China,162868743,tianjin university,tianjin university,school of environmental science and engineering
China,162868743,tianjin university,tianjin university,school of science
China,162868743,tianjin university,tianjin university,georgia tech shenzhen institute
China,66867065,east china normal university,east china normal university,college of resources and environmental sciences
China,66867065,east china normal university,east china normal university,department of environmental sciences
China,66867065,east china normal university,east china normal university,department of mathematics
China,66867065,east china normal university,east china normal university,school of educational sciences
China,66867065,east china normal university,east china normal university,school of life sciences
China,66867065,east china normal university,east china normal university,school of science and engineering
China,66867065,east china normal university,east china normal university,school of chemistry and molecular engineering
China,120825670,yunnan normal university,yunnan normal university,school of education science and management
China,120825670,yunnan normal university,yunnan normal university,school of international chinese studies
China,24185976,sichuan university,sichuan university,college of mathematics
China,24185976,sichuan university,sichuan university,department of international economics and trade
China,24185976,sichuan university,sichuan university,school of economics
China,24185976,sichuan university,sichuan university,school of life sciences
China,24185976,sichuan university,sichuan university,the hong kong polytechnic university institute for disaster management and reconstruction
China,24185976,sichuan university,sichuan university,college of polymer science and engineering
China,82880672,beihang university,beihang university,school of biological science and medical engineering
China,71459812,beijing international studies university,beijing international studies university,school of english language literature and culture
China,75390827,beijing university of chemical technology,beijing university of chemical technology,college of life science and technology
China,102208913,shihezi university,shihezi university,college of agriculture
China,102208913,shihezi university,shihezi university,school of economics and management
China,143593769,east china university of science and technology,east china university of science and technology,school of chemistry and molecular engineering
China,3133055985,westlake university,westlake university,school of life sciences
China,204823248,huazhong agricultural university,huazhong agricultural university,huazhong agriculture university college of horticulture and forestry sciences
China,204823248,huazhong agricultural university,huazhong agricultural university,huazhong agriculture university department of horticulture
China,141649914,nanchang university,nanchang university,college of science and technology
China,141649914,nanchang university,nanchang university,department of mathematics
China,141649914,nanchang university,nanchang university,school of science
China,4800084,southwest jiaotong university,southwest jiaotong university,school of civil engineering
China,4800084,southwest jiaotong university,southwest jiaotong university,swjtu leeds joint school
China,180632629,xi an international studies university,xi an international studies university,xian international studies university school of chinese studies
China,76569877,southeast university,southeast university,department of mathematics
China,76569877,southeast university,southeast university,department of medical humanities
China,96852419,capital normal university,capital normal university,college of resources environment and tourism
China,96852419,capital normal university,capital normal university,college of fine arts
China,96852419,capital normal university,capital normal university,college of music
China,187400657,south china normal university,south china normal university,college of life sciences
China,187400657,south china normal university,south china normal university,school of information technology in education
China,173899330,henan university,henan university,college of life science
China,173899330,henan university,henan university,school of history and culture
China,184983240,northeast normal university,northeast normal university,college of humanities and sciences
China,184983240,northeast normal university,northeast normal university,school of chemistry
China,76214153,lanzhou university,lanzhou university,school of life sciences
China,111753288,fujian normal university,fujian normal university,college of foreign languages
China,21193070,beijing jiaotong university,beijing jiaotong university,school of electronic and information engineering
China,21193070,beijing jiaotong university,beijing jiaotong university,school of mathematics ans statistics
China,21193070,beijing jiaotong university,beijing jiaotong university,school of physical science and engineering
China,21193070,beijing jiaotong university,beijing jiaotong university,school of environment
China,80947539,fuzhou university,fuzhou university,college of biological science and engineering
China,80947539,fuzhou university,fuzhou university,school of architecture
China,46482218,anqing normal university,anqing normal university,school of foreign languages
China,31683504,beijing forestry university,beijing forestry university,college of biological sciences and biotechnology
China,31683504,beijing forestry university,beijing forestry university,school of landscape architecture
China,114234892,beijing union university,beijing union university,college of arts and science
China,24943067,fudan university,fudan university,college of mathematical science
China,24943067,fudan university,fudan university,department of applied mathematics
China,24943067,fudan university,fudan university,department of chemistry
China,24943067,fudan university,fudan university,department of mathematics
China,24943067,fudan university,fudan university,department of sociology
China,24943067,fudan university,fudan university,school of computer science
China,24943067,fudan university,fudan university,school of economics
China,24943067,fudan university,fudan university,school of international relations and public affairs
China,24943067,fudan university,fudan university,school of life sciences
China,24943067,fudan university,fudan university,school of public health
China,24943067,fudan university,fudan university,school of social development and public policy
China,24943067,fudan university,fudan university,school of economics
China,24943067,fudan university,fudan university,journalism school
China,24943067,fudan university,fudan university,school of philosophy
China,139660479,central south university,central south university,school of life sciences
China,16351329,china west normal university,china west normal university,school of educational science
China,183067930,shanghai jiao tong university,shanghai jiao tong university,department of bioinformatics and biostatistics
China,183067930,shanghai jiao tong university,shanghai jiao tong university,shanghai jiaotong university department of mathematics
China,183067930,shanghai jiao tong university,shanghai jiao tong university,department of pathophysiology
China,183067930,shanghai jiao tong university,shanghai jiao tong university,school of foreign languages
China,183067930,shanghai jiao tong university,shanghai jiao tong university,school of agriculture and biology
China,183067930,shanghai jiao tong university,shanghai jiao tong university,school of humanities
China,183067930,shanghai jiao tong university,shanghai jiao tong university,school of life sciences and biotechnology
China,183067930,shanghai jiao tong university,shanghai jiao tong university,school of international and public affairs
China,183067930,shanghai jiao tong university,shanghai jiao tong university,school of medicine no 3 people s hospital
China,183067930,shanghai jiao tong university,shanghai jiao tong university,school of public health
China,183067930,shanghai jiao tong university,shanghai jiao tong university,school of information security engineering
China,183067930,shanghai jiao tong university,shanghai jiao tong university,school of mechanical engineering
China,183067930,shanghai jiao tong university,shanghai jiao tong university,school of nuclear science and engineering
China,183067930,shanghai jiao tong university,shanghai jiao tong university,school of electronic information and electrical engineering
China,183067930,shanghai jiao tong university,shanghai jiao tong university,school of ocean and civil engineering
China,183067930,shanghai jiao tong university,shanghai jiao tong university,school of pharmacy
China,183067930,shanghai jiao tong university,shanghai jiao tong university,school of software
China,183067930,shanghai jiao tong university,shanghai jiao tong university,renji hospital
China,183067930,shanghai jiao tong university,shanghai jiao tong university,school of mathematical sciences
China,183067930,shanghai jiao tong university,school of mathematical sciences,department of mathematics
China,9916479,air force medical university,air force medical university,fourth military medical university department of ultrasound
China,9916479,air force medical university,air force medical university,fourth military medical university department of social sciences
China,83791580,fujian university of technology,fujian university of technology,department of foreign languages
China,83791580,fujian university of technology,fujian university of technology,school of humanities
China,154893126,guizhou normal university,guizhou normal university,school of life sciences
China,154893126,guizhou normal university,guizhou normal university,school of mathematics and computer science
China,152033890,hainan normal university,hainan normal university,college of life sciences
China,106079672,hebei university of engineering,hebei university of engineering,school of economics and management
China,36152291,henan university of technology,henan university of technology,school of chemistry and chemical engineering
China,165859042,huaibei normal university,huaibei normal university,school of life sciences of
China,74525822,hubei university of technology,hubei university of technology,school of science
China,88830068,shaanxi normal university,shaanxi normal university,college of life sciences
China,88830068,shaanxi normal university,shaanxi normal university,school of foreign languages
China,88830068,shaanxi normal university,shaanxi normal university,school of history and culture
China,52180223,hunan agricultural university,hunan agricultural university,college of animal science and technology
China,196934937,liaocheng university,liaocheng university,college of chemistry and chemical engineering
China,196934937,liaocheng university,liaocheng university,school of foreign languages
China,141568987,hong kong baptist university,hong kong baptist university,school of communication
China,154099455,shandong university,shandong university,college of life science
China,154099455,shandong university,shandong university,department of epidemiology and health statistics
China,154099455,shandong university,shandong university,department of medical ethics
China,154099455,shandong university,shandong university,school of chemistry and chemical engineering
China,154099455,shandong university,shandong university,school of computer science and technology
China,154099455,shandong university,shandong university,school of environmental science and engineering sciences
China,154099455,shandong university,shandong university,school of foreign languages and literatures
China,154099455,shandong university,shandong university,school of literature and journalism
China,154099455,shandong university,shandong university,school of mathematics
China,154099455,shandong university,shandong university,school of philosophy and social development
China,154099455,shandong university,shandong university,school of political science and public administration
China,154099455,shandong university,shandong university,school of public health
China,118803816,liaoning university,liaoning university,college of economics
China,118803816,liaoning university,liaoning university,college of foreign studies
China,4472751,anhui normal university,anhui normal university,college of life sciences
China,111599522,jiangnan university,jiangnan university,school of design
China,146071755,kunming university,kunming university,faculty of life sciences and technology
China,146071755,kunming university,kunming university,college of foreign languages
China,10660446,kunming university of science and technology,kunming university of science and technology,department of architecture
China,22716506,lanzhou university of technology,lanzhou university of technology,school of foreign languages
China,16609230,hunan university,hunan university,college of biology
China,16609230,hunan university,hunan university,college of chemistry and chemical engineering
China,16609230,hunan university,hunan university,college of mathematics and econometrics
China,16609230,hunan university,hunan university,yuelu academy
China,38877650,zhengzhou university,zhengzhou university,school of architecture
China,38877650,zhengzhou university,zhengzhou university,department of clinical medicine
China,4210165038,university of chinese academy of sciences,university of chinese academy of sciences,university of the chinese academy of sciences college of humanities and social sciences
China,163340411,hohai university,hohai university,college of international languages and cultures
China,163340411,hohai university,hohai university,school of public administration
China,14894300,foshan university,foshan university,school of educational science
China,14894300,foshan university,foshan university,school of life science
China,881766915,nanjing university,nanjing university,school of foreign studies
China,881766915,nanjing university,nanjing university,school of physics
China,881766915,nanjing university,nanjing university,philosophy department at
China,881766915,nanjing university,nanjing university,school of atmospheric science
China,83519826,nanjing medical university,nanjing medical university,department of pathophysiology
China,83519826,nanjing medical university,nanjing medical university,nanjing university medical school model animal research center
China,199305430,nantong university,nantong university,school of life sciences
China,124644866,northwest minzu university,northwest minzu university,northwest university for nationalities school of foreign languages
China,64449678,putian university,putian university,college of foreign languages
China,74485261,shandong agricultural university,shandong agricultural university,shandong agriculture university college of life sciences
China,181877577,shanxi university,shanxi university,school of foreign languages
China,101479585,south china agricultural university,south china agricultural university,college of forestry
China,101479585,south china agricultural university,south china agricultural university,college of horticulture
China,101479585,south china agricultural university,south china agricultural university,college of life sciences
China,101479585,south china agricultural university,south china agricultural university,college of natural resources and the environment
China,101479585,south china agricultural university,south china agricultural university,department of pesticides
China,101479585,south china agricultural university,south china agricultural university,department of ecology
China,9086337,taiyuan university of technology,taiyuan university of technology,school of material engineering of
China,193524592,tianjin university of finance and economics,tianjin university of finance and economics,economics school
China,168719708,city university of hong kong,college of engineering,department of materials science and engineering
China,168719708,city university of hong kong,college of science,department of chemistry
China,168719708,city university of hong kong,city university of hong kong,college of engineering
China,168719708,city university of hong kong,city university of hong kong,college of science
China,168719708,city university of hong kong,city university of hong kong,school of law
China,168719708,city university of hong kong,city university of hong kong,jockey club college of veterinary medicine and life sciences
China,168719708,city university of hong kong,city university of hong kong,school of creative media
China,78978612,yangzhou university,yangzhou university,college of chemistry and chemical engineering
China,78978612,yangzhou university,yangzhou university,college of economics
China,78978612,yangzhou university,yangzhou university,college of information engineering
China,78978612,yangzhou university,yangzhou university,college of mathematical sciences
China,142861451,yunnan minzu university,yunnan minzu university,yunnan nationalities university school of foreign languages
China,142861451,yunnan minzu university,yunnan minzu university,yunnan university of nationalities school of economics
China,49185572,yunnan university of finance and economics,yunnan university of finance and economics,department of economics
China,49185572,yunnan university of finance and economics,yunnan university of finance and economics,school of public finance and economics
China,1328775524,zhejiang sci tech university,zhejiang sci tech university,school of foreign languages
China,23171815,zhengzhou university of light industry,zhengzhou university of light industry,department of foreign languages
China,17145004,northwestern polytechnical university,northwestern polytechnical university,school of foreign language education
China,17145004,northwestern polytechnical university,northwestern polytechnical university,school of humanities economics and law
China,39333907,yanshan university,yanshan university,school of foreign languages
China,2722730,inner mongolia university,inner mongolia university,college of chemistry and chemical engineering
China,2722730,inner mongolia university,inner mongolia university,school of economics and management
China,2722730,inner mongolia university,inner mongolia university,school of physical science and technology
China,158842170,chongqing university,chongqing university,college of bioengineering
China,158842170,chongqing university,chongqing university,faculty of built environment
China,32574673,shantou university,shantou university,college of science
China,32574673,shantou university,shantou university,department of chemistry
China,32574673,shantou university,shantou university,law school
China,90610280,south china university of technology,south china university of technology,school of architecture
China,90610280,south china university of technology,south china university of technology,school of bioscience and bioengineering
China,90610280,south china university of technology,south china university of technology,school of economics and commerce
China,90610280,south china university of technology,south china university of technology,shien ming wu school of intelligent engineering
China,90610280,south china university of technology,south china university of technology,school of biomedical and biological engineering
China,90610280,south china university of technology,south china university of technology,school of marxism
China,90610280,south china university of technology,south china university of technology,department of tourism management
China,90610280,south china university of technology,south china university of technology,department of electronic business
China,90610280,south china university of technology,south china university of technology,school of design
China,90610280,south china university of technology,south china university of technology,school of international education
China,90610280,south china university of technology,south china university of technology,school of emergent soft matter
China,90610280,south china university of technology,south china university of technology,school of microelectronics
China,90610280,south china university of technology,south china university of technology,school of law
China,90610280,south china university of technology,south china university of technology,school of economics and finance
China,90610280,south china university of technology,south china university of technology,school of computer science engineering
China,90610280,south china university of technology,south china university of technology,school of software engineering
China,90610280,south china university of technology,south china university of technology,school of automation science and engineering
China,90610280,south china university of technology,south china university of technology,school of architecture
China,90610280,south china university of technology,south china university of technology,school of mechanical automotive engineering
China,90610280,south china university of technology,south china university of technology,school of electronic and information engineering
China,90610280,south china university of technology,south china university of technology,school of chemistry and chemical engineering
China,90610280,south china university of technology,south china university of technology,school of physics and optoelectronics
China,90610280,south china university of technology,south china university of technology,school of mathematics
China,90610280,south china university of technology,south china university of technology,school of civil engineering and transportation
China,90610280,south china university of technology,south china university of technology,school of electric power engineering
China,90610280,south china university of technology,south china university of technology,school of business administration
China,90610280,south china university of technology,south china university of technology,school of journalism and communication
China,90610280,south china university of technology,south china university of technology,school of foreign languages
China,90610280,south china university of technology,south china university of technology,school of physical education
China,90610280,south china university of technology,south china university of technology,school of environment and energy
China,90610280,south china university of technology,south china university of technology,school of biology and biological engineering
China,90610280,south china university of technology,south china university of technology,school of light industry and engineering
China,90610280,south china university of technology,south china university of technology,school of public administration
China,90610280,south china university of technology,south china university of technology,school of food science and engineering
China,90610280,south china university of technology,south china university of technology,school of arts
China,43337087,hebei university,hebei university,college of life sciences
China,130480701,dongbei university of finance and economics,dongbei university of finance and economics,school of international business communications
China,130480701,dongbei university of finance and economics,dongbei university of finance and economics,school of statistics
China,181326427,donghua university,donghua university,college of textiles
China,181326427,donghua university,donghua university,school of foreign languages
China,153374732,liaoning normal university,liaoning normal university,department of chemistry
China,153374732,liaoning normal university,liaoning normal university,school of chemistry and chemical engineering
China,21945476,shanghai normal university,shanghai normal university,college of life and environmental sciences
China,21945476,shanghai normal university,shanghai normal university,department of biology
China,78675632,beijing information science technology university,beijing information science technology university,beijing information science and technology university school of economics and management
China,87445476,xi an jiaotong university,xi an jiaotong university,school of humanities and social sciences
China,87445476,xi an jiaotong university,xi an jiaotong university,school of public policy and administration
China,96908189,xinjiang university,xinjiang university,school of foreign languages
China,119045251,huaqiao university,huaqiao university,college of economics and finance
China,119045251,huaqiao university,huaqiao university,department of economics
China,4210092944,dalian university,dalian university,college of english
Germany,884043246,hamburg university of technology,hamburg university of technology,department b civil engineering
Germany,884043246,hamburg university of technology,hamburg university of technology,department e electrical engineering computer science and mathematics
Germany,884043246,hamburg university of technology,hamburg university of technology,department t technology and innovation in education
Germany,884043246,hamburg university of technology,hamburg university of technology,department m mechanical engineering
Germany,884043246,hamburg university of technology,hamburg university of technology,department v process and chemical engineering
Germany,884043246,hamburg university of technology,hamburg university of technology,department w management sciences and technology
Germany,39343248,humboldt universität zu berlin,humboldt universität zu berlin,bernstein center for computational neuroscience
Germany,39343248,humboldt universität zu berlin,humboldt universität zu berlin,institute for asian and african studies
Germany,39343248,humboldt universität zu berlin,humboldt universität zu berlin,humboldt university of berlin theological faculty
Germany,39343248,humboldt universität zu berlin,humboldt universität zu berlin,centre for british studies
Germany,39343248,humboldt universität zu berlin,humboldt universität zu berlin,berlin school of library and information science
Germany,75951250,freie universität berlin,freie universität berlin,department of earth sciences
Germany,75951250,freie universität berlin,freie universität berlin,center for area studies
Germany,75951250,freie universität berlin,freie universität berlin,john f kennedy institut
Germany,176453806,university of potsdam,university of potsdam,faculty of mathematics and sciences
Germany,32021983,kiel university,kiel university,faculty of theology
Germany,78650965,tud dresden university of technology,tud dresden university of technology,department of geosciences
Germany,78650965,tud dresden university of technology,tud dresden university of technology,faculty of mechanical science and engineering of technical university of dresden
Germany,36522303,university of greifswald,university of greifswald,faculty of law and economics
Germany,140025399,hochschule hannover,hochschule hannover,faculty i electrical engineering and information technology
Germany,140025399,hochschule hannover,hochschule hannover,faculty ii mechanical engineering and bio process engineering
Germany,140025399,hochschule hannover,hochschule hannover,faculty iii media information and design
Germany,140025399,hochschule hannover,hochschule hannover,faculty iv business and computer science
Germany,140025399,hochschule hannover,hochschule hannover,faculty v
Germany,20121455,bielefeld university,bielefeld university,bielefeld school of public health
Germany,887968799,rwth aachen university,rwth aachen university,rwth aachen division of earth sciences and geography
Germany,887968799,rwth aachen university,rwth aachen university,rwth aachen faculty of architecture
Germany,887968799,rwth aachen university,rwth aachen university,rwth aachen faculty of arts and humanities
Germany,887968799,rwth aachen university,rwth aachen university,rwth aachen faculty of business and economics
Germany,887968799,rwth aachen university,rwth aachen university,rwth aachen faculty of civil engineering
Germany,887968799,rwth aachen university,rwth aachen university,rwth aachen faculty of electrical engineering and information technology
Germany,887968799,rwth aachen university,rwth aachen university,rwth aachen faculty of georesources and materials engineering
Germany,887968799,rwth aachen university,rwth aachen university,rwth aachen faculty of mathematics computer science and natural sciences
Germany,887968799,rwth aachen university,rwth aachen university,rwth aachen faculty of mechanical engineering
Germany,887968799,rwth aachen university,rwth aachen university,rwth aachen faculty of medicine
Germany,177802217,university of mannheim,university of mannheim,mannheim school of computer science and mathematics
Germany,177802217,university of mannheim,university of mannheim,mannheim school of humanities
Germany,177802217,university of mannheim,university of mannheim,mannheim school of law and economics
Germany,177802217,university of mannheim,university of mannheim,mannheim school of social sciences
Germany,177802217,university of mannheim,university of mannheim,business school
Germany,882953328,furtwangen university,c us furtwangen,faculty of computer science
Germany,193619901,jacobs university bremen,jacobs university bremen,jacobs university school of humanities and social sciences
Germany,95793202,university of magdeburg,university of magdeburg,center for behavioral brain sciences
Germany,153267046,university of kaiserslautern,university of kaiserslautern,technical  department of mathematics
Germany,89864525,trier university,trier university,university of trier physical geography
Germany,106157433,university of kassel,university of kassel,universität kassel center for environmental systems research
Germany,137932638,university of applied sciences trier,university of applied sciences trier,center for land research
India,106542073,university of calcutta,university of calcutta,department of economics
India,106542073,university of calcutta,university of calcutta,department of applied psychology
India,106542073,university of calcutta,university of calcutta,department of biochemistry
India,106542073,university of calcutta,university of calcutta,department of chemistry
India,106542073,university of calcutta,university of calcutta,department of english language and literature
India,106542073,university of calcutta,university of calcutta,department of geology
India,106542073,university of calcutta,university of calcutta,department of history
India,106542073,university of calcutta,university of calcutta,department of philosophy
India,106542073,university of calcutta,university of calcutta,department of sociology
India,106542073,university of calcutta,university of calcutta,department of statistics
India,106542073,university of calcutta,university of calcutta,faculty council for post graduate studies in agriculture
India,106542073,university of calcutta,university of calcutta,faculty council for post graduate studies in arts
India,106542073,university of calcutta,university of calcutta,faculty council for post graduate studies in education journalism and library science
India,106542073,university of calcutta,university of calcutta,faculty council for post graduate studies in fine arts music and home science
India,106542073,university of calcutta,university of calcutta,faculty council for post graduate studies in science
India,106542073,university of calcutta,university of calcutta,university college of science technology and agriculture
India,106542073,university of calcutta,university of calcutta,department of pure mathematics
India,106542073,university of calcutta,university of calcutta,university college of science technology agriculture
India,36893310,university of hyderabad,university of hyderabad,department of plant sciences
India,36893310,university of hyderabad,university of hyderabad,school of chemistry
India,36893310,university of hyderabad,university of hyderabad,school of humanities
India,36893310,university of hyderabad,university of hyderabad,school of life sciences
India,36893310,university of hyderabad,university of hyderabad,school of social sciences
India,182997119,manonmaniam sundaranar university,manonmaniam sundaranar university,department of physics
India,204743663,university of mysore,university of mysore,department of physics
India,204743663,university of mysore,university of mysore,maharaja s college mysore
India,3132145264,bhagwant university,bhagwant university,department of agriculture engineering
India,3132145264,bhagwant university,bhagwant university,department of computer science engineering
India,3132145264,bhagwant university,bhagwant university,department of information technology
India,3132145264,bhagwant university,bhagwant university,department of mining
India,3132145264,bhagwant university,bhagwant university,department of nano technology
India,120386524,marathwada agricultural university,marathwada agricultural university,marathwada agriculture university parbhani college of agriculture latur
India,158338959,university of kerala,university of kerala,department of communication and journalism
India,158338959,university of kerala,university of kerala,department of computational biology and bioinformatics
India,158338959,university of kerala,university of kerala,department of physics
India,158338959,university of kerala,university of kerala,department of sociology
India,158338959,university of kerala,university of kerala,faculty of applied sciences and technology
India,158338959,university of kerala,university of kerala,faculty of arts
India,158338959,university of kerala,university of kerala,faculty of science
India,158338959,university of kerala,university of kerala,faculty of social science
India,33585257,anna university,anna university,faculty of architecture and planning
India,110116418,maharaja sayajirao university of baroda,maharaja sayajirao university of baroda,department of microbiology and biotechnology centre
India,110116418,maharaja sayajirao university of baroda,maharaja sayajirao university of baroda,department of economics
India,110116418,maharaja sayajirao university of baroda,maharaja sayajirao university of baroda,department of statistics
India,110116418,maharaja sayajirao university of baroda,maharaja sayajirao university of baroda,department of zoology
India,110116418,maharaja sayajirao university of baroda,maharaja sayajirao university of baroda,faculty of education and psychology
India,110116418,maharaja sayajirao university of baroda,maharaja sayajirao university of baroda,faculty of family and community sciences
India,110116418,maharaja sayajirao university of baroda,maharaja sayajirao university of baroda,faculty of journalism and communication
India,110116418,maharaja sayajirao university of baroda,maharaja sayajirao university of baroda,faculty of performing arts
India,110116418,maharaja sayajirao university of baroda,maharaja sayajirao university of baroda,faculty of science
India,110116418,maharaja sayajirao university of baroda,maharaja sayajirao university of baroda,faculty of social work
India,110116418,maharaja sayajirao university of baroda,maharaja sayajirao university of baroda,faculty of fine arts
India,3129196102,desh bhagat university,desh bhagat university,school of education
India,3129196102,desh bhagat university,desh bhagat university,school of hotel management and tourism
India,3129960170,dr c v raman university,dr c v raman university,dr cv raman university faculty of education
India,3129960170,dr c v raman university,dr c v raman university,dr cv raman university faculty of humanities
India,3129960170,dr c v raman university,dr c v raman university,dr cv raman university faculty of information technology
India,2800301432,ims unison university,ims unison university,school of computer applications
India,2800301432,ims unison university,ims unison university,school of mass communication
India,168893459,university of allahabad,university of allahabad,department of ancient history culture and archaeology
India,168893459,university of allahabad,university of allahabad,department of mathematics
India,168893459,university of allahabad,university of allahabad,department of psychology
India,168893459,university of allahabad,university of allahabad,university of prayagraj faculty of arts
India,168893459,university of allahabad,university of allahabad,faculty of science
India,8975392,osmania university,osmania university,department of astronomy
India,8975392,osmania university,osmania university,department of geophysics
India,8975392,osmania university,osmania university,faculty of arts
India,8975392,osmania university,osmania university,faculty of commerce
India,8975392,osmania university,osmania university,faculty of education
India,8975392,osmania university,osmania university,faculty of informatics
India,8975392,osmania university,osmania university,faculty of oriental languages
India,8975392,osmania university,osmania university,faculty of science
India,8975392,osmania university,osmania university,faculty of social science
India,8975392,osmania university,osmania university,faculty of technology
India,8975392,osmania university,osmania university,post graduate college of science
India,8975392,osmania university,osmania university,post graduate college of science department of biotechnology
India,8975392,osmania university,osmania university,post graduate college of science department of botany
India,8975392,osmania university,osmania university,post graduate college of science department of chemistry
India,8975392,osmania university,osmania university,post graduate college of science department of computer science
India,8975392,osmania university,osmania university,post graduate college of science department of geology
India,8975392,osmania university,osmania university,post graduate college of science department of languages
India,8975392,osmania university,osmania university,post graduate college of science department of mathematics
India,8975392,osmania university,osmania university,post graduate college of science department of physical education
India,8975392,osmania university,osmania university,post graduate college of science department of physics
India,8975392,osmania university,osmania university,post graduate college of science department of zoology
India,8975392,osmania university,osmania university,university college of science
India,8975392,osmania university,osmania university,college for women
India,8975392,osmania university,osmania university,college for women department of political science
India,8975392,osmania university,osmania university,university college of law
India,8975392,osmania university,osmania university,nizam college
India,1330855593,vel tech rangarajan dr sagunthala r d institute of science and technology,vel tech rangarajan dr sagunthala r d institute of science and technology,vel tech dr rr and dr sr technical university department of computer applications
India,1330855593,vel tech rangarajan dr sagunthala r d institute of science and technology,vel tech rangarajan dr sagunthala r d institute of science and technology,vel tech dr rr and dr sr technical university department of computer science and engineering
India,1330855593,vel tech rangarajan dr sagunthala r d institute of science and technology,vel tech rangarajan dr sagunthala r d institute of science and technology,vel tech dr rr and dr sr technical university school of computing and information technology
India,1330855593,vel tech rangarajan dr sagunthala r d institute of science and technology,vel tech rangarajan dr sagunthala r d institute of science and technology,vel tech dr rr and dr sr technical university school of science and humanities
India,170979836,jadavpur university,jadavpur university,department of chemistry
India,170979836,jadavpur university,jadavpur university,department of comparative literature
India,170979836,jadavpur university,jadavpur university,department of economics
India,170979836,jadavpur university,jadavpur university,department of history
India,170979836,jadavpur university,jadavpur university,faculty of arts
India,170979836,jadavpur university,jadavpur university,faculty of science
India,170979836,jadavpur university,jadavpur university,school of women s studies
India,170979836,jadavpur university,jadavpur university,school of cultural texts records
India,170979836,jadavpur university,jadavpur university,school of language and linguistics
India,170979836,jadavpur university,jadavpur university,school of cultural texts and records
India,170979836,jadavpur university,jadavpur university,physics department
India,157674215,presidency university,presidency university,department of mathematics
India,10926426,veer narmad south gujarat university,veer narmad south gujarat university,department of human resource development
India,10926426,veer narmad south gujarat university,veer narmad south gujarat university,department of sociology
India,197081775,annamalai university,annamalai university,faculty of agriculture
India,197081775,annamalai university,annamalai university,faculty of arts
India,197081775,annamalai university,annamalai university,faculty of education
India,197081775,annamalai university,annamalai university,faculty of fine arts
India,197081775,annamalai university,annamalai university,faculty of indian languages
India,197081775,annamalai university,annamalai university,faculty of marine sciences
India,197081775,annamalai university,annamalai university,faculty of science
India,100887729,andhra university,andhra university,school of chemistry
India,100887729,andhra university,andhra university,department of meteorology and oceanography
India,20497027,cochin university of science and technology,cochin university of science and technology,cochin university college of engineering kuttanad department of chemistry
India,20497027,cochin university of science and technology,cochin university of science and technology,cochin university college of engineering kuttanad department of computer science
India,20497027,cochin university of science and technology,cochin university of science and technology,cochin university college of engineering kuttanad department of english
India,20497027,cochin university of science and technology,cochin university of science and technology,cochin university college of engineering kuttanad department of mathematics
India,20497027,cochin university of science and technology,cochin university of science and technology,cochin university college of engineering kuttanad department of physics
India,20497027,cochin university of science and technology,cochin university of science and technology,department of applied economics
India,20497027,cochin university of science and technology,cochin university of science and technology,faculty of social sciences
India,20497027,cochin university of science and technology,cochin university of science and technology,department of physics
India,20497027,cochin university of science and technology,cochin university of science and technology,school of computer science studies
India,20497027,cochin university of science and technology,cochin university of science and technology,school of environmental studies
India,20497027,cochin university of science and technology,cochin university of science and technology,school of industrial fisheries
India,20497027,cochin university of science and technology,cochin university of science and technology,department of ship technology
India,20497027,cochin university of science and technology,cochin university of science and technology,department of polymer science and rubber technology
India,111575329,bharathiar university,bharathiar university,department of bioinformatics
India,111575329,bharathiar university,bharathiar university,school of biotechnology and genetic engineering
India,111575329,bharathiar university,bharathiar university,school of chemical sciences
India,111575329,bharathiar university,bharathiar university,school of computer science and engineering
India,111575329,bharathiar university,bharathiar university,school of economics
India,111575329,bharathiar university,bharathiar university,school of english and other foreign languages
India,111575329,bharathiar university,bharathiar university,school of life sciences
India,111575329,bharathiar university,bharathiar university,school of mathematics and statistics
India,111575329,bharathiar university,bharathiar university,school of physical sciences
India,111575329,bharathiar university,bharathiar university,school of social sciences
India,111575329,bharathiar university,bharathiar university,school of tamil and other indian languages
India,863896202,delhi technological university,delhi technological university,department of applied chemistry
India,863896202,delhi technological university,delhi technological university,department of applied mathematics
India,863896202,delhi technological university,delhi technological university,department of applied physics
India,863896202,delhi technological university,delhi technological university,department of biotechnology
India,863896202,delhi technological university,delhi technological university,department of computer engineering
India,863896202,delhi technological university,delhi technological university,department of electronics and communication
India,863896202,delhi technological university,delhi technological university,department of humanities
India,863896202,delhi technological university,delhi technological university,department of information technology
India,863896202,delhi technological university,delhi technological university,department of mechanical engineering
India,79161377,punjabi university,punjabi university,department of mathematics
India,79161377,punjabi university,punjabi university,department of pharmaceutical sciences and drug research
India,79161377,punjabi university,punjabi university,faculty of social sciences
India,79161377,punjabi university,guru kashi c us damdama sahib,guru kashi college
India,79161377,punjabi university,guru kashi c us damdama sahib,yadavindra college of engineering talwandi sabo
India,201958307,gulbarga university,gulbarga university,department of english
India,201958307,gulbarga university,gulbarga university,faculty of arts
India,201958307,gulbarga university,gulbarga university,faculty of science and technology
India,112700253,ranchi university,ranchi university,department of physics
India,112700253,ranchi university,ranchi university,faculty of sciences
India,3131578490,english and foreign languages university,english and foreign languages university,school of germanic studies
India,3131536999,dr y s r horticultural university,dr y s r horticultural university,college of horticulture mojerla
India,3131536999,dr y s r horticultural university,dr y s r horticultural university,college of horticulture rajendranagar
India,3131536999,dr y s r horticultural university,dr y s r horticultural university,department of agronomy and soil science
India,3131536999,dr y s r horticultural university,dr y s r horticultural university,department of engineering and environmental sciences
India,3131536999,dr y s r horticultural university,dr y s r horticultural university,department of entomology
India,3131536999,dr y s r horticultural university,dr y s r horticultural university,department of extension economics and social sciences
India,3131536999,dr y s r horticultural university,dr y s r horticultural university,department of floriculture and landscaping
India,3131536999,dr y s r horticultural university,dr y s r horticultural university,department of fruit science
India,3131536999,dr y s r horticultural university,dr y s r horticultural university,department of genetics and plant breeding
India,3131536999,dr y s r horticultural university,dr y s r horticultural university,department of physiology bio plant chemistry and microbiology
India,3131536999,dr y s r horticultural university,dr y s r horticultural university,department of plant pathology
India,3131536999,dr y s r horticultural university,dr y s r horticultural university,department of post harvest technology
India,3131536999,dr y s r horticultural university,dr y s r horticultural university,department of spices and plantation crops
India,3131536999,dr y s r horticultural university,dr y s r horticultural university,department of vegetable science
India,169877490,university of mumbai,university of mumbai,department of civics and politics
India,169877490,university of mumbai,university of mumbai,department of mathematics
India,169877490,university of mumbai,university of mumbai,department of philosophy
India,169877490,university of mumbai,university of mumbai,faculty of arts
India,169877490,university of mumbai,university of mumbai,faculty of science
India,4076070,bharathidasan university,bharathidasan university,school of life sciences
India,164861460,manipal academy of higher education,manipal academy of higher education,manipal university department of european studies
India,186246823,university of lucknow,faculty of arts,department of anthropology
India,186246823,university of lucknow,faculty of arts,department of economics
India,186246823,university of lucknow,university of lucknow,lucknow university department of applied economics
India,186246823,university of lucknow,university of lucknow,faculty of arts
India,186246823,university of lucknow,university of lucknow,faculty of science
India,131155284,alagappa university,alagappa university,department of bioinformatics
India,131155284,alagappa university,alagappa university,faculty of arts
India,131155284,alagappa university,alagappa university,faculty of education
India,131155284,alagappa university,alagappa university,faculty of science
India,190765188,dr b r ambedkar university delhi,dr b r ambedkar university delhi,ambedkar university delhi school of culture and creative expressions
India,190765188,dr b r ambedkar university delhi,dr b r ambedkar university delhi,ambedkar university delhi school of design
India,190765188,dr b r ambedkar university delhi,dr b r ambedkar university delhi,ambedkar university delhi school of development studies
India,190765188,dr b r ambedkar university delhi,dr b r ambedkar university delhi,ambedkar university delhi school of educational studies
India,190765188,dr b r ambedkar university delhi,dr b r ambedkar university delhi,ambedkar university delhi school of human studies
India,190765188,dr b r ambedkar university delhi,dr b r ambedkar university delhi,ambedkar university delhi school of liberal studies
India,190765188,dr b r ambedkar university delhi,dr b r ambedkar university delhi,ambedkar university delhi school of undergraduate studies
India,190765188,dr b r ambedkar university delhi,dr b r ambedkar university delhi,ambedkar university delhi school of human ecology
India,35839044,assam agricultural university,assam agricultural university,department of biotechnology
India,35839044,assam agricultural university,assam agricultural university,faculty of agriculture
India,35839044,assam agricultural university,assam agricultural university,faculty of fisheries science
India,35839044,assam agricultural university,assam agricultural university,faculty of home science
India,340869894,baba farid university of health sciences,baba farid university of health sciences,university college of physiotherapy faridkot
India,276256525,babu banarasi das university,babu banarasi das university,school of applied sciences
India,276256525,babu banarasi das university,babu banarasi das university,school of architecture
India,276256525,babu banarasi das university,babu banarasi das university,school of computer applications
India,276256525,babu banarasi das university,babu banarasi das university,school of hotel and tourism management
India,190570697,bundelkhand university,bundelkhand university,faculty of arts
India,190570697,bundelkhand university,bundelkhand university,faculty of science
India,136053868,cmj university,cmj university,faculty of arts
India,136053868,cmj university,cmj university,faculty of distance education
India,136053868,cmj university,cmj university,faculty of fine arts
India,136053868,cmj university,cmj university,faculty of science
India,136053868,cmj university,cmj university,faculty of technology
India,89095802,central university of gujarat,central university of gujarat,school of language literature and culture studies
India,106053113,central university of karnataka,central university of karnataka,department of psychology
India,106053113,central university of karnataka,central university of karnataka,school of earth sciences and geology
India,106053113,central university of karnataka,central university of karnataka,school of social and behavorial sciences
India,2534966,patna university,patna university,department of statistics
India,2534966,patna university,patna university,faculty of science
India,24927338,chaudhary charan singh haryana agricultural university,chaudhary charan singh haryana agricultural university,college of animal sciences hisar
India,48018076,christ university,christ university,faculty of humanities and social sciences
India,253188195,deenbandhu chhotu ram university of science and technology,deenbandhu chhotu ram university of science and technology,department of architecture
India,253188195,deenbandhu chhotu ram university of science and technology,deenbandhu chhotu ram university of science and technology,department of bio medical engineering
India,253188195,deenbandhu chhotu ram university of science and technology,deenbandhu chhotu ram university of science and technology,department of bio technology
India,253188195,deenbandhu chhotu ram university of science and technology,deenbandhu chhotu ram university of science and technology,department of computer science and engineering
India,253188195,deenbandhu chhotu ram university of science and technology,deenbandhu chhotu ram university of science and technology,department of humanities
India,253188195,deenbandhu chhotu ram university of science and technology,deenbandhu chhotu ram university of science and technology,department of materials science and nanotechnology
India,64128412,dibrugarh university,dibrugarh university,swahid maniram dewan college
India,51452335,panjab university,panjab university,department of biophysics
India,51452335,panjab university,panjab university,department of economics
India,51452335,panjab university,panjab university,department of english and cultural studies
India,51452335,panjab university,panjab university,department of public administration
India,51452335,panjab university,panjab university,department of sociology
India,51452335,panjab university,panjab university,faculty of arts
India,51452335,panjab university,panjab university,faculty of design and fine arts
India,51452335,panjab university,panjab university,faculty of education
India,51452335,panjab university,panjab university,faculty of engineering and technology
India,51452335,panjab university,panjab university,faculty of languages
India,51452335,panjab university,panjab university,faculty of science
India,110360157,lovely professional university,lovely professional university,school of architecture and design
India,110360157,lovely professional university,lovely professional university,department of biotechnology
India,110360157,lovely professional university,lovely professional university,faculty of applied medical sciences
India,110360157,lovely professional university,lovely professional university,faculty of business and applied arts
India,110360157,lovely professional university,lovely professional university,faculty of education and humanities
India,110360157,lovely professional university,lovely professional university,faculty of technology and sciences
India,3130996612,jawaharlal nehru architecture and fine arts university,jawaharlal nehru architecture and fine arts university,school of planning and architecture
India,102471911,jiwaji university gwalior,jiwaji university gwalior,jiwaji university faculty of physical sciences
India,102471911,jiwaji university gwalior,jiwaji university gwalior,jiwaji university school of studies in chemistry
India,4724304,jodhpur national university,jodhpur national university,jodhpur school of public health
India,104917982,junagadh agricultural university,junagadh agricultural university,college of agriculture
India,52703040,kannur university,kannur university,department of english
India,52703040,kannur university,kannur university,school of english and foreign languages
India,52703040,kannur university,kannur university,department of applied economics
India,52703040,kannur university,kannur university,school of development studies
India,54021868,kerala agricultural university,kerala agricultural university,college of horticulture
India,280994,king george s medical university,king george s medical university,department of community medicine
India,280994,king george s medical university,king george s medical university,department of surgery
India,178000100,kurukshetra university,kurukshetra university,department of applied sciences
India,178000100,kurukshetra university,kurukshetra university,department of biotechnology engineering
India,178000100,kurukshetra university,kurukshetra university,department of computer science and engineering
India,178000100,kurukshetra university,kurukshetra university,faculty of education
India,178000100,kurukshetra university,kurukshetra university,faculty of life sciences
India,178000100,kurukshetra university,kurukshetra university,faculty of science
India,110166357,university of delhi,university of delhi,department of african studies
India,110166357,university of delhi,university of delhi,department of anthropology
India,110166357,university of delhi,university of delhi,department of biochemistry
India,110166357,university of delhi,university of delhi,department of botany
India,110166357,university of delhi,university of delhi,department of chemistry
India,110166357,university of delhi,university of delhi,department of education
India,110166357,university of delhi,university of delhi,department of genetics
India,110166357,university of delhi,university of delhi,department of physics and astrophysics
India,110166357,university of delhi,university of delhi,department of plant molecular biology
India,110166357,university of delhi,university of delhi,department of psychology
India,110166357,university of delhi,university of delhi,department of social work
India,110166357,university of delhi,university of delhi,department of sociology
India,110166357,university of delhi,university of delhi,faculty of applied social sciences and humanities
India,110166357,university of delhi,university of delhi,faculty of arts
India,110166357,university of delhi,university of delhi,faculty of education
India,110166357,university of delhi,university of delhi,faculty of interdisciplinary and applied sciences
India,110166357,university of delhi,university of delhi,faculty of mathematical sciences
India,110166357,university of delhi,university of delhi,faculty of music and fine arts
India,110166357,university of delhi,university of delhi,faculty of open learning
India,110166357,university of delhi,university of delhi,faculty of social sciences
India,110166357,university of delhi,university of delhi,school of environmental studies
India,110166357,university of delhi,university of delhi,department of library and information science
India,110166357,university of delhi,university of delhi,faculty of law
India,244923355,mangalayatan university,mangalayatan university,department of biotechnology
India,244923355,mangalayatan university,mangalayatan university,department of chemistry
India,244923355,mangalayatan university,mangalayatan university,department of computer science and information technology
India,244923355,mangalayatan university,mangalayatan university,department of mathematics
India,244923355,mangalayatan university,mangalayatan university,department of physics
India,72563045,mody university of science and technology,mody university of science and technology,faculty of arts science and commerce
India,61198380,nagaland university,nagaland university,department of rural development and planning
India,197465736,north eastern hill university,north eastern hill university,department of biotechnology and bioinformatics
India,197465736,north eastern hill university,north eastern hill university,school of economics management and information sciences
India,197465736,north eastern hill university,north eastern hill university,school of life sciences
India,33586908,pandit deendayal energy university,pandit deendayal energy university,school of liberal studies
India,33586908,pandit deendayal energy university,pandit deendayal energy university,school of solar energy
India,38192578,pandit ravishankar shukla university,pandit ravishankar shukla university,school of studies in physics and astrophysics
India,34034455,ramakrishna mission vivekananda educational and research institute,ramakrishna mission vivekananda educational and research institute,ramakrishna mission vivekananda university faculty of disability management and special education
India,49278261,assam university,assam university,abanindranath tagore school of creative arts and communication studies
India,49278261,assam university,assam university,albert einstein school of physical sciences
India,49278261,assam university,assam university,aryabhatta school of earth sciences
India,49278261,assam university,assam university,ashutosh mukhopadhyay school of education
India,49278261,assam university,assam university,department of life sciences and bio informatics
India,49278261,assam university,assam university,e p odam school of environmental sciences
India,49278261,assam university,assam university,hargobind khurana school of life sciences
India,49278261,assam university,assam university,jadunath sarkar school of social sciences
India,49278261,assam university,assam university,mahatma gandhi school of economics and commerce
India,49278261,assam university,assam university,rabindranath tagore school of indian languages and cultural studies
India,49278261,assam university,assam university,sarvepalli radhakrishnan school of philosophy
India,49278261,assam university,assam university,suniti kumar chattopadhyay school of english and foreign language studies
India,49278261,assam university,assam university,swami vivekananda school of library sciences
India,49278261,assam university,assam university,triguna sen school of technology
India,197181853,saurashtra university,saurashtra university,department of psychology
India,81433678,sikkim manipal university,sikkim manipal university,school of basic and applied sciences
India,126601174,tezpur university,tezpur university,department of food engineering and technology
India,162030827,thapar institute of engineering and technology,thapar institute of engineering and technology,thapar university department of biotechnology
India,2801583272,oxford educational institutions,oxford educational institutions,oxford college of engineering
India,96307353,tilka manjhi bhagalpur university,tilka manjhi bhagalpur university,department of psychology
India,96307353,tilka manjhi bhagalpur university,tilka manjhi bhagalpur university,faculty of social sciences
India,132359460,university of burdwan,university of burdwan,department of economics
India,132359460,university of burdwan,university of burdwan,department of mathematics
India,145846420,university of jammu,university of jammu,department of physics and electronics
India,145846420,university of jammu,university of jammu,faculty of arts oriental languages
India,145846420,university of jammu,university of jammu,faculty of education
India,145846420,university of jammu,university of jammu,faculty of life sciences
India,145846420,university of jammu,university of jammu,faculty of mathematical science
India,145846420,university of jammu,university of jammu,faculty of music and fine arts
India,145846420,university of jammu,university of jammu,faculty of sciences
India,145846420,university of jammu,university of jammu,faculty of social science
India,138876546,vels institute of science technology advanced studies,vels institute of science technology advanced studies,vels university school of physiotherapy
India,175548057,vinayaka missions university,vinayaka missions university,faculty of allied health sciences
India,175548057,vinayaka missions university,vinayaka missions university,faculty of architecture
India,175548057,vinayaka missions university,vinayaka missions university,faculty of arts and science
India,175548057,vinayaka missions university,vinayaka missions university,faculty of computer applications
India,175548057,vinayaka missions university,vinayaka missions university,faculty of education
India,175548057,vinayaka missions university,vinayaka missions university,faculty of engineering and technology
India,175548057,vinayaka missions university,vinayaka missions university,faculty of paramedical sciences
India,175548057,vinayaka missions university,vinayaka missions university,faculty of physical education
India,175548057,vinayaka missions university,vinayaka missions university,faculty of physiotherapy
India,91357014,banaras hindu university,banaras hindu university,department of bio technology
India,91357014,banaras hindu university,banaras hindu university,department of botany
India,91357014,banaras hindu university,banaras hindu university,department of community medicine
India,91357014,banaras hindu university,banaras hindu university,department of psychology
India,91357014,banaras hindu university,banaras hindu university,faculty of medicine
Italy,9360294,university of bologna,university of bologna,department of classical philology and italian studies
Italy,59857034,john cabot university,john cabot university,department of political science and international affairs
Italy,874792244,european university institute,european university institute,department of political and social sciences
Italy,874792244,european university institute,european university institute,department of economics
Italy,874792244,european university institute,european university institute,department of history and civilization
Italy,142444530,university of trieste,university of trieste,department of life sciences
Italy,124601658,university of parma,university of parma,department of food and drug sciences
Italy,124601658,university of parma,university of parma,department of engineering and architecture
Italy,124601658,university of parma,university of parma,department of mathematical physical and computer sciences
Italy,189158943,university of milan,university of milan,department of computer science giovanni degli antoni
Italy,189158943,university of milan,university of milan,department of mathematics federigo enriques
Italy,55143463,university of turin,university of turin,faculty of law
Italy,71267560,university of naples federico ii,university of naples federico ii,department of law
Italy,71267560,university of naples federico ii,university of naples federico ii,department of mathematics and applications renato caccioppoli
Italy,71267560,university of naples federico ii,university of naples federico ii,department of physics ettore pancini
Italy,11986463,iuav university of venice,iuav university of venice,dipartimento di culture del progetto
Japan,201933988,kagawa university,kagawa university,faculty of agriculture
Japan,207014233,kyushu institute of technology,kyushu institute of technology,faculty of computer science and systems engineering
Japan,1288039508,university of niigata prefecture,university of niigata prefecture,institute of medical faculty
Japan,133984924,doshisha university,doshisha university,faculty of policy studies
Spain,79238269,university of seville,university of seville,department of metaphysics and current trends in philosophy ethics and political philosophy
Spain,173304897,university of granada,university of granada,faculty of dentistry
Spain,173304897,university of granada,university of granada,faculty of sciences
Spain,50357001,universidad carlos iii de madrid,universidad carlos iii de madrid,school of humanities communication and library science
Spain,46176106,university of burgos,university of burgos,school of economics and business administration
Spain,251424209,university of girona,university of girona,faculty of tourism
Spain,251424209,university of girona,university of girona,faculty of education and psychology of the
Spain,251424209,university of girona,university of girona,faculty of nursing of the
Spain,251424209,university of girona,university of girona,faculty of legal and economic sciences of the
Spain,251424209,university of girona,faculty of law of the,department of private law
Spain,251424209,university of girona,faculty of law of the,department of public law
Spain,251424209,university of girona,polytechnic school of girona,department of architecture and construction engineering of the
Spain,251424209,university of girona,polytechnic school of girona,department of architecture and computer technology of the
Spain,251424209,university of girona,polytechnic school of girona,department of physics
Spain,251424209,university of girona,polytechnic school of girona,department of electrical electronics and automatic engineering of the
Spain,251424209,university of girona,polytechnic school of girona,department of mechanical engineering and industrial construction of the
Spain,251424209,university of girona,polytechnic school of girona,department of chemical agricultural engineering and agrifood technology of the
Spain,251424209,university of girona,polytechnic school of girona,department of computer science applied mathematics and statistics of the
Spain,251424209,university of girona,polytechnic school of girona,department of organization business management and product design of the
Spain,251424209,university of girona,polytechnic school of girona,department of electronics computer science and automation of the
Spain,251424209,university of girona,polytechnic school of girona,department of industrial engineering
Spain,251424209,university of girona,faculty of sciences of the,department of biology
Spain,251424209,university of girona,faculty of sciences of the,department of environmental sciences
Spain,251424209,university of girona,faculty of sciences of the,department of chemistry
Spain,251424209,university of girona,faculty of economics of the,department of economics of the
Spain,251424209,university of girona,faculty of economics of the,department of business
Spain,251424209,university of girona,facultad de letras de la universidad de girona,department of philology and communication
Spain,251424209,university of girona,facultad de letras de la universidad de girona,department of philosophy
Spain,251424209,university of girona,facultad de letras de la universidad de girona,department of history and art history of the
Spain,251424209,university of girona,facultad de letras de la universidad de girona,department of philology and philosophy of the
Spain,251424209,university of girona,facultad de letras de la universidad de girona,department of geography history and art history of the
Spain,251424209,university of girona,faculty of medicine of the,department of medical sciences of the
Spain,251424209,university of girona,faculty of education and psychology of the,department of specific didactics of the
Spain,251424209,university of girona,faculty of education and psychology of the,department of pedagogy
Spain,251424209,university of girona,faculty of education and psychology of the,department of psychology
Spain,251424209,university of girona,faculty of education and psychology of the,department of didactics of the sciences the letters the arts and the physical education
Spain,251424209,university of girona,faculty of nursing of the,nursing department of the
Spain,170486558,pompeu fabra university,pompeu fabra university,department of humanities of the
Spain,5593406,university ramon llull,university ramon llull,esade law school
Spain,123044942,autonomous university of barcelona,autonomous university of barcelona,school of engineering of uab
Spain,123044942,autonomous university of barcelona,autonomous university of barcelona,uab faculty of arts and humanities
Spain,123044942,autonomous university of barcelona,autonomous university of barcelona,faculty of communication sciences
Spain,123044942,autonomous university of barcelona,autonomous university of barcelona,faculty of education sciences of the
Spain,123044942,autonomous university of barcelona,autonomous university of barcelona,faculty of political science and sociology
Spain,123044942,autonomous university of barcelona,autonomous university of barcelona,faculty of biosciences of the
Spain,123044942,autonomous university of barcelona,autonomous university of barcelona,department of cellular biology physiology and immunology uab
Spain,53110688,university of córdoba,university of córdoba,faculty of veterinary science of córdoba
Spain,82767444,universidad de málaga,universidad de málaga,faculty of education
United Kingdom,79510175,cardiff university,cardiff university,department of cardiology
United Kingdom,79510175,cardiff university,cardiff university,department of child health
United Kingdom,79510175,cardiff university,cardiff university,department of pharmacology therapeutics and toxicology
United Kingdom,79510175,cardiff university,cardiff university,department of zoology
United Kingdom,79510175,cardiff university,cardiff university,school of physics and astronomy
United Kingdom,79510175,cardiff university,cardiff university,school of postgraduate medical and dental education
United Kingdom,79510175,cardiff university,cardiff university,clinical department of endocrinology and diabetes
United Kingdom,79510175,cardiff university,cardiff university,section of geriatric medicine
United Kingdom,79510175,cardiff university,cardiff university,section of nephrology
United Kingdom,79510175,cardiff university,cardiff university,section of pathology
United Kingdom,79510175,cardiff university,cardiff university,section of surgery
United Kingdom,79510175,cardiff university,cardiff university,cardiff business school
United Kingdom,79510175,cardiff university,cardiff university,cardiff school of journalism media and cultural studies
United Kingdom,79510175,cardiff university,cardiff university,welsh school of architecture
United Kingdom,79510175,cardiff university,cardiff university,school of social sciences
United Kingdom,79510175,cardiff university,cardiff university,school of mathematics
United Kingdom,79510175,cardiff university,cardiff university,department of history
United Kingdom,79510175,cardiff university,cardiff university,school of history and archaeology and religion
United Kingdom,79510175,cardiff university,cardiff university,school of healthcare studies
United Kingdom,79510175,cardiff university,cardiff university,school of english communication and philosophy
United Kingdom,79510175,cardiff university,cardiff university,school of earth and ocean sciences
United Kingdom,79510175,cardiff university,cardiff university,university of cardiff tissue engineering and reparative dentistry
United Kingdom,79510175,cardiff university,cardiff university,school of dentistry
United Kingdom,79510175,cardiff university,cardiff university,cardiff school of chemistry
United Kingdom,79510175,cardiff university,cardiff university,cardiff school of biosciences
United Kingdom,79510175,cardiff university,cardiff university,department of religious studies and theology
United Kingdom,79510175,cardiff university,cardiff university,college of biomedical and life sciences
United Kingdom,79510175,cardiff university,cardiff university,college of physical sciences and engineering
United Kingdom,79510175,cardiff university,cardiff university,college of arts humanities and social sciences
United Kingdom,79510175,cardiff university,cardiff university,cardiff school of nursing and midwifery studies
United Kingdom,79510175,cardiff university,cardiff university,school of modern languages
United Kingdom,79510175,cardiff university,cardiff university,school of computer science and informatics
United Kingdom,5728261,university of sunderland,university of sunderland,department of computing engineering and technology
United Kingdom,5728261,university of sunderland,university of sunderland,department of culture
United Kingdom,5728261,university of sunderland,university of sunderland,department of education
United Kingdom,5728261,university of sunderland,university of sunderland,department of pharmacy health and well being
United Kingdom,5728261,university of sunderland,university of sunderland,department of psychology
United Kingdom,5728261,university of sunderland,university of sunderland,department of social sciences
United Kingdom,5728261,university of sunderland,university of sunderland,department of sport and exercise sciences
United Kingdom,5728261,university of sunderland,university of sunderland,faculty of applied sciences
United Kingdom,5728261,university of sunderland,university of sunderland,faculty of arts design and media
United Kingdom,5728261,university of sunderland,university of sunderland,faculty of education and society
United Kingdom,5728261,university of sunderland,university of sunderland,point of care centre
United Kingdom,5728261,university of sunderland,university of sunderland,faculty of business and law
United Kingdom,5728261,university of sunderland,university of sunderland,business school
United Kingdom,73417466,coventry university,coventry university,department of applied sciences and health
United Kingdom,73417466,coventry university,coventry university,department of computing
United Kingdom,73417466,coventry university,coventry university,department of design and visual arts
United Kingdom,73417466,coventry university,coventry university,department of english and languages
United Kingdom,73417466,coventry university,coventry university,department of industrial design
United Kingdom,73417466,coventry university,coventry university,department of international studies and social science
United Kingdom,73417466,coventry university,coventry university,department of mathematics and physics
United Kingdom,73417466,coventry university,coventry university,department of performing arts
United Kingdom,73417466,coventry university,coventry university,department of psychology and behavioural sciences
United Kingdom,73417466,coventry university,coventry university,department of social therapeutic and community studies
United Kingdom,73417466,coventry university,coventry university,faculty of business environment and society
United Kingdom,73417466,coventry university,coventry university,faculty of health and life sciences
United Kingdom,73417466,coventry university,coventry university,school of art and design
United Kingdom,73417466,coventry university,coventry university,african studies centre
United Kingdom,162608824,university of sussex,university of sussex,doctoral school
United Kingdom,162608824,university of sussex,university of sussex,school of global studies
United Kingdom,162608824,university of sussex,university of sussex,department of business and management
United Kingdom,162608824,university of sussex,university of sussex,centre for gender studies
United Kingdom,162608824,university of sussex,university of sussex,sussex law school
United Kingdom,162608824,university of sussex,university of sussex,department of politics
United Kingdom,162608824,university of sussex,university of sussex,department of sociology
United Kingdom,162608824,university of sussex,university of sussex,school of law politics and sociology
United Kingdom,162608824,university of sussex,university of sussex,school of psychology
United Kingdom,162608824,university of sussex,university of sussex,sussex centre for language studies
United Kingdom,162608824,university of sussex,university of sussex,centre for german jewish studies
United Kingdom,162608824,university of sussex,university of sussex,department of anthropology
United Kingdom,162608824,university of sussex,university of sussex,department of international development
United Kingdom,162608824,university of sussex,university of sussex,department of international relations
United Kingdom,162608824,university of sussex,university of sussex,department of social work and social care
United Kingdom,162608824,university of sussex,university of sussex,department of education
United Kingdom,162608824,university of sussex,university of sussex,school of education and social work
United Kingdom,162608824,university of sussex,university of sussex,centre for life history and life writing research
United Kingdom,162608824,university of sussex,university of sussex,department of physics and astronomy
United Kingdom,162608824,university of sussex,university of sussex,department of mathematics
United Kingdom,162608824,university of sussex,university of sussex,school of mathematical and physical sciences
United Kingdom,162608824,university of sussex,university of sussex,department of philosophy
United Kingdom,162608824,university of sussex,university of sussex,department of history
United Kingdom,162608824,university of sussex,university of sussex,department of art history
United Kingdom,162608824,university of sussex,university of sussex,department of informatics
United Kingdom,162608824,university of sussex,university of sussex,department of engineering and design
United Kingdom,162608824,university of sussex,university of sussex,school of engineering and informatics
United Kingdom,162608824,university of sussex,university of sussex,department of chemistry and biochemistry
United Kingdom,162608824,university of sussex,university of sussex,centre for study of evolution
United Kingdom,162608824,university of sussex,university of sussex,department of biochemistry and biomedical science
United Kingdom,162608824,university of sussex,university of sussex,school of life sciences
United Kingdom,162608824,university of sussex,university of sussex,science policy research unit
United Kingdom,162608824,university of sussex,university of sussex,department of economics
United Kingdom,162608824,university of sussex,university of sussex,sussex centre for american studies
United Kingdom,162608824,university of sussex,university of sussex,school of history art history and philosophy
United Kingdom,162608824,university of sussex,university of sussex,school of english
United Kingdom,162608824,university of sussex,university of sussex,department of evolution behaviour and environment
United Kingdom,162608824,university of sussex,university of sussex,school of media film and music
United Kingdom,162608824,university of sussex,university of sussex,centre for intellectual history
United Kingdom,162608824,university of sussex,university of sussex,centre for the analysis of regional integration at sussex
United Kingdom,162608824,university of sussex,university of sussex,department of media and film
United Kingdom,162608824,university of sussex,university of sussex,sussex centre for migration research
United Kingdom,162608824,university of sussex,university of sussex,centre for research in cognitive science
United Kingdom,162608824,university of sussex,university of sussex,department of music
United Kingdom,184558857,royal holloway university of london,royal holloway university of london,department of physics
United Kingdom,184558857,royal holloway university of london,royal holloway university of london,department of politics and international relations
United Kingdom,184558857,royal holloway university of london,royal holloway university of london,department of psychology
United Kingdom,184558857,royal holloway university of london,royal holloway university of london,school of biological sciences
United Kingdom,184558857,royal holloway university of london,royal holloway university of london,information security group
United Kingdom,184558857,royal holloway university of london,royal holloway university of london,bedford college
United Kingdom,184558857,royal holloway university of london,royal holloway university of london,faculty of arts and social sciences
United Kingdom,184558857,royal holloway university of london,royal holloway university of london,faculty of management and economics
United Kingdom,184558857,royal holloway university of london,royal holloway university of london,faculty of science
United Kingdom,184558857,royal holloway university of london,royal holloway university of london,department of computer science
United Kingdom,184558857,royal holloway university of london,royal holloway university of london,department of music
United Kingdom,184558857,royal holloway university of london,royal holloway university of london,school of modern languages literatures and cultures
United Kingdom,184558857,royal holloway university of london,royal holloway university of london,department of english
United Kingdom,184558857,royal holloway university of london,royal holloway university of london,department of history
United Kingdom,184558857,royal holloway university of london,royal holloway university of london,department of classics
United Kingdom,184558857,royal holloway university of london,royal holloway university of london,department of social work
United Kingdom,184558857,royal holloway university of london,royal holloway university of london,department of economics
United Kingdom,184558857,royal holloway university of london,royal holloway university of london,school of management
United Kingdom,184558857,royal holloway university of london,royal holloway university of london,department of drama and theatre
United Kingdom,184558857,royal holloway university of london,royal holloway university of london,department of media arts
United Kingdom,184558857,royal holloway university of london,royal holloway university of london,department of criminology and sociology
United Kingdom,184558857,royal holloway university of london,royal holloway university of london,department of mathematics
United Kingdom,184558857,royal holloway university of london,royal holloway university of london,information security group
United Kingdom,251738,edinburgh napier university,edinburgh napier university,faculty of health life and social sciences
United Kingdom,251738,edinburgh napier university,edinburgh napier university,faculty of engineering computing and creative industries
United Kingdom,251738,edinburgh napier university,edinburgh napier university,school of life sport and social sciences
United Kingdom,251738,edinburgh napier university,edinburgh napier university,school of nursing midwifery and social care
United Kingdom,251738,edinburgh napier university,edinburgh napier university,school of computing
United Kingdom,251738,edinburgh napier university,edinburgh napier university,ian tomlin school of music
United Kingdom,251738,edinburgh napier university,edinburgh napier university,school of arts and creative industries
United Kingdom,251738,edinburgh napier university,edinburgh napier university,school of engineering and the built environment
United Kingdom,251738,edinburgh napier university,edinburgh napier university,school of marketing tourism and languages
United Kingdom,251738,edinburgh napier university,edinburgh napier university,school of management
United Kingdom,251738,edinburgh napier university,edinburgh napier university,school of accounting financial services and law
United Kingdom,251738,edinburgh napier university,edinburgh napier university,business school
United Kingdom,868834043,university of the west of scotland,university of the west of scotland,school of creative and cultural industries
United Kingdom,868834043,university of the west of scotland,university of the west of scotland,school of education
United Kingdom,868834043,university of the west of scotland,university of the west of scotland,department of biological sciences
United Kingdom,868834043,university of the west of scotland,university of the west of scotland,department of chemical sciences
United Kingdom,868834043,university of the west of scotland,university of the west of scotland,department of mathematics and statistics
United Kingdom,868834043,university of the west of scotland,university of the west of scotland,department of sport health and exercise
United Kingdom,868834043,university of the west of scotland,university of the west of scotland,faculty of health education and social sciences
United Kingdom,868834043,university of the west of scotland,university of the west of scotland,faculty of science and technology
United Kingdom,868834043,university of the west of scotland,university of the west of scotland,school of computing
United Kingdom,868834043,university of the west of scotland,university of the west of scotland,school of health nursing and midwifery
United Kingdom,868834043,university of the west of scotland,university of the west of scotland,school of science
United Kingdom,868834043,university of the west of scotland,university of the west of scotland,school of social sciences
United Kingdom,868834043,university of the west of scotland,university of the west of scotland,scottish baptist college
United Kingdom,124261462,oxford brookes university,oxford brookes university,department of computing and communication technologies
United Kingdom,124261462,oxford brookes university,oxford brookes university,department of english and modern languages
United Kingdom,124261462,oxford brookes university,oxford brookes university,department of history philosophy and religion
United Kingdom,124261462,oxford brookes university,oxford brookes university,department of planning
United Kingdom,124261462,oxford brookes university,oxford brookes university,department of sport and health sciences
United Kingdom,124261462,oxford brookes university,oxford brookes university,faculty of health and life sciences
United Kingdom,124261462,oxford brookes university,oxford brookes university,oxford school of hospitality management
United Kingdom,124261462,oxford brookes university,oxford brookes university,school of education
United Kingdom,124261462,oxford brookes university,oxford brookes university,oxford brooks university department of clinical health care
United Kingdom,124261462,oxford brookes university,oxford brookes university,department of social sciences
United Kingdom,124261462,oxford brookes university,oxford brookes university,faculty of humanities and social sciences
United Kingdom,124261462,oxford brookes university,oxford brookes university,faculty of technology design and environment
United Kingdom,124261462,oxford brookes university,oxford brookes university,faculty of business
United Kingdom,124261462,oxford brookes university,oxford brookes university,department of accounting finance and economics
United Kingdom,157227730,university of east london,university of east london,department of cultural studies
United Kingdom,157227730,university of east london,university of east london,cass school of education and communities
United Kingdom,157227730,university of east london,university of east london,school of psychology
United Kingdom,157227730,university of east london,university of east london,school of health sport and bioscience
United Kingdom,157227730,university of east london,university of east london,graduate school
United Kingdom,157227730,university of east london,university of east london,school of arts and digital industries
United Kingdom,157227730,university of east london,university of east london,royal docks business school
United Kingdom,157227730,university of east london,university of east london,school of architecture computing and engineering
United Kingdom,157227730,university of east london,university of east london,school of combined honours
United Kingdom,39586589,swansea university,swansea university,department of english language and literature
United Kingdom,39586589,swansea university,swansea university,department of languages translation and communication
United Kingdom,39586589,swansea university,swansea university,department of political and cultural studies
United Kingdom,39586589,swansea university,swansea university,department of public health and policy studies
United Kingdom,39586589,swansea university,swansea university,chemical and biological process engineering department
United Kingdom,39586589,swansea university,swansea university,college of engineering
United Kingdom,39586589,swansea university,swansea university,department of sport and exercise science
United Kingdom,39586589,swansea university,swansea university,department of media and communication studies
United Kingdom,39586589,swansea university,swansea university,academi hywel teifi
United Kingdom,39586589,swansea university,swansea university,department of classics ancient history and egyptology
United Kingdom,39586589,swansea university,swansea university,department of history and classics
United Kingdom,39586589,swansea university,swansea university,university of swansea department of translation studies
United Kingdom,39586589,swansea university,swansea university,department of modern languages
United Kingdom,39586589,swansea university,swansea university,college of arts and humanities
United Kingdom,39586589,swansea university,swansea university,department of mathematics
United Kingdom,39586589,swansea university,swansea university,department of physics
United Kingdom,39586589,swansea university,swansea university,department of computer science
United Kingdom,39586589,swansea university,swansea university,department of psychology
United Kingdom,39586589,swansea university,swansea university,department of biosciences
United Kingdom,39586589,swansea university,swansea university,college of science
United Kingdom,39586589,swansea university,swansea university,school of management
United Kingdom,39586589,swansea university,swansea university,college of human and health sciences
United Kingdom,39586589,swansea university,swansea university,department of civil engineering
United Kingdom,39586589,swansea university,swansea university,german language programme
United Kingdom,51601045,university of bath,university of bath,department of social and policy sciences
United Kingdom,51601045,university of bath,university of bath,division for lifelong learning foundation degrees
United Kingdom,51601045,university of bath,university of bath,english language centre
United Kingdom,51601045,university of bath,university of bath,faculty of humanities and social sciences
United Kingdom,51601045,university of bath,university of bath,faculty of science
United Kingdom,51601045,university of bath,university of bath,faculty of engineering and design
United Kingdom,51601045,university of bath,university of bath,faculty of management
United Kingdom,51601045,university of bath,university of bath,department of pharmacy and pharmacology
United Kingdom,51601045,university of bath,university of bath,department of mechanical engineering
United Kingdom,51601045,university of bath,university of bath,department for health
United Kingdom,51601045,university of bath,university of bath,department of computer science
United Kingdom,51601045,university of bath,university of bath,department of mathematical sciences
United Kingdom,51601045,university of bath,university of bath,department of biology and biochemistry
United Kingdom,51601045,university of bath,university of bath,department of politics languages and international studies
United Kingdom,51601045,university of bath,university of bath,department of chemistry
United Kingdom,51601045,university of bath,university of bath,department of physics
United Kingdom,51601045,university of bath,university of bath,department of architecture and civil engineering
United Kingdom,51601045,university of bath,university of bath,department of economics
United Kingdom,51601045,university of bath,university of bath,department of education
United Kingdom,51601045,university of bath,university of bath,department of chemical engineering
United Kingdom,71052956,university of reading,university of reading,department of film theatre and television
United Kingdom,71052956,university of reading,university of reading,department of food economics and marketing
United Kingdom,71052956,university of reading,university of reading,faculty of arts humanities and social science
United Kingdom,71052956,university of reading,university of reading,faculty of life sciences
United Kingdom,71052956,university of reading,university of reading,faculty of science
United Kingdom,71052956,university of reading,university of reading,science and technology centre
United Kingdom,71052956,university of reading,university of reading,department of archaeology
United Kingdom,71052956,university of reading,university of reading,department of economics
United Kingdom,71052956,university of reading,university of reading,school of construction management and engineering
United Kingdom,71052956,university of reading,university of reading,cybernetics research group
United Kingdom,71052956,university of reading,university of reading,department of mathematics and statistics
United Kingdom,71052956,university of reading,university of reading,school of mathematical and physical sciences
United Kingdom,71052956,university of reading,university of reading,school of psychology and clinical language sciences
United Kingdom,71052956,university of reading,university of reading,department of food and nutritional sciences
United Kingdom,71052956,university of reading,university of reading,department of chemistry
United Kingdom,71052956,university of reading,university of reading,school of pharmacy
United Kingdom,71052956,university of reading,university of reading,school of chemistry food and pharmacy
United Kingdom,71052956,university of reading,university of reading,school of agriculture policy and development
United Kingdom,71052956,university of reading,university of reading,school of english language and literature
United Kingdom,71052956,university of reading,university of reading,department of typography and graphic communication
United Kingdom,71052956,university of reading,university of reading,school of arts and communication design
United Kingdom,71052956,university of reading,university of reading,department of history
United Kingdom,71052956,university of reading,university of reading,department of classics
United Kingdom,71052956,university of reading,university of reading,school of humanities
United Kingdom,71052956,university of reading,university of reading,school of law
United Kingdom,71052956,university of reading,university of reading,school of politics economics and international relations
United Kingdom,71052956,university of reading,university of reading,school of archaeology geography and environmental science
United Kingdom,71052956,university of reading,university of reading,national centre for language and literacy
United Kingdom,71052956,university of reading,university of reading,national centre for biotechnology education
United Kingdom,71052956,university of reading,university of reading,department of modern languages and european studies
United Kingdom,71052956,university of reading,university of reading,school of systems engineering
United Kingdom,71052956,university of reading,university of reading,department of politics and international relations
United Kingdom,71052956,university of reading,university of reading,italian studies programme
United Kingdom,71052956,university of reading,university of reading,department of philosophy
United Kingdom,71052956,university of reading,university of reading,graduate centre for medieval studies
United Kingdom,71052956,university of reading,university of reading,department of meteorology
United Kingdom,71052956,university of reading,university of reading,school of biological sciences
United Kingdom,191240316,university of hull,university of hull,department of social sciences
United Kingdom,191240316,university of hull,university of hull,faculty of arts and social sciences
United Kingdom,191240316,university of hull,university of hull,faculty of health and social care
United Kingdom,191240316,university of hull,university of hull,faculty of science and engineering
United Kingdom,191240316,university of hull,university of hull,department of geology
United Kingdom,191240316,university of hull,university of hull,faculty of education
United Kingdom,191240316,university of hull,university of hull,centre for environmental and marine sciences
United Kingdom,191240316,university of hull,university of hull,department of chemistry
United Kingdom,191240316,university of hull,university of hull,department of psychology
United Kingdom,191240316,university of hull,university of hull,law school
United Kingdom,191240316,university of hull,university of hull,department of history
United Kingdom,191240316,university of hull,university of hull,department of drama music and screen
United Kingdom,191240316,university of hull,university of hull,centre for spirituality studies
United Kingdom,191240316,university of hull,university of hull,centre for security studies
United Kingdom,191240316,university of hull,university of hull,department of social work
United Kingdom,191240316,university of hull,university of hull,school of languages linguistics and cultures
United Kingdom,191240316,university of hull,university of hull,department of psychological health and wellbeing
United Kingdom,191240316,university of hull,university of hull,department of health technology and perioperative practice
United Kingdom,191240316,university of hull,university of hull,department of computer science
United Kingdom,191240316,university of hull,university of hull,scarborough school of arts and new media
United Kingdom,191240316,university of hull,university of hull,department of english
United Kingdom,191240316,university of hull,university of hull,department of geography environment and earth sciences
United Kingdom,191240316,university of hull,university of hull,scarborough school of education
United Kingdom,191240316,university of hull,university of hull,school of politics philosophy and international studies
United Kingdom,191240316,university of hull,university of hull,centre for educational studies
United Kingdom,191240316,university of hull,university of hull,department of nursing
United Kingdom,191240316,university of hull,university of hull,department of midwifery and child health
United Kingdom,191240316,university of hull,university of hull,school of biological biomedical and environmental sciences
United Kingdom,191240316,university of hull,university of hull,school of engineering
United Kingdom,191240316,university of hull,university of hull,department of physics and mathematics
United Kingdom,191240316,university of hull,university of hull,department of sport health and exercise science
United Kingdom,191240316,university of hull,university of hull,scarborough centre for health care studies
United Kingdom,191240316,university of hull,university of hull,centre for legislative studies
United Kingdom,877506347,university of abertay dundee,university of abertay dundee,school of arts media and computer games
United Kingdom,877506347,university of abertay dundee,university of abertay dundee,university of abertay school of contemporary sciences
United Kingdom,877506347,university of abertay dundee,university of abertay dundee,university of abertay school of engineering computing and applied mathematics
United Kingdom,877506347,university of abertay dundee,university of abertay dundee,university of abertay school of social and health sciences
United Kingdom,877506347,university of abertay dundee,university of abertay dundee,university of abertay division of environment and forensic science
United Kingdom,877506347,university of abertay dundee,university of abertay dundee,university of abertay division of food and life sciences
United Kingdom,877506347,university of abertay dundee,university of abertay dundee,university of abertay division of nursing and counselling
United Kingdom,877506347,university of abertay dundee,university of abertay dundee,university of abertay division of psychology
United Kingdom,877506347,university of abertay dundee,university of abertay dundee,university of abertay division of sociology
United Kingdom,877506347,university of abertay dundee,university of abertay dundee,university of abertay division of sport and exercise sciences
United Kingdom,877506347,university of abertay dundee,university of abertay dundee,university of abertay urban water technology centre
United Kingdom,198012923,university of staffordshire,university of staffordshire,staffordshire university school of art and design
United Kingdom,198012923,university of staffordshire,university of staffordshire,staffordshire university faculty of health sciences
United Kingdom,198012923,university of staffordshire,university of staffordshire,staffordshire university faculty of arts and creative technologies
United Kingdom,198012923,university of staffordshire,university of staffordshire,staffordshire university faculty of business education and law
United Kingdom,198012923,university of staffordshire,university of staffordshire,staffordshire university faculty of computing engineering and sciences
United Kingdom,198012923,university of staffordshire,university of staffordshire,staffordshire university school of journalism humanities and social sciences
United Kingdom,198012923,university of staffordshire,university of staffordshire,staffordshire university business school
United Kingdom,198012923,university of staffordshire,university of staffordshire,staffordshire university school of sciences
United Kingdom,198012923,university of staffordshire,university of staffordshire,staffordshire university law school
United Kingdom,198012923,university of staffordshire,university of staffordshire,staffordshire university school of education
United Kingdom,198012923,university of staffordshire,university of staffordshire,staffordshire university school of computing
United Kingdom,198012923,university of staffordshire,university of staffordshire,staffordshire university school of engineering
United Kingdom,198012923,university of staffordshire,university of staffordshire,staffordshire university school of nursing and midwifery
United Kingdom,198012923,university of staffordshire,university of staffordshire,staffordshire university school of film sound and vision
United Kingdom,198012923,university of staffordshire,university of staffordshire,staffordshire university school of psychology sport and exercise
United Kingdom,198012923,university of staffordshire,university of staffordshire,staffordshire university school of social work allied and public health
United Kingdom,32062511,heriot watt university,heriot watt university,department of mechanical engineering
United Kingdom,32062511,heriot watt university,heriot watt university,school of engineering and physical sciences
United Kingdom,32062511,heriot watt university,heriot watt university,school of the built environment
United Kingdom,32062511,heriot watt university,heriot watt university,physics department
United Kingdom,32062511,heriot watt university,heriot watt university,school of textiles and design
United Kingdom,32062511,heriot watt university,heriot watt university,department of computer science
United Kingdom,32062511,heriot watt university,heriot watt university,school of mathematical and computer sciences
United Kingdom,32062511,heriot watt university,heriot watt university,department of mathematics
United Kingdom,32062511,heriot watt university,heriot watt university,international centre for island technology
United Kingdom,32062511,heriot watt university,heriot watt university,department of languages and intercultural studies
United Kingdom,32062511,heriot watt university,heriot watt university,logistics research centre
United Kingdom,32062511,heriot watt university,heriot watt university,school of management and languages
United Kingdom,32062511,heriot watt university,heriot watt university,school of life sciences
United Kingdom,63098007,liverpool john moores university,liverpool john moores university,faculty of arts professional and social studies
United Kingdom,63098007,liverpool john moores university,liverpool john moores university,faculty of education community and leisure
United Kingdom,63098007,liverpool john moores university,liverpool john moores university,faculty of health and applied social sciences
United Kingdom,63098007,liverpool john moores university,liverpool john moores university,faculty of technology and environment
United Kingdom,63098007,liverpool john moores university,liverpool john moores university,school of humanities and social science
United Kingdom,63098007,liverpool john moores university,liverpool john moores university,school of the built environment
United Kingdom,63098007,liverpool john moores university,liverpool john moores university,liverpool school of art and design
United Kingdom,63098007,liverpool john moores university,liverpool john moores university,liverpool screen school
United Kingdom,63098007,liverpool john moores university,liverpool john moores university,school of natural sciences and psychology
United Kingdom,63098007,liverpool john moores university,liverpool john moores university,school of computing and mathematical sciences
United Kingdom,63098007,liverpool john moores university,liverpool john moores university,school of pharmacy and biomolecular sciences
United Kingdom,63098007,liverpool john moores university,liverpool john moores university,school of sport and exercise sciences
United Kingdom,165678365,university of greater manchester,university of greater manchester,university of bolton faculty of wellbeing and social sciences
United Kingdom,165678365,university of greater manchester,university of greater manchester,university of bolton art design and media
United Kingdom,165678365,university of greater manchester,university of greater manchester,university of bolton health and social care
United Kingdom,165678365,university of greater manchester,university of greater manchester,university of bolton creative technologies
United Kingdom,165678365,university of greater manchester,university of greater manchester,university of bolton education and psychology
United Kingdom,165678365,university of greater manchester,university of greater manchester,university of bolton business accountancy and law
United Kingdom,897542642,university of plymouth,university of plymouth,faculty of health and human sciences
United Kingdom,897542642,university of plymouth,university of plymouth,faculty of science and environment
United Kingdom,897542642,university of plymouth,university of plymouth,school of architecture design and environment
United Kingdom,897542642,university of plymouth,university of plymouth,school of biological sciences
United Kingdom,897542642,university of plymouth,university of plymouth,school of government
United Kingdom,897542642,university of plymouth,university of plymouth,school of marine science and engineering
United Kingdom,897542642,university of plymouth,university of plymouth,faculty of arts
United Kingdom,897542642,university of plymouth,university of plymouth,school of health professions
United Kingdom,897542642,university of plymouth,university of plymouth,school of art and media
United Kingdom,897542642,university of plymouth,university of plymouth,school of humanities and performing arts
United Kingdom,897542642,university of plymouth,university of plymouth,school of nursing and midwifery
United Kingdom,897542642,university of plymouth,university of plymouth,school of psychology
United Kingdom,897542642,university of plymouth,university of plymouth,school of geography earth and environmental sciences
United Kingdom,897542642,university of plymouth,university of plymouth,school of computing and mathematics
United Kingdom,897542642,university of plymouth,university of plymouth,plymouth university peninsula school of dentistry
United Kingdom,897542642,university of plymouth,university of plymouth,plymouth university peninsula school of medicine
United Kingdom,56007636,university of keele,university of keele,keele university department of american studies
United Kingdom,56007636,university of keele,university of keele,keele university department of chemistry
United Kingdom,56007636,university of keele,university of keele,keele university department of criminology
United Kingdom,56007636,university of keele,university of keele,keele university department of education
United Kingdom,56007636,university of keele,university of keele,keele university department of english
United Kingdom,56007636,university of keele,university of keele,keele university department of forensic science
United Kingdom,56007636,university of keele,university of keele,keele university department of history
United Kingdom,56007636,university of keele,university of keele,keele university department of physics and astrophysics
United Kingdom,56007636,university of keele,university of keele,keele university faculty of health
United Kingdom,56007636,university of keele,university of keele,keele university faculty of humanities and social science
United Kingdom,56007636,university of keele,university of keele,keele university faculty of natural sciences
United Kingdom,56007636,university of keele,university of keele,keele university school of computing and mathematics
United Kingdom,56007636,university of keele,university of keele,keele university school of humanities
United Kingdom,56007636,university of keele,university of keele,keele university school of life sciences
United Kingdom,56007636,university of keele,university of keele,keele university school of physical and geographical sciences
United Kingdom,56007636,university of keele,university of keele,keele university school of psychology
United Kingdom,56007636,university of keele,university of keele,keele university school of public policy and professional practice
United Kingdom,56007636,university of keele,university of keele,keele university school of sociology and criminology
United Kingdom,56007636,university of keele,university of keele,keele university health policy and leadership
United Kingdom,56007636,university of keele,university of keele,keele university language learning unit
United Kingdom,56007636,university of keele,university of keele,keele university politics international relations and philosophy
United Kingdom,56007636,university of keele,university of keele,keele university short courses and continuing education
United Kingdom,141584323,university of hertfordshire,university of hertfordshire,school of computer science
United Kingdom,141584323,university of hertfordshire,university of hertfordshire,school of creative arts
United Kingdom,141584323,university of hertfordshire,university of hertfordshire,school of law
United Kingdom,141584323,university of hertfordshire,university of hertfordshire,school of physics astronomy and mathematics
United Kingdom,141584323,university of hertfordshire,university of hertfordshire,school of education
United Kingdom,141584323,university of hertfordshire,university of hertfordshire,school of health and social work
United Kingdom,141584323,university of hertfordshire,university of hertfordshire,department of human and environmental sciences
United Kingdom,141584323,university of hertfordshire,university of hertfordshire,department of psychology
United Kingdom,141584323,university of hertfordshire,university of hertfordshire,school of life and medical sciences
United Kingdom,141584323,university of hertfordshire,university of hertfordshire,school of humanities
United Kingdom,141584323,university of hertfordshire,university of hertfordshire,department of allied health professions and midwifery
United Kingdom,141584323,university of hertfordshire,university of hertfordshire,department of nursing and social work
United Kingdom,141584323,university of hertfordshire,university of hertfordshire,department of philosophy
United Kingdom,71422933,sheffield hallam university,sheffield hallam university,department of allied health professions
United Kingdom,71422933,sheffield hallam university,sheffield hallam university,department of computing
United Kingdom,71422933,sheffield hallam university,sheffield hallam university,department of education childhood and inclusion
United Kingdom,71422933,sheffield hallam university,sheffield hallam university,department of engineering and mathematics
United Kingdom,71422933,sheffield hallam university,sheffield hallam university,department of humanities
United Kingdom,71422933,sheffield hallam university,sheffield hallam university,department of media arts and communication
United Kingdom,71422933,sheffield hallam university,sheffield hallam university,department of psychology sociology and politics
United Kingdom,71422933,sheffield hallam university,sheffield hallam university,department of social work social care and community studies
United Kingdom,71422933,sheffield hallam university,sheffield hallam university,department of teacher education
United Kingdom,71422933,sheffield hallam university,sheffield hallam university,department of the natural and built environment
United Kingdom,71422933,sheffield hallam university,sheffield hallam university,faculty of arts computing engineering and sciences
United Kingdom,71422933,sheffield hallam university,sheffield hallam university,faculty of development and society
United Kingdom,71422933,sheffield hallam university,sheffield hallam university,faculty of health and wellbeing
United Kingdom,71422933,sheffield hallam university,sheffield hallam university,academy of sport and physical activity
United Kingdom,71422933,sheffield hallam university,sheffield hallam university,national centre of excellence for food engineering
United Kingdom,71422933,sheffield hallam university,sheffield hallam university,department of english
United Kingdom,71422933,sheffield hallam university,sheffield hallam university,sheffield business school
United Kingdom,165526535,royal college of art,royal college of art,design interactions department
United Kingdom,522815984,robert gordon university,robert gordon university,school of computing
United Kingdom,522815984,robert gordon university,robert gordon university,faculty of health and social care
United Kingdom,522815984,robert gordon university,robert gordon university,faculty of design and technology
United Kingdom,522815984,robert gordon university,robert gordon university,school of health sciences
United Kingdom,522815984,robert gordon university,robert gordon university,school of applied social studies
United Kingdom,522815984,robert gordon university,robert gordon university,law school
United Kingdom,522815984,robert gordon university,robert gordon university,aberdeen business school
United Kingdom,522815984,robert gordon university,robert gordon university,gray s school of art
United Kingdom,522815984,robert gordon university,robert gordon university,school of engineering
United Kingdom,522815984,robert gordon university,robert gordon university,school of pharmacy and life sciences
United Kingdom,82284825,cranfield university,cranfield university,school of applied sciences
United Kingdom,119664326,university of wolverh ton,university of wolverh ton,school of biology chemistry and forensic science
United Kingdom,119664326,university of wolverh ton,university of wolverh ton,school of biomedical science and physiology
United Kingdom,119664326,university of wolverh ton,university of wolverh ton,school of social historical and political studies
United Kingdom,119664326,university of wolverh ton,university of wolverh ton,faculty of science and engineering
United Kingdom,119664326,university of wolverh ton,university of wolverh ton,university of wolverhapton faculty of social sciences
United Kingdom,119664326,university of wolverh ton,university of wolverh ton,faculty of arts
United Kingdom,119664326,university of wolverh ton,university of wolverh ton,faculty of education health and wellbeing
United Kingdom,119664326,university of wolverh ton,university of wolverh ton,school of humanities
United Kingdom,119664326,university of wolverh ton,university of wolverh ton,school performing arts
United Kingdom,119664326,university of wolverh ton,university of wolverh ton,school of art and design
United Kingdom,119664326,university of wolverh ton,university of wolverh ton,school of architecture and built environment
United Kingdom,119664326,university of wolverh ton,university of wolverh ton,school of engineering
United Kingdom,119664326,university of wolverh ton,university of wolverh ton,school of mathematics and computer science
United Kingdom,119664326,university of wolverh ton,university of wolverh ton,school of pharmacy
United Kingdom,119664326,university of wolverh ton,university of wolverh ton,business school
United Kingdom,119664326,university of wolverh ton,university of wolverh ton,school of media
United Kingdom,119664326,university of wolverh ton,university of wolverh ton,department of performing arts
United Kingdom,44852757,liverpool hope university,liverpool hope university,department of biology
United Kingdom,44852757,liverpool hope university,liverpool hope university,department of drama dance and performance studies
United Kingdom,44852757,liverpool hope university,liverpool hope university,department of english
United Kingdom,44852757,liverpool hope university,liverpool hope university,department of fine and applied art
United Kingdom,44852757,liverpool hope university,liverpool hope university,department of history and politics
United Kingdom,44852757,liverpool hope university,liverpool hope university,department of media and communication
United Kingdom,44852757,liverpool hope university,liverpool hope university,department of music
United Kingdom,44852757,liverpool hope university,liverpool hope university,department of social science
United Kingdom,44852757,liverpool hope university,liverpool hope university,department of social work care and justice
United Kingdom,44852757,liverpool hope university,liverpool hope university,department of theology philosophy and religious studies
United Kingdom,44852757,liverpool hope university,liverpool hope university,faculty of arts and humanities
United Kingdom,44852757,liverpool hope university,liverpool hope university,faculty of science
United Kingdom,44852757,liverpool hope university,liverpool hope university,school of teacher education
United Kingdom,44852757,liverpool hope university,liverpool hope university,faculty of education
United Kingdom,44852757,liverpool hope university,liverpool hope university,department of psychology
United Kingdom,44852757,liverpool hope university,liverpool hope university,department of mathematics and computer science
United Kingdom,44852757,liverpool hope university,liverpool hope university,hope business school
United Kingdom,44852757,liverpool hope university,liverpool hope university,school of health sciences
United Kingdom,126193024,london metropolitan university,london metropolitan university,faculty of business and law
United Kingdom,126193024,london metropolitan university,london metropolitan university,sir john cass faculty of art architecture and design
United Kingdom,126193024,london metropolitan university,london metropolitan university,school of architecture
United Kingdom,126193024,london metropolitan university,london metropolitan university,school of art
United Kingdom,126193024,london metropolitan university,london metropolitan university,school of design
United Kingdom,56657469,london metropolitan university,london metropolitan university,faculty of social sciences and humanities
United Kingdom,56657469,london metropolitan university,london metropolitan university,faculty of life sciences and computing
United Kingdom,56657469,london metropolitan university,london metropolitan university,school of computing
United Kingdom,56657469,london metropolitan university,london metropolitan university,school of human sciences
United Kingdom,56657469,london metropolitan university,london metropolitan university,school of social professions
United Kingdom,56657469,london metropolitan university,london metropolitan university,school of social sciences
United Kingdom,56657469,london metropolitan university,london metropolitan university,school of psychology
United Kingdom,56657469,london metropolitan university,london metropolitan university,school of media culture and communications
United Kingdom,11983389,manchester metropolitan university,manchester metropolitan university,department of exercise and sport science
United Kingdom,11983389,manchester metropolitan university,manchester metropolitan university,department of psychology
United Kingdom,11983389,manchester metropolitan university,manchester metropolitan university,department of social care and social work
United Kingdom,11983389,manchester metropolitan university,manchester metropolitan university,faculty of health psychology and social care
United Kingdom,11983389,manchester metropolitan university,manchester metropolitan university,department of chemistry and environmental science
United Kingdom,11983389,manchester metropolitan university,manchester metropolitan university,department of health professions
United Kingdom,11983389,manchester metropolitan university,manchester metropolitan university,faculty of education
United Kingdom,11983389,manchester metropolitan university,manchester metropolitan university,faculty of science and engineering
United Kingdom,11983389,manchester metropolitan university,manchester metropolitan university,school of computing mathematics and digital technology
United Kingdom,11983389,manchester metropolitan university,manchester metropolitan university,school of healthcare science
United Kingdom,11983389,manchester metropolitan university,manchester metropolitan university,school of science and the environment
United Kingdom,11983389,manchester metropolitan university,manchester metropolitan university,division of biology and conservation ecology
United Kingdom,11983389,manchester metropolitan university,manchester metropolitan university,division of geography and environmental management
United Kingdom,11983389,manchester metropolitan university,manchester metropolitan university,hollings faculty
United Kingdom,11983389,manchester metropolitan university,manchester metropolitan university,school of art
United Kingdom,11983389,manchester metropolitan university,manchester metropolitan university,faculty of humanities languages and social science
United Kingdom,11983389,manchester metropolitan university,manchester metropolitan university,department of art
United Kingdom,11983389,manchester metropolitan university,manchester metropolitan university,department of design
United Kingdom,11983389,manchester metropolitan university,manchester metropolitan university,department of media
United Kingdom,11983389,manchester metropolitan university,manchester metropolitan university,department of sociology and criminology
United Kingdom,11983389,manchester metropolitan university,manchester metropolitan university,department of history
United Kingdom,11983389,manchester metropolitan university,manchester metropolitan university,department of languages
United Kingdom,11983389,manchester metropolitan university,manchester metropolitan university,department of politics philosophy and public services
United Kingdom,11983389,manchester metropolitan university,manchester metropolitan university,department of english
United Kingdom,11983389,manchester metropolitan university,manchester metropolitan university,department of information and communications
United Kingdom,11983389,manchester metropolitan university,manchester metropolitan university,department of business and management
United Kingdom,11983389,manchester metropolitan university,manchester metropolitan university,department of contemporary arts
United Kingdom,11983389,manchester metropolitan university,manchester metropolitan university,department of interdisciplinary studies
United Kingdom,11983389,manchester metropolitan university,manchester metropolitan university,language centre
United Kingdom,55060895,university of greenwich,university of greenwich,department of architecture and landscape
United Kingdom,55060895,university of greenwich,university of greenwich,department of computing and information systems
United Kingdom,55060895,university of greenwich,university of greenwich,department of creative professions and digital arts
United Kingdom,55060895,university of greenwich,university of greenwich,department of education and community studies
United Kingdom,55060895,university of greenwich,university of greenwich,department of history politics and social sciences
United Kingdom,55060895,university of greenwich,university of greenwich,department of life and sports sciences
United Kingdom,55060895,university of greenwich,university of greenwich,department of literature language and theatre
United Kingdom,55060895,university of greenwich,university of greenwich,department of mathematical sciences
United Kingdom,55060895,university of greenwich,university of greenwich,department of pharmaceutical chemical and environmental sciences
United Kingdom,55060895,university of greenwich,university of greenwich,department of psychology social work and counselling
United Kingdom,55060895,university of greenwich,university of greenwich,department of secondary llte and pe and sport
United Kingdom,55060895,university of greenwich,university of greenwich,department of technology management and enterprise
United Kingdom,55060895,university of greenwich,university of greenwich,faculty of architecture computing and humanities
United Kingdom,55060895,university of greenwich,university of greenwich,faculty of education and health
United Kingdom,55060895,university of greenwich,university of greenwich,faculty of engineering and science
United Kingdom,166337079,queen mary university of london,school of physical and chemical sciences,department of physics and astronomy
United Kingdom,166337079,queen mary university of london,queen mary university of london,queen mary university department of drama
United Kingdom,166337079,queen mary university of london,queen mary university of london,queen mary university department of english
United Kingdom,166337079,queen mary university of london,queen mary university of london,department of french
United Kingdom,166337079,queen mary university of london,queen mary university of london,department of iberian and latin american studies
United Kingdom,166337079,queen mary university of london,queen mary university of london,faculty of humanities and social sciences
United Kingdom,166337079,queen mary university of london,queen mary university of london,faculty of medicine and dentistry
United Kingdom,166337079,queen mary university of london,queen mary university of london,faculty of science and engineering
United Kingdom,166337079,queen mary university of london,queen mary university of london,school of biological and chemical sciences
United Kingdom,166337079,queen mary university of london,queen mary university of london,school of economics and finance
United Kingdom,166337079,queen mary university of london,queen mary university of london,school of english and drama
United Kingdom,166337079,queen mary university of london,queen mary university of london,school of history
United Kingdom,166337079,queen mary university of london,queen mary university of london,school of language linguistics and film
United Kingdom,166337079,queen mary university of london,queen mary university of london,school of mathematical science
United Kingdom,166337079,queen mary university of london,queen mary university of london,queen mary university school of geography
United Kingdom,166337079,queen mary university of london,queen mary university of london,queen mary university school of politics and international relations
United Kingdom,166337079,queen mary university of london,queen mary university of london,language centre
United Kingdom,166337079,queen mary university of london,queen mary university of london,school of physical and chemical sciences
United Kingdom,166337079,queen mary university of london,queen mary university of london,school of engineering and materials science
United Kingdom,166337079,queen mary university of london,queen mary university of london,department of computer science
United Kingdom,166337079,queen mary university of london,queen mary university of london,school of electronic engineering and computer science
United Kingdom,128993996,university of south wales,university of south wales,faculty of creative industries
United Kingdom,128993996,university of south wales,university of south wales,faculty of business and society
United Kingdom,128993996,university of south wales,university of south wales,faculty of computing engineering and science
United Kingdom,128993996,university of south wales,university of south wales,school of humanities and social sciences
United Kingdom,128993996,university of south wales,university of south wales,faculty of life sciences and education
United Kingdom,128993996,university of south wales,university of south wales,school of art and design
United Kingdom,128993996,university of south wales,university of south wales,school of education
United Kingdom,128993996,university of south wales,university of south wales,department of english and creative writing
United Kingdom,128993996,university of south wales,university of south wales,department of history
United Kingdom,128993996,university of south wales,university of south wales,business school
United Kingdom,128993996,university of south wales,university of south wales,centre for community learning
United Kingdom,128993996,university of south wales,university of south wales,school of care sciences
United Kingdom,178535277,university of the west of england,university of the west of england,department of geography and environmental management
United Kingdom,178535277,university of the west of england,university of the west of england,department of creative industries uwe bristol
United Kingdom,178535277,university of the west of england,university of the west of england,school of education
United Kingdom,178535277,university of the west of england,university of the west of england,school of humanities languages and social sciences
United Kingdom,178535277,university of the west of england,university of the west of england,faculty of business and law
United Kingdom,178535277,university of the west of england,university of the west of england,faculty of arts creative industries and education
United Kingdom,178535277,university of the west of england,university of the west of england,department of health and social sciences
United Kingdom,178535277,university of the west of england,university of the west of england,bristol s international college
United Kingdom,178535277,university of the west of england,university of the west of england,department of nursing and midwifery
United Kingdom,178535277,university of the west of england,university of the west of england,department of arts and cultural industries
United Kingdom,178535277,university of the west of england,university of the west of england,school of art and design
United Kingdom,178535277,university of the west of england,university of the west of england,school of film and journalism
United Kingdom,52590639,nottingham trent university,nottingham trent university,department of construction management
United Kingdom,52590639,nottingham trent university,nottingham trent university,department of product design
United Kingdom,52590639,nottingham trent university,nottingham trent university,department of property management
United Kingdom,52590639,nottingham trent university,nottingham trent university,division of economics
United Kingdom,52590639,nottingham trent university,nottingham trent university,nottingham university industrial and commercial enterprise ltd
United Kingdom,52590639,nottingham trent university,nottingham trent university,department of architecture
United Kingdom,52590639,nottingham trent university,nottingham trent university,division of psychology
United Kingdom,52590639,nottingham trent university,nottingham trent university,college of art and design and the built environment
United Kingdom,52590639,nottingham trent university,nottingham trent university,school of architecture design and the built environment
United Kingdom,52590639,nottingham trent university,nottingham trent university,college of arts and science
United Kingdom,52590639,nottingham trent university,nottingham trent university,school of animal rural and environmental sciences
United Kingdom,52590639,nottingham trent university,nottingham trent university,school of arts and humanities
United Kingdom,52590639,nottingham trent university,nottingham trent university,school of education
United Kingdom,52590639,nottingham trent university,nottingham trent university,school of social sciences
United Kingdom,52590639,nottingham trent university,nottingham trent university,nottingham crime research unit
United Kingdom,52590639,nottingham trent university,nottingham trent university,department of history and heritage
United Kingdom,52590639,nottingham trent university,nottingham trent university,department of language and international studies
United Kingdom,52590639,nottingham trent university,nottingham trent university,accounting and finance division
United Kingdom,52590639,nottingham trent university,nottingham trent university,human resource management division
United Kingdom,52590639,nottingham trent university,nottingham trent university,division of management
United Kingdom,52590639,nottingham trent university,nottingham trent university,division of marketing
United Kingdom,52590639,nottingham trent university,nottingham trent university,division of politics and international relations
United Kingdom,52590639,nottingham trent university,nottingham trent university,division of social work and professional practice
United Kingdom,52590639,nottingham trent university,nottingham trent university,division of sociology
United Kingdom,52590639,nottingham trent university,nottingham trent university,college of business law and social sciences
United Kingdom,52590639,nottingham trent university,nottingham trent university,department of communication culture and media
United Kingdom,52590639,nottingham trent university,nottingham trent university,department of english
United Kingdom,52590639,nottingham trent university,nottingham trent university,design for technology education department
United Kingdom,52590639,nottingham trent university,nottingham trent university,school of science and technology
United Kingdom,52590639,nottingham trent university,nottingham trent university,computing and technology academic team
United Kingdom,92864154,university of buckingham,university of buckingham,school of science
United Kingdom,92864154,university of buckingham,university of buckingham,school of law
United Kingdom,92864154,university of buckingham,university of buckingham,school of humanities
United Kingdom,92864154,university of buckingham,university of buckingham,school of business
United Kingdom,92864154,university of buckingham,university of buckingham,department of english
United Kingdom,92864154,university of buckingham,university of buckingham,department of education
United Kingdom,92864154,university of buckingham,university of buckingham,department of economics and international studies
United Kingdom,92864154,university of buckingham,university of buckingham,department of art history and heritage studies
United Kingdom,92864154,university of buckingham,university of buckingham,department of modern foreign languages
United Kingdom,92864154,university of buckingham,university of buckingham,school of medicine
United Kingdom,92864154,university of buckingham,university of buckingham,department of psychology
United Kingdom,92864154,university of buckingham,university of buckingham,department of applied computing
United Kingdom,92864154,university of buckingham,university of buckingham,clore lab for life science
United Kingdom,156118397,south ton solent university,south ton solent university,faculty of business sport and enterprise
United Kingdom,156118397,south ton solent university,south ton solent university,faculty of the creative industries
United Kingdom,156118397,south ton solent university,south ton solent university,school of art and design
United Kingdom,156118397,south ton solent university,south ton solent university,school of communications and writing
United Kingdom,156118397,south ton solent university,south ton solent university,school of fashion
United Kingdom,156118397,south ton solent university,south ton solent university,school of health exercise and social sciences
United Kingdom,156118397,south ton solent university,south ton solent university,school of human sciences
United Kingdom,156118397,south ton solent university,south ton solent university,school of media
United Kingdom,156118397,south ton solent university,south ton solent university,school of sport tourism and languages
United Kingdom,156118397,south ton solent university,south ton solent university,maritime and technology faculty
United Kingdom,156118397,south ton solent university,south ton solent university,technology school
United Kingdom,16835326,university of st andrews,university of st andrews,university of saint andrews school of geography and geosciences
United Kingdom,16835326,university of st andrews,university of st andrews,university of saint andrews school of mathematics and statistics
United Kingdom,16835326,university of st andrews,university of st andrews,university of saint andrews evolution genes and genomics group
United Kingdom,16835326,university of st andrews,university of st andrews,university of saint andrews school of divinity
United Kingdom,16835326,university of st andrews,university of st andrews,university of saint andrews school of psychology and neuroscience
United Kingdom,16835326,university of st andrews,university of st andrews,university of saint andrews department of german
United Kingdom,16835326,university of st andrews,university of st andrews,university of saint andrews department of russian
United Kingdom,16835326,university of st andrews,university of st andrews,university of saint andrews school of modern languages
United Kingdom,16835326,university of st andrews,university of st andrews,university of saint andrews school of english
United Kingdom,16835326,university of st andrews,university of st andrews,university of saint andrews school of history
United Kingdom,16835326,university of st andrews,university of st andrews,university of saint andrews department of film studies
United Kingdom,16835326,university of st andrews,university of st andrews,university of saint andrews department of philosophy
United Kingdom,16835326,university of st andrews,university of st andrews,university of saint andrews school of philosophical anthropological and film studies
United Kingdom,16835326,university of st andrews,university of st andrews,university of saint andrews school of classics
United Kingdom,16835326,university of st andrews,university of st andrews,university of saint andrews school of economics and finance
United Kingdom,16835326,university of st andrews,university of st andrews,university of saint andrews school of management
United Kingdom,16835326,university of st andrews,university of st andrews,university of saint andrews school of international relations
United Kingdom,16835326,university of st andrews,university of st andrews,university of saint andrews department of social anthropology
United Kingdom,16835326,university of st andrews,university of st andrews,university of saint andrews biomedical sciences research complex
United Kingdom,16835326,university of st andrews,university of st andrews,university of saint andrews school of medicine
United Kingdom,16835326,university of st andrews,university of st andrews,university of saint andrews school of art history
United Kingdom,16835326,university of st andrews,university of st andrews,university of saint andrews school of biology
United Kingdom,28407311,university of manchester,university of manchester,clinical epidemiology and public health unit
United Kingdom,28407311,university of manchester,university of manchester,department of social anthropology
United Kingdom,28407311,university of manchester,university of manchester,department of social work
United Kingdom,28407311,university of manchester,university of manchester,division of clinical psychology
United Kingdom,28407311,university of manchester,university of manchester,faculty of life sciences
United Kingdom,28407311,university of manchester,university of manchester,school of earth atmospheric and environmental sciences
United Kingdom,28407311,university of manchester,university of manchester,wolfson molecular imaging centre
United Kingdom,28407311,university of manchester,university of manchester,department of economics
United Kingdom,28407311,university of manchester,university of manchester,department of history
United Kingdom,28407311,university of manchester,university of manchester,department of philosophy
United Kingdom,28407311,university of manchester,university of manchester,university language centre
United Kingdom,28407311,university of manchester,university of manchester,manchester university extra mural department
United Kingdom,28407311,university of manchester,university of manchester,school of chemistry
United Kingdom,28407311,university of manchester,university of manchester,faculty of humanities
United Kingdom,28407311,university of manchester,university of manchester,school of biological sciences
United Kingdom,28407311,university of manchester,university of manchester,faculty of biology medicine and health
United Kingdom,28407311,university of manchester,university of manchester,department of computer science
United Kingdom,28407311,university of manchester,university of manchester,school of social sciences
United Kingdom,28407311,university of manchester,university of manchester,manchester school of law
United Kingdom,28407311,university of manchester,university of manchester,school of environment and development
United Kingdom,28407311,university of manchester,university of manchester,school of arts languages and cultures
United Kingdom,28407311,university of manchester,university of manchester,department of art history and visual studies
United Kingdom,28407311,university of manchester,university of manchester,department of spanish portuguese and latin american studies
United Kingdom,28407311,university of manchester,university of manchester,department of german studies
United Kingdom,28407311,university of manchester,university of manchester,department of middle eastern studies
United Kingdom,28407311,university of manchester,university of manchester,department of french studies
United Kingdom,28407311,university of manchester,university of manchester,department of drama
United Kingdom,28407311,university of manchester,university of manchester,department of politics
United Kingdom,28407311,university of manchester,university of manchester,department of religions and theology
United Kingdom,28407311,university of manchester,university of manchester,department of classics and ancient history
United Kingdom,28407311,university of manchester,university of manchester,department of sociology
United Kingdom,28407311,university of manchester,university of manchester,department of archaeology
United Kingdom,28407311,university of manchester,university of manchester,division of english american studies and creative writing
United Kingdom,28407311,university of manchester,university of manchester,centre for jewish studies
United Kingdom,28407311,university of manchester,university of manchester,centre for health economics
United Kingdom,28407311,university of manchester,university of manchester,centre for endocrinology and diabetes
United Kingdom,28407311,university of manchester,university of manchester,national drug evidence centre
United Kingdom,28407311,university of manchester,university of manchester,department of planning and environmental management
United Kingdom,28407311,university of manchester,university of manchester,centre for imaging sciences
United Kingdom,28407311,university of manchester,university of manchester,centre for occupational and environmental health
United Kingdom,28407311,university of manchester,university of manchester,centre for integrated genomic medical research
United Kingdom,28407311,university of manchester,university of manchester,bryce group computational biophysics and drug design
United Kingdom,28407311,university of manchester,university of manchester,centre for the history of science technology and medicine
United Kingdom,84027002,leeds beckett university,leeds beckett university,faculty of arts environment and technology
United Kingdom,84027002,leeds beckett university,leeds beckett university,faculty of health and social sciences
United Kingdom,84027002,leeds beckett university,leeds beckett university,school of cultural studies and humanities
United Kingdom,84027002,leeds beckett university,leeds beckett university,school of health and community studies
United Kingdom,84027002,leeds beckett university,leeds beckett university,school of health and wellbeing
United Kingdom,84027002,leeds beckett university,leeds beckett university,school of rehabilitation and health sciences
United Kingdom,84027002,leeds beckett university,leeds beckett university,school of social psychological and communication sciences
United Kingdom,84027002,leeds beckett university,leeds beckett university,carnegie faculty
United Kingdom,84027002,leeds beckett university,leeds beckett university,carnegie faculty school of events tourism and hospitality
United Kingdom,84027002,leeds beckett university,leeds beckett university,getting sorted enterprise unit
United Kingdom,84027002,leeds beckett university,leeds beckett university,faculty of business and law
United Kingdom,84027002,leeds beckett university,leeds beckett university,school of art architecture and design
United Kingdom,84027002,leeds beckett university,leeds beckett university,school for built environment and engineering
United Kingdom,84027002,leeds beckett university,leeds beckett university,school of computing creative technologies and engineering
United Kingdom,84027002,leeds beckett university,leeds beckett university,school of film music and performing arts
United Kingdom,84027002,leeds beckett university,leeds beckett university,school of education and childhood
United Kingdom,84027002,leeds beckett university,leeds beckett university,school of sport
United Kingdom,204136569,open university,open university,department of childhood youth and sport
United Kingdom,204136569,open university,open university,department of design development environment and materials
United Kingdom,204136569,open university,open university,department of physical sciences
United Kingdom,204136569,open university,open university,faculty of mathematics computing and technology
United Kingdom,204136569,open university,open university,faculty of arts and social sciences
United Kingdom,204136569,open university,open university,faculty of wellbeing education and language studies
United Kingdom,204136569,open university,open university,faculty of science technology engineering and mathematics
United Kingdom,204136569,open university,open university,faculty of health and social care
United Kingdom,204136569,open university,open university,faculty of science
United Kingdom,204136569,open university,open university,faculty of arts
United Kingdom,204136569,open university,open university,faculty of social sciences
United Kingdom,204136569,open university,open university,faculty of business and law
United Kingdom,204136569,open university,open university,faculty of education and language studies
United Kingdom,204136569,open university,open university,department of nursing
United Kingdom,204136569,open university,open university,law school
United Kingdom,204136569,open university,open university,business school
United Kingdom,204136569,open university,open university,development policy and practice group
United Kingdom,204136569,open university,open university,department of chemistry and analytical sciences
United Kingdom,204136569,open university,open university,department of life sciences
United Kingdom,204136569,open university,open university,department of art history
United Kingdom,204136569,open university,open university,department of languages
United Kingdom,204136569,open university,open university,department of sociology
United Kingdom,204136569,open university,open university,department of social policy and criminology
United Kingdom,204136569,open university,open university,department of social work
United Kingdom,204136569,open university,open university,department of people and organisations
United Kingdom,204136569,open university,open university,department of public leadership and social enterprise
United Kingdom,204136569,open university,open university,department of strategy and marketing
United Kingdom,204136569,open university,open university,department of classical studies
United Kingdom,204136569,open university,open university,english department
United Kingdom,204136569,open university,open university,music department
United Kingdom,204136569,open university,open university,department of philosophy
United Kingdom,204136569,open university,open university,department of religious studies
United Kingdom,204136569,open university,open university,department for accounting and finance
United Kingdom,204136569,open university,open university,computing and communications department
United Kingdom,204136569,open university,open university,department of history
United Kingdom,204136569,open university,open university,department of mathematics and statistics
United Kingdom,204136569,open university,open university,department of environment earth and ecosystems
United Kingdom,204136569,open university,open university,department of economics
United Kingdom,204136569,open university,open university,department of politics and international studies
United Kingdom,204136569,open university,open university,department of psychology
United Kingdom,204136569,open university,open university,centre for inclusion and curriculum partnerships
United Kingdom,204136569,open university,open university,department of education
United Kingdom,204136569,open university,open university,department of life health and chemical sciences
United Kingdom,204136569,open university,open university,department of health and social care
United Kingdom,204136569,open university,open university,ferguson centre for african and asian studies
United Kingdom,127165138,university of suffolk,university of suffolk,university c us suffolk school of applied social sciences
United Kingdom,127165138,university of suffolk,university of suffolk,university c us suffolk school of science technology and health
United Kingdom,205051169,kingston university,kingston university,department of music
United Kingdom,205051169,kingston university,kingston university,faculty of arts and social sciences
United Kingdom,205051169,kingston university,kingston university,school of economics history and politics
United Kingdom,205051169,kingston university,kingston university,school of performance and screen studies
United Kingdom,205051169,kingston university,kingston university,school of psychology crimninology and sociology
United Kingdom,205051169,kingston university,kingston university,university of kingston department of journalism and publishing
United Kingdom,205051169,kingston university,kingston university,university of kingston school of humanities
United Kingdom,205051169,kingston university,kingston university,school of design
United Kingdom,205051169,kingston university,kingston university,faculty of science engineering and computing
United Kingdom,205051169,kingston university,kingston university,faculty of art design and architecture
United Kingdom,205051169,kingston university,kingston university,faculty of health and social care sciences saint georges university of london c us
United Kingdom,205051169,kingston university,kingston university,faculty of health social care and education
United Kingdom,205051169,kingston university,kingston university,school of social work
United Kingdom,205051169,kingston university,kingston university,school of life sciences
United Kingdom,205051169,kingston university,kingston university,school of pharmacy and chemistry
United Kingdom,205051169,kingston university,kingston university,school of computing and information systems
United Kingdom,205051169,kingston university,kingston university,school of geography geology and the environment
United Kingdom,205051169,kingston university,kingston university,kingston business school
United Kingdom,205051169,kingston university,kingston university,school of architecture and landscape
United Kingdom,205051169,kingston university,kingston university,school of art and design history
United Kingdom,205051169,kingston university,kingston university,school of fine art
United Kingdom,205051169,kingston university,kingston university,school of surveying and planning
United Kingdom,205051169,kingston university,kingston university,department of management
United Kingdom,205051169,kingston university,kingston university,school of education
United Kingdom,205051169,kingston university,kingston university,school of midwifery and child health
United Kingdom,205051169,kingston university,kingston university,school of nursing
United Kingdom,205051169,kingston university,kingston university,school of radiography
United Kingdom,205051169,kingston university,kingston university,school of aerospace and aircraft engineering
United Kingdom,205051169,kingston university,kingston university,school of civil engineering and construction
United Kingdom,205051169,kingston university,kingston university,school of mathematics
United Kingdom,205051169,kingston university,kingston university,school of mechanical and automotive engineering
United Kingdom,205051169,kingston university,kingston university,department of accounting finance and informatics
United Kingdom,205051169,kingston university,kingston university,department of strategy marketing and innovation
United Kingdom,65106266,university for the creative arts,university for the creative arts,faculty of art media and communication design
United Kingdom,65106266,university for the creative arts,university for the creative arts,faculty of fashion architecture and design
United Kingdom,65106266,university for the creative arts,university for the creative arts,school of fine art
United Kingdom,65106266,university for the creative arts,university for the creative arts,school of communication design
United Kingdom,65106266,university for the creative arts,university for the creative arts,school of film and media
United Kingdom,65106266,university for the creative arts,university for the creative arts,school of crafts and design
United Kingdom,65106266,university for the creative arts,university for the creative arts,school of fashion
United Kingdom,65106266,university for the creative arts,university for the creative arts,school of further education
United Kingdom,65106266,university for the creative arts,university for the creative arts,canterbury school of architecture
United Kingdom,67415387,university of lancaster,lancaster university faculty of arts and social sciences,lancaster university department of history
United Kingdom,67415387,university of lancaster,university of lancaster,lancaster university department of biological sciences
United Kingdom,67415387,university of lancaster,university of lancaster,lancaster university department of chemistry
United Kingdom,67415387,university of lancaster,university of lancaster,lancaster university department of economics
United Kingdom,67415387,university of lancaster,university of lancaster,lancaster university department of educational research
United Kingdom,67415387,university of lancaster,university of lancaster,lancaster university department of english and creative writing
United Kingdom,67415387,university of lancaster,university of lancaster,lancaster university department of environmental science
United Kingdom,67415387,university of lancaster,university of lancaster,lancaster university department of european languages and cultures
United Kingdom,67415387,university of lancaster,university of lancaster,lancaster university department of italian
United Kingdom,67415387,university of lancaster,university of lancaster,lancaster university department of linguistics and english language
United Kingdom,67415387,university of lancaster,university of lancaster,lancaster university department of mathematics and statistics
United Kingdom,67415387,university of lancaster,university of lancaster,lancaster university department of music
United Kingdom,67415387,university of lancaster,university of lancaster,lancaster university department of natural sciences
United Kingdom,67415387,university of lancaster,university of lancaster,lancaster university department of politics philosophy and religion
United Kingdom,67415387,university of lancaster,university of lancaster,lancaster university department of psychology
United Kingdom,67415387,university of lancaster,university of lancaster,lancaster university department of sociology
United Kingdom,67415387,university of lancaster,university of lancaster,lancaster university faculty of arts and social sciences
United Kingdom,67415387,university of lancaster,university of lancaster,lancaster university faculty of arts and social sciences graduate school
United Kingdom,67415387,university of lancaster,university of lancaster,lancaster university faculty of health and medicine
United Kingdom,67415387,university of lancaster,university of lancaster,lancaster university faculty of science and technology
United Kingdom,67415387,university of lancaster,university of lancaster,lancaster university school of computing and communications
United Kingdom,67415387,university of lancaster,university of lancaster,lancaster university division of biomedical and life sciences
United Kingdom,67415387,university of lancaster,university of lancaster,lancaster university centre for biophotonics
United Kingdom,67415387,university of lancaster,university of lancaster,lancaster university centre for the study of environmental change
United Kingdom,67415387,university of lancaster,university of lancaster,lancaster university centre for education training and development
United Kingdom,195460627,university of aberdeen,university of aberdeen,college of arts and social sciences
United Kingdom,195460627,university of aberdeen,university of aberdeen,department of divinity and religious studies
United Kingdom,195460627,university of aberdeen,university of aberdeen,department of french and francophone studies
United Kingdom,195460627,university of aberdeen,university of aberdeen,department of ophthalmology
United Kingdom,195460627,university of aberdeen,university of aberdeen,department of physics
United Kingdom,195460627,university of aberdeen,university of aberdeen,school of medical sciences
United Kingdom,195460627,university of aberdeen,university of aberdeen,department of english
United Kingdom,195460627,university of aberdeen,university of aberdeen,aberdeen university officer training corps
United Kingdom,195460627,university of aberdeen,university of aberdeen,clsm graduate school
United Kingdom,195460627,university of aberdeen,university of aberdeen,division of applied health sciences
United Kingdom,195460627,university of aberdeen,university of aberdeen,division of applied medicine
United Kingdom,195460627,university of aberdeen,university of aberdeen,iahs respiratory group
United Kingdom,195460627,university of aberdeen,university of aberdeen,department of computing science
United Kingdom,195460627,university of aberdeen,university of aberdeen,school of engineering
United Kingdom,195460627,university of aberdeen,university of aberdeen,school of geosciences
United Kingdom,195460627,university of aberdeen,university of aberdeen,school of language and literature
United Kingdom,195460627,university of aberdeen,university of aberdeen,school of social science
United Kingdom,195460627,university of aberdeen,university of aberdeen,school of natural and computing sciences
United Kingdom,195460627,university of aberdeen,university of aberdeen,business school
United Kingdom,195460627,university of aberdeen,university of aberdeen,school of psychology
United Kingdom,195460627,university of aberdeen,university of aberdeen,epidemiology group
United Kingdom,195460627,university of aberdeen,university of aberdeen,zoology department
United Kingdom,195460627,university of aberdeen,university of aberdeen,school of biological sciences
United Kingdom,195460627,university of aberdeen,university of aberdeen,school of divinity history and philosophy
United Kingdom,195460627,university of aberdeen,university of aberdeen,department of history
United Kingdom,195460627,university of aberdeen,university of aberdeen,department of philosophy
United Kingdom,195460627,university of aberdeen,university of aberdeen,department of history of art
United Kingdom,195460627,university of aberdeen,university of aberdeen,department of politics and international relations
United Kingdom,195460627,university of aberdeen,university of aberdeen,school of education
United Kingdom,63072094,university of portsmouth,university of portsmouth,department of mathematics
United Kingdom,63072094,university of portsmouth,university of portsmouth,department of psychology
United Kingdom,63072094,university of portsmouth,university of portsmouth,department of sport and exercise science
United Kingdom,63072094,university of portsmouth,university of portsmouth,faculty of creative and cultural industries
United Kingdom,63072094,university of portsmouth,university of portsmouth,faculty of humanities and social science
United Kingdom,63072094,university of portsmouth,university of portsmouth,faculty of science
United Kingdom,63072094,university of portsmouth,university of portsmouth,faculty of technology
United Kingdom,63072094,university of portsmouth,university of portsmouth,school of architecture
United Kingdom,63072094,university of portsmouth,university of portsmouth,school of art and design
United Kingdom,63072094,university of portsmouth,university of portsmouth,school of biological sciences
United Kingdom,63072094,university of portsmouth,university of portsmouth,school of civil engineering and surveying
United Kingdom,63072094,university of portsmouth,university of portsmouth,school of computing
United Kingdom,63072094,university of portsmouth,university of portsmouth,school of creative technologies
United Kingdom,63072094,university of portsmouth,university of portsmouth,school of the environment geography and geosciences
United Kingdom,63072094,university of portsmouth,university of portsmouth,school of education and continuing studies
United Kingdom,63072094,university of portsmouth,university of portsmouth,school of health sciences and social work
United Kingdom,63072094,university of portsmouth,university of portsmouth,school of languages and area studies
United Kingdom,63072094,university of portsmouth,university of portsmouth,school of media and performing arts
United Kingdom,28257850,london south bank university,london south bank university,school of health and social care havering c us
United Kingdom,28257850,london south bank university,london south bank university,department of allied health sciences
United Kingdom,28257850,london south bank university,london south bank university,department of arts and media
United Kingdom,28257850,london south bank university,london south bank university,department of culture writing and performance
United Kingdom,28257850,london south bank university,london south bank university,department of education
United Kingdom,28257850,london south bank university,london south bank university,department of informatics
United Kingdom,28257850,london south bank university,london south bank university,department of mental health and learning disabilities
United Kingdom,28257850,london south bank university,london south bank university,department of primary and social care
United Kingdom,28257850,london south bank university,london south bank university,department of psychology
United Kingdom,28257850,london south bank university,london south bank university,department of social sciences
United Kingdom,28257850,london south bank university,london south bank university,department of urban environment and leisure studies
United Kingdom,28257850,london south bank university,london south bank university,school of arts and creative industries
United Kingdom,28257850,london south bank university,london south bank university,school of the built environment and architecture
United Kingdom,28257850,london south bank university,london south bank university,department of applied sciences
United Kingdom,28257850,london south bank university,london south bank university,school of applied science
United Kingdom,28257850,london south bank university,london south bank university,school of health and social care
United Kingdom,28257850,london south bank university,london south bank university,national bakery school
United Kingdom,28257850,london south bank university,london south bank university,ehrenberg centre for research in marketing
United Kingdom,28257850,london south bank university,london south bank university,local economy policy unit
United Kingdom,71637028,university of brighton,university of brighton,faculty of health and social sciences
United Kingdom,71637028,university of brighton,university of brighton,faculty of science and engineering
United Kingdom,71637028,university of brighton,university of brighton,school of applied social science
United Kingdom,71637028,university of brighton,university of brighton,school of education
United Kingdom,71637028,university of brighton,university of brighton,school of health professions
United Kingdom,71637028,university of brighton,university of brighton,international college
United Kingdom,71637028,university of brighton,university of brighton,faculty of education and sport
United Kingdom,71637028,university of brighton,university of brighton,faculty of arts
United Kingdom,71637028,university of brighton,university of brighton,school of environment and technology
United Kingdom,71637028,university of brighton,university of brighton,school of computing engineering and mathematics
United Kingdom,71637028,university of brighton,university of brighton,natural language technology group
United Kingdom,71637028,university of brighton,university of brighton,school of humanities
United Kingdom,71637028,university of brighton,university of brighton,school of art design and media
United Kingdom,133837150,university of huddersfield,university of huddersfield,department of architecture and 3d design
United Kingdom,133837150,university of huddersfield,university of huddersfield,department of art and communication
United Kingdom,133837150,university of huddersfield,university of huddersfield,department of behavioural and social sciences
United Kingdom,133837150,university of huddersfield,university of huddersfield,department of biological sciences
United Kingdom,133837150,university of huddersfield,university of huddersfield,department of chemical sciences
United Kingdom,133837150,university of huddersfield,university of huddersfield,department of drama
United Kingdom,133837150,university of huddersfield,university of huddersfield,department of english
United Kingdom,133837150,university of huddersfield,university of huddersfield,department of fashion and textiles
United Kingdom,133837150,university of huddersfield,university of huddersfield,department of forensic science
United Kingdom,133837150,university of huddersfield,university of huddersfield,department of health sciences
United Kingdom,133837150,university of huddersfield,university of huddersfield,department of history
United Kingdom,133837150,university of huddersfield,university of huddersfield,department of informatics
United Kingdom,133837150,university of huddersfield,university of huddersfield,department of journalism and media
United Kingdom,133837150,university of huddersfield,university of huddersfield,department of linguistics and modern languages
United Kingdom,133837150,university of huddersfield,university of huddersfield,department of music and music technology
United Kingdom,133837150,university of huddersfield,university of huddersfield,department of nutrition and health
United Kingdom,133837150,university of huddersfield,university of huddersfield,school of applied sciences
United Kingdom,133837150,university of huddersfield,university of huddersfield,school of education and professional development
United Kingdom,133837150,university of huddersfield,university of huddersfield,school of human and health sciences
United Kingdom,133837150,university of huddersfield,university of huddersfield,school of art design and architecture
United Kingdom,133837150,university of huddersfield,university of huddersfield,school of music humanities and media
United Kingdom,133837150,university of huddersfield,university of huddersfield,school of computing and engineering
United Kingdom,35870678,university of north ton,university of north ton,school of education
United Kingdom,35870678,university of north ton,university of north ton,school of health
United Kingdom,35870678,university of north ton,university of north ton,school of science and technology
United Kingdom,35870678,university of north ton,university of north ton,school of social sciences
United Kingdom,35870678,university of north ton,university of north ton,school of the arts
United Kingdom,22128151,university of derby,university of derby,school of science
United Kingdom,22128151,university of derby,university of derby,school of hotel resort and spa management
United Kingdom,22128151,university of derby,university of derby,school of sport performance and outdoor leadership
United Kingdom,22128151,university of derby,university of derby,school of art and design
United Kingdom,22128151,university of derby,university of derby,faculty of business computing and law
United Kingdom,22128151,university of derby,university of derby,faculty of education health and sciences
United Kingdom,22128151,university of derby,university of derby,faculty of arts design and technology
United Kingdom,22128151,university of derby,university of derby,school of law and criminology
United Kingdom,22128151,university of derby,university of derby,school of humanities
United Kingdom,22128151,university of derby,university of derby,school of engineering and technology
United Kingdom,22128151,university of derby,university of derby,school of computing and mathematics
United Kingdom,22128151,university of derby,university of derby,school of education
United Kingdom,22128151,university of derby,university of derby,school of health and social care
United Kingdom,184856343,wrexham university,wrexham university,glyndwr university department of computing
United Kingdom,184856343,wrexham university,wrexham university,glyndwr university school for undergraduate studies
United Kingdom,184856343,wrexham university,wrexham university,glyndwr university graduate school
United Kingdom,184856343,wrexham university,wrexham university,school of creative arts
United Kingdom,40120149,university of oxford,university of oxford,department of cardiovascular medicine
United Kingdom,40120149,university of oxford,university of oxford,department of plant sciences
United Kingdom,40120149,university of oxford,university of oxford,division of clinical neurology
United Kingdom,40120149,university of oxford,university of oxford,investigative medicine division
United Kingdom,40120149,university of oxford,university of oxford,nuffield department of population health
United Kingdom,40120149,university of oxford,university of oxford,nuffield division of anaesthetics
United Kingdom,40120149,university of oxford,university of oxford,nuffield laboratory of ophthalmology
United Kingdom,40120149,university of oxford,university of oxford,oxford orthopaedic engineering centre
United Kingdom,40120149,university of oxford,university of oxford,oxford translational gastroenterology unit
United Kingdom,40120149,university of oxford,university of oxford,department of politics and international relations
United Kingdom,40120149,university of oxford,university of oxford,school of philosophy politics and economics
United Kingdom,40120149,university of oxford,university of oxford,psychiatry department
United Kingdom,40120149,university of oxford,university of oxford,oxford university department for continuing education
United Kingdom,40120149,university of oxford,university of oxford,school of geography and the environment
United Kingdom,40120149,university of oxford,university of oxford,faculty of law
United Kingdom,40120149,university of oxford,university of oxford,oxford e research centre
United Kingdom,40120149,university of oxford,university of oxford,department of psychiatry
United Kingdom,40120149,university of oxford,university of oxford,institute of archaeology
United Kingdom,40120149,university of oxford,university of oxford,department of computer science
United Kingdom,40120149,university of oxford,university of oxford,department of materials
United Kingdom,40120149,university of oxford,university of oxford,faculty of classics
United Kingdom,40120149,university of oxford,university of oxford,faculty of history
United Kingdom,40120149,university of oxford,university of oxford,faculty of medieval and modern languages
United Kingdom,40120149,university of oxford,university of oxford,faculty of theology and religion
United Kingdom,40120149,university of oxford,university of oxford,faculty of oriental studies
United Kingdom,40120149,university of oxford,university of oxford,faculty of english language and literature
United Kingdom,40120149,university of oxford,university of oxford,faculty of music
United Kingdom,40120149,university of oxford,university of oxford,classical art research centre
United Kingdom,40120149,university of oxford,university of oxford,department of statistics
United Kingdom,40120149,university of oxford,university of oxford,department of sociology
United Kingdom,40120149,university of oxford,university of oxford,balliol college
United Kingdom,40120149,university of oxford,university of oxford,saint peter s college
United Kingdom,40120149,university of oxford,university of oxford,university college oxford
United Kingdom,40120149,university of oxford,university of oxford,saint antony s college
United Kingdom,40120149,university of oxford,university of oxford,blavatnik school of government
United Kingdom,40120149,university of oxford,university of oxford,department of biochemistry
United Kingdom,40120149,university of oxford,university of oxford,department of chemistry
United Kingdom,40120149,university of oxford,university of oxford,department of experimental psychology
United Kingdom,40120149,university of oxford,university of oxford,department of oncology
United Kingdom,40120149,university of oxford,university of oxford,department of paediatrics
United Kingdom,40120149,university of oxford,university of oxford,department of physiology anatomy and genetics
United Kingdom,40120149,university of oxford,university of oxford,department of primary care health sciences
United Kingdom,40120149,university of oxford,university of oxford,history of art department
United Kingdom,40120149,university of oxford,university of oxford,humanities division
United Kingdom,40120149,university of oxford,university of oxford,mathematical physical and life sciences division
United Kingdom,40120149,university of oxford,university of oxford,medical sciences division
United Kingdom,40120149,university of oxford,university of oxford,nuffield department of clinical neurosciences
United Kingdom,40120149,university of oxford,university of oxford,nuffield department of obstetrics and gynaecology
United Kingdom,40120149,university of oxford,university of oxford,nuffield department of orthopaedics rheumatology and musculoskeletal sciences
United Kingdom,40120149,university of oxford,university of oxford,nuffield department of surgical sciences
United Kingdom,40120149,university of oxford,university of oxford,oxford vaccine group
United Kingdom,40120149,university of oxford,university of oxford,radcliffe department of medicine
United Kingdom,40120149,university of oxford,university of oxford,school of anthropology and museum ethnography
United Kingdom,40120149,university of oxford,university of oxford,school of interdisciplinary area studies
United Kingdom,40120149,university of oxford,university of oxford,transport studies unit
United Kingdom,40120149,university of oxford,university of oxford,unit of health care epidemiology
United Kingdom,40120149,university of oxford,university of oxford,wildlife conservation research unit
United Kingdom,40120149,university of oxford,university of oxford,department of politics and international relations
United Kingdom,40120149,university of oxford,university of oxford,said business school egrove park
United Kingdom,40120149,university of oxford,university of oxford,smith school of enterprise and the environment
United Kingdom,40120149,university of oxford,university of oxford,department of pharmacology
United Kingdom,40120149,university of oxford,university of oxford,oxford university archive of performances of greek and roman drama
United Kingdom,40120149,university of oxford,university of oxford,childhood cancer research group
United Kingdom,40120149,university of oxford,university of oxford,laboratory of molecular biophysics
United Kingdom,40120149,university of oxford,university of oxford,structural bioinformatics and computational biochemistry unit
United Kingdom,66943878,de montfort university,de montfort university,department of english and creative writing
United Kingdom,66943878,de montfort university,de montfort university,department of politics and public policy
United Kingdom,66943878,de montfort university,de montfort university,faculty of business and law
United Kingdom,66943878,de montfort university,de montfort university,faculty of technology
United Kingdom,66943878,de montfort university,de montfort university,school of allied health sciences
United Kingdom,66943878,de montfort university,de montfort university,school of applied social science
United Kingdom,66943878,de montfort university,de montfort university,school of arts
United Kingdom,66943878,de montfort university,de montfort university,school of computer science and informatics
United Kingdom,66943878,de montfort university,de montfort university,school of design
United Kingdom,66943878,de montfort university,de montfort university,school of engineering and sustainable development
United Kingdom,66943878,de montfort university,de montfort university,school of fashion and textiles
United Kingdom,66943878,de montfort university,de montfort university,school of humanities
United Kingdom,66943878,de montfort university,de montfort university,leicester media school
United Kingdom,66943878,de montfort university,de montfort university,leicester school of architecture
United Kingdom,66943878,de montfort university,de montfort university,faculty of art design and humanities
United Kingdom,66943878,de montfort university,de montfort university,faculty of health and life sciences
United Kingdom,66943878,de montfort university,de montfort university,leicester school of pharmacy
United Kingdom,104658917,university of chichester,university of chichester,department of adventure education
United Kingdom,104658917,university of chichester,university of chichester,department of english and creative writing
United Kingdom,104658917,university of chichester,university of chichester,department of physical education
United Kingdom,104658917,university of chichester,university of chichester,department of social work and social care
United Kingdom,104658917,university of chichester,university of chichester,department of sport and exercise sciences
United Kingdom,104658917,university of chichester,university of chichester,department of sport development and management
United Kingdom,104658917,university of chichester,university of chichester,department of theology and religion
United Kingdom,104658917,university of chichester,university of chichester,department of psychology and counselling
United Kingdom,104658917,university of chichester,university of chichester,department of music
United Kingdom,104658917,university of chichester,university of chichester,department of media
United Kingdom,104658917,university of chichester,university of chichester,department of fine art
United Kingdom,104658917,university of chichester,university of chichester,department of dance
United Kingdom,104658917,university of chichester,university of chichester,department of early years and childhood studies
United Kingdom,104658917,university of chichester,university of chichester,department of education
United Kingdom,104658917,university of chichester,university of chichester,school of enterprise management and leadership
United Kingdom,104658917,university of chichester,university of chichester,department of history
United Kingdom,104658917,university of chichester,university of chichester,department of theatre
United Kingdom,2801739420,norwich university of the arts,norwich university of the arts,department of art and design
United Kingdom,2801739420,norwich university of the arts,norwich university of the arts,department of media
United Kingdom,98259816,birkbeck university of london,birkbeck university of london,department of geography environment and development studies centre for european protected area research
United Kingdom,98259816,birkbeck university of london,birkbeck university of london,institute for crime justice policy research
United Kingdom,98259816,birkbeck university of london,birkbeck university of london,department of biological sciences
United Kingdom,98259816,birkbeck university of london,birkbeck university of london,department of psychological sciences
United Kingdom,98259816,birkbeck university of london,birkbeck university of london,school of science
United Kingdom,98259816,birkbeck university of london,birkbeck university of london,department of politics
United Kingdom,98259816,birkbeck university of london,birkbeck university of london,department of history classics and archaeology
United Kingdom,98259816,birkbeck university of london,birkbeck university of london,department of computer science and information systems
United Kingdom,98259816,birkbeck university of london,birkbeck university of london,department of economics mathematics and statistics
United Kingdom,98259816,birkbeck university of london,birkbeck university of london,department of management
United Kingdom,98259816,birkbeck university of london,birkbeck university of london,department of organizational psychology
United Kingdom,98259816,birkbeck university of london,birkbeck university of london,school of business economics and informatics
United Kingdom,98259816,birkbeck university of london,birkbeck university of london,school of law
United Kingdom,98259816,birkbeck university of london,birkbeck university of london,department of philosophy
United Kingdom,98259816,birkbeck university of london,birkbeck university of london,school of social science history and philosophy
United Kingdom,98259816,birkbeck university of london,birkbeck university of london,department of english and humanities
United Kingdom,98259816,birkbeck university of london,birkbeck university of london,department of history of art
United Kingdom,98259816,birkbeck university of london,birkbeck university of london,school of arts
United Kingdom,98259816,birkbeck university of london,birkbeck university of london,centre for multilingual and multicultural research
United Kingdom,98259816,birkbeck university of london,birkbeck university of london,centre for iberian and latin american visual studies
United Kingdom,98259816,birkbeck university of london,birkbeck university of london,department of cultures and languages
United Kingdom,98259816,birkbeck university of london,birkbeck university of london,department of film media and cultural studies
United Kingdom,98259816,birkbeck university of london,birkbeck university of london,department of earth and planetary sciences
United Kingdom,98259816,birkbeck university of london,birkbeck university of london,department of applied linguistics and communication
United Kingdom,98259816,birkbeck university of london,birkbeck university of london,department of geography environment and development studies
United Kingdom,98259816,birkbeck university of london,birkbeck university of london,department of psychosocial studies
United Kingdom,98259816,birkbeck university of london,birkbeck university of london,birkbeck centre for innovation management research
United Kingdom,98259816,birkbeck university of london,birkbeck university of london,birkbeck centre for contemporary theatre
United Kingdom,98259816,birkbeck university of london,birkbeck university of london,department of psychological sciences centre for cognition computation and modelling
United Kingdom,98259816,birkbeck university of london,birkbeck university of london,department of psychological sciences centre for brain and cognitive development
United Kingdom,98259816,birkbeck university of london,birkbeck university of london,centre for contemporary literature
United Kingdom,98259816,birkbeck university of london,birkbeck university of london,centre for law and the humanities
United Kingdom,98259816,birkbeck university of london,birkbeck university of london,centre for media culture and creative practice
United Kingdom,98259816,birkbeck university of london,birkbeck university of london,centre for nineteenth century studies
United Kingdom,98259816,birkbeck university of london,birkbeck university of london,department of economics mathematics and statistics commodities finance centre
United Kingdom,98259816,birkbeck university of london,birkbeck university of london,contemporary poetics research centre
United Kingdom,98259816,birkbeck university of london,birkbeck university of london,history and theory of photography research centre
United Kingdom,98259816,birkbeck university of london,birkbeck university of london,centre for corporate governance and ethics
United Kingdom,98259816,birkbeck university of london,birkbeck university of london,vasari research centre
United Kingdom,36234482,university of bristol,university of bristol,faculty of medicine and dentistry
United Kingdom,36234482,university of bristol,university of bristol,school of cellular and molecular medicine
United Kingdom,36234482,university of bristol,university of bristol,school of chemistry
United Kingdom,36234482,university of bristol,university of bristol,school of experimental psychology
United Kingdom,36234482,university of bristol,university of bristol,school of mathematics
United Kingdom,36234482,university of bristol,university of bristol,school of physiology and pharmacology
United Kingdom,36234482,university of bristol,university of bristol,school of social and community medicine
United Kingdom,36234482,university of bristol,university of bristol,faculty of engineering
United Kingdom,36234482,university of bristol,university of bristol,faculty of arts
United Kingdom,36234482,university of bristol,university of bristol,faculty of science
United Kingdom,36234482,university of bristol,university of bristol,faculty of medical and veterinary sciences
United Kingdom,36234482,university of bristol,university of bristol,school of biological sciences
United Kingdom,36234482,university of bristol,university of bristol,department of music
United Kingdom,36234482,university of bristol,university of bristol,school of economics finance and management
United Kingdom,36234482,university of bristol,university of bristol,department of history
United Kingdom,36234482,university of bristol,university of bristol,school for policy studies
United Kingdom,36234482,university of bristol,university of bristol,school of geographical sciences
United Kingdom,36234482,university of bristol,university of bristol,department of engineering mathematics
United Kingdom,36234482,university of bristol,university of bristol,school of arts
United Kingdom,36234482,university of bristol,university of bristol,dental hospital pediatric dentistry
United Kingdom,36234482,university of bristol,university of bristol,centre for child and adolescent health
United Kingdom,36234482,university of bristol,university of bristol,school of earth sciences
United Kingdom,36234482,university of bristol,university of bristol,department of aerospace engineering
United Kingdom,36234482,university of bristol,university of bristol,department of civil engineering
United Kingdom,36234482,university of bristol,university of bristol,department of mechanical engineering
United Kingdom,36234482,university of bristol,university of bristol,graduate school of arts and humanities
United Kingdom,36234482,university of bristol,university of bristol,department of archaeology and anthropology
United Kingdom,36234482,university of bristol,university of bristol,department of drama theatre film and television
United Kingdom,36234482,university of bristol,university of bristol,department of philosophy
United Kingdom,36234482,university of bristol,university of bristol,department of classics and ancient history
United Kingdom,36234482,university of bristol,university of bristol,department of english
United Kingdom,36234482,university of bristol,university of bristol,department of french
United Kingdom,36234482,university of bristol,university of bristol,centre for english language and foundation studies
United Kingdom,36234482,university of bristol,university of bristol,school of modern languages
United Kingdom,36234482,university of bristol,university of bristol,department of management
United Kingdom,36234482,university of bristol,university of bristol,department of accounting and finance
United Kingdom,36234482,university of bristol,university of bristol,centre for exercise nutrition and health sciences
United Kingdom,36234482,university of bristol,university of bristol,norah fry research centre
United Kingdom,36234482,university of bristol,university of bristol,centre for urban studies
United Kingdom,36234482,university of bristol,university of bristol,centre for gender and violence research
United Kingdom,36234482,university of bristol,university of bristol,school of sociology politics and international studies
United Kingdom,36234482,university of bristol,university of bristol,centre for deaf studies
United Kingdom,36234482,university of bristol,university of bristol,centre for hearing and balance studies
United Kingdom,36234482,university of bristol,university of bristol,human radiation effects group
United Kingdom,36234482,university of bristol,university of bristol,school of biochemistry
United Kingdom,36234482,university of bristol,university of bristol,department of pathology and microbiology
United Kingdom,36234482,university of bristol,university of bristol,academic rheumatology group
United Kingdom,36234482,university of bristol,university of bristol,musculoskeletal research unit
United Kingdom,36234482,university of bristol,university of bristol,academic renal unit
United Kingdom,36234482,university of bristol,university of bristol,department of ophthalmology
United Kingdom,36234482,university of bristol,university of bristol,school of clinical science
United Kingdom,36234482,university of bristol,university of bristol,centre for ethics in medicine
United Kingdom,36234482,university of bristol,university of bristol,centre for academic primary care
United Kingdom,36234482,university of bristol,university of bristol,centre for mental health addiction and suicide research
United Kingdom,36234482,university of bristol,university of bristol,school of oral and dental sciences
United Kingdom,36234482,university of bristol,university of bristol,department of economics
United Kingdom,36234482,university of bristol,university of bristol,department of german
United Kingdom,36234482,university of bristol,university of bristol,department of italian
United Kingdom,36234482,university of bristol,university of bristol,department of russian
United Kingdom,36234482,university of bristol,university of bristol,centre for comparative and clinical anatomy
United Kingdom,36234482,university of bristol,university of bristol,centre for ethnicity and citizenship
United Kingdom,36234482,university of bristol,university of bristol,department of hispanic portuguese and latin american studies
United Kingdom,36234482,university of bristol,university of bristol,graduate school of education
United Kingdom,36234482,university of bristol,university of bristol,department of history of art
United Kingdom,36234482,university of bristol,university of bristol,somerset academy yeovil
United Kingdom,36234482,university of bristol,university of bristol,somerset academy taunton
United Kingdom,36234482,university of bristol,university of bristol,school of veterinary sciences
United Kingdom,36234482,university of bristol,faculty of arts,school of humanities
United Kingdom,36234482,university of bristol,school of humanities,department of religion and theology
United Kingdom,210300861,newman university,newman university,college department of art and design
United Kingdom,210300861,newman university,newman university,college department of drama
United Kingdom,210300861,newman university,newman university,college department of early years
United Kingdom,210300861,newman university,newman university,college department of education and professional studies
United Kingdom,210300861,newman university,newman university,college department of english
United Kingdom,210300861,newman university,newman university,college department of history
United Kingdom,210300861,newman university,newman university,college department of information technology
United Kingdom,210300861,newman university,newman university,college department of physical education and sports studies
United Kingdom,210300861,newman university,newman university,college department of psychology and counselling
United Kingdom,210300861,newman university,newman university,college department of science
United Kingdom,210300861,newman university,newman university,college department of teacher training
United Kingdom,210300861,newman university,newman university,college department of theology
United Kingdom,210300861,newman university,newman university,college department of working with children young people and families
United Kingdom,210300861,newman university,newman university,college department of youth and community work
United Kingdom,142263535,university of nottingham,university of nottingham,school of education
United Kingdom,142263535,university of nottingham,university of nottingham,school of biosciences
United Kingdom,142263535,university of nottingham,university of nottingham,faculty of arts
United Kingdom,142263535,university of nottingham,university of nottingham,faculty of sciences
United Kingdom,142263535,university of nottingham,university of nottingham,faculty of social sciences
United Kingdom,142263535,university of nottingham,university of nottingham,school of computer science
United Kingdom,142263535,university of nottingham,university of nottingham,school of contemporary chinese studies
United Kingdom,142263535,university of nottingham,university of nottingham,school of cultures languages and area studies
United Kingdom,142263535,university of nottingham,university of nottingham,school of economics
United Kingdom,142263535,university of nottingham,university of nottingham,school of english studies
United Kingdom,142263535,university of nottingham,university of nottingham,school of geography
United Kingdom,142263535,university of nottingham,university of nottingham,school of health sciences
United Kingdom,142263535,university of nottingham,university of nottingham,school of life sciences
United Kingdom,142263535,university of nottingham,university of nottingham,school of mathematical sciences
United Kingdom,142263535,university of nottingham,university of nottingham,school of medicine
United Kingdom,142263535,university of nottingham,university of nottingham,school of physics and astronomy
United Kingdom,142263535,university of nottingham,university of nottingham,school of psychology
United Kingdom,142263535,university of nottingham,university of nottingham,school of sociology and social policy
United Kingdom,142263535,university of nottingham,university of nottingham,derby education centre
United Kingdom,142263535,university of nottingham,university of nottingham,division of child health obstetrics and gynaecology
United Kingdom,142263535,university of nottingham,university of nottingham,division of epidemiology and public health
United Kingdom,142263535,university of nottingham,university of nottingham,division of primary care
United Kingdom,142263535,university of nottingham,university of nottingham,division of psychiatry and applied psychology
United Kingdom,142263535,university of nottingham,university of nottingham,division of rehabilitation and ageing
United Kingdom,142263535,university of nottingham,university of nottingham,division of rheumatology orthopaedics and dermatology
United Kingdom,142263535,university of nottingham,university of nottingham,immunity group
United Kingdom,142263535,university of nottingham,university of nottingham,language centre
United Kingdom,142263535,university of nottingham,university of nottingham,mansfield education centre
United Kingdom,142263535,university of nottingham,university of nottingham,department of architecture and built environment
United Kingdom,142263535,university of nottingham,university of nottingham,school of humanities
United Kingdom,142263535,university of nottingham,university of nottingham,school of politics and international relations
United Kingdom,142263535,university of nottingham,university of nottingham,nottingham university school of pharmacy
United Kingdom,142263535,university of nottingham,university of nottingham,department of french and francophone studies
United Kingdom,142263535,university of nottingham,university of nottingham,department of culture film and media
United Kingdom,142263535,university of nottingham,university of nottingham,department of theology and religious studies
United Kingdom,142263535,university of nottingham,university of nottingham,department of music
United Kingdom,142263535,university of nottingham,university of nottingham,department of art history
United Kingdom,142263535,university of nottingham,university of nottingham,department of classics
United Kingdom,142263535,university of nottingham,university of nottingham,department of philosophy
United Kingdom,142263535,university of nottingham,university of nottingham,department of german studies
United Kingdom,142263535,university of nottingham,university of nottingham,department of history
United Kingdom,142263535,university of nottingham,university of nottingham,department of american and canadian studies
United Kingdom,142263535,university of nottingham,university of nottingham,department of spanish portuguese and latin american studies
United Kingdom,142263535,university of nottingham,university of nottingham,department of archaeology
United Kingdom,142263535,university of nottingham,university of nottingham,department of russian and slavonic studies
United Kingdom,142263535,university of nottingham,university of nottingham,children s brain tumour research centre
United Kingdom,2801155571,lincoln bishop university,lincoln bishop university,bishop grosseteste university school of culture education and innovation
United Kingdom,2801155571,lincoln bishop university,lincoln bishop university,bishop grosseteste university school of professional development in education
United Kingdom,2801155571,lincoln bishop university,lincoln bishop university,bishop grosseteste university department for culture and creative arts
United Kingdom,2801155571,lincoln bishop university,lincoln bishop university,bishop grosseteste university department of education and learning
United Kingdom,2801155571,lincoln bishop university,lincoln bishop university,bishop grosseteste university school of teacher development
United Kingdom,2801155571,lincoln bishop university,lincoln bishop university,bishop grosseteste university school direct training programme
United Kingdom,146655781,university of liverpool,university of liverpool,department of computer science
United Kingdom,146655781,university of liverpool,university of liverpool,school of health sciences
United Kingdom,146655781,university of liverpool,university of liverpool,department of biostatistics
United Kingdom,146655781,university of liverpool,university of liverpool,department of cellular and molecular physiology
United Kingdom,146655781,university of liverpool,university of liverpool,department of clinical infection microbiology and immunology
United Kingdom,146655781,university of liverpool,university of liverpool,department of communication and media
United Kingdom,146655781,university of liverpool,university of liverpool,department of continuing education
United Kingdom,146655781,university of liverpool,university of liverpool,department of cultures languages and area studies
United Kingdom,146655781,university of liverpool,university of liverpool,department of earth ocean and ecological sciences
United Kingdom,146655781,university of liverpool,university of liverpool,department of gastroenterology
United Kingdom,146655781,university of liverpool,university of liverpool,department of health services research
United Kingdom,146655781,university of liverpool,university of liverpool,department of history
United Kingdom,146655781,university of liverpool,university of liverpool,department of irish studies
United Kingdom,146655781,university of liverpool,university of liverpool,department of molecular and clinical cancer medicine
United Kingdom,146655781,university of liverpool,university of liverpool,department of philosophy
United Kingdom,146655781,university of liverpool,university of liverpool,department of physics
United Kingdom,146655781,university of liverpool,university of liverpool,department of politics
United Kingdom,146655781,university of liverpool,university of liverpool,department of psychological sciences
United Kingdom,146655781,university of liverpool,university of liverpool,department of public health and policy
United Kingdom,146655781,university of liverpool,university of liverpool,department of sociology social policy and criminology
United Kingdom,146655781,university of liverpool,university of liverpool,department of women s and children s health
United Kingdom,146655781,university of liverpool,university of liverpool,faculty of health and life sciences
United Kingdom,146655781,university of liverpool,university of liverpool,faculty of humanities and social sciences
United Kingdom,146655781,university of liverpool,university of liverpool,faculty of science and engineering
United Kingdom,146655781,university of liverpool,university of liverpool,school of combined honours
United Kingdom,146655781,university of liverpool,university of liverpool,school of english
United Kingdom,146655781,university of liverpool,university of liverpool,school of environmental sciences
United Kingdom,146655781,university of liverpool,university of liverpool,school of histories languages and cultures
United Kingdom,146655781,university of liverpool,university of liverpool,school of life sciences
United Kingdom,146655781,university of liverpool,university of liverpool,school of music
United Kingdom,146655781,university of liverpool,university of liverpool,school of physical sciences
United Kingdom,146655781,university of liverpool,university of liverpool,liverpool university dental hospital orthodontic department
United Kingdom,146655781,university of liverpool,university of liverpool,french section
United Kingdom,146655781,university of liverpool,university of liverpool,graduate school
United Kingdom,146655781,university of liverpool,university of liverpool,latin american studies section
United Kingdom,146655781,university of liverpool,university of liverpool,department of chemistry
United Kingdom,146655781,university of liverpool,university of liverpool,department of mathematical sciences
United Kingdom,146655781,university of liverpool,university of liverpool,school of psychology
United Kingdom,146655781,university of liverpool,university of liverpool,school of the arts
United Kingdom,146655781,university of liverpool,university of liverpool,department of civic design
United Kingdom,130828816,university of leeds,faculty of arts,school of english
United Kingdom,130828816,university of leeds,faculty of arts,school of history
United Kingdom,130828816,university of leeds,faculty of arts,school of philosophy religion and history of science
United Kingdom,130828816,university of leeds,faculty of arts,leeds humanities research institute
United Kingdom,130828816,university of leeds,faculty of arts,school of languages cultures and societies
United Kingdom,130828816,university of leeds,faculty of medicine and health,welmec centre of excellence in medical engineering
United Kingdom,130828816,university of leeds,faculty of medicine and health,school of dentistry
United Kingdom,130828816,university of leeds,faculty of medicine and health,school of healthcare
United Kingdom,130828816,university of leeds,faculty of medicine and health,school of psychology
United Kingdom,130828816,university of leeds,faculty of medicine and health,leeds school of medicine
United Kingdom,130828816,university of leeds,faculty of engineering,school of civil engineering
United Kingdom,130828816,university of leeds,faculty of engineering,welmec centre of excellence in medical engineering
United Kingdom,130828816,university of leeds,faculty of engineering,school of computing
United Kingdom,130828816,university of leeds,faculty of engineering,school of mechanical engineering
United Kingdom,130828816,university of leeds,faculty of engineering,school of chemical and process engineering
United Kingdom,130828816,university of leeds,faculty of biological sciences,school of biology
United Kingdom,130828816,university of leeds,faculty of biological sciences,school of biomedical sciences
United Kingdom,130828816,university of leeds,faculty of biological sciences,school of molecular and cellular biology
United Kingdom,130828816,university of leeds,faculty of biological sciences,antimicrobial research centre
United Kingdom,130828816,university of leeds,faculty of biological sciences,astbury centre for structural molecular biology
United Kingdom,130828816,university of leeds,faculty of biological sciences,institute of medical and biological engineering
United Kingdom,130828816,university of leeds,faculty of biological sciences,welmec centre of excellence in medical engineering
United Kingdom,130828816,university of leeds,faculty of social sciences,school of education
United Kingdom,130828816,university of leeds,faculty of social sciences,school of law
United Kingdom,130828816,university of leeds,faculty of social sciences,school of sociology and social policy
United Kingdom,130828816,university of leeds,faculty of social sciences,school of politics and international studies
United Kingdom,130828816,university of leeds,faculty of environment,school of earth and environment
United Kingdom,130828816,university of leeds,faculty of environment,institute for transport studies
United Kingdom,130828816,university of leeds,faculty of mathematics and physical sciences,welmec centre of excellence in medical engineering
United Kingdom,130828816,university of leeds,faculty of mathematics and physical sciences,school of chemistry
United Kingdom,130828816,university of leeds,faculty of mathematics and physical sciences,school of food science and nutrition
United Kingdom,130828816,university of leeds,faculty of mathematics and physical sciences,school of mathematics
United Kingdom,130828816,university of leeds,faculty of performance visual arts and communications,school of design
United Kingdom,130828816,university of leeds,faculty of performance visual arts and communications,school of music
United Kingdom,130828816,university of leeds,faculty of performance visual arts and communications,school of performance and cultural industries
United Kingdom,130828816,university of leeds,school of mechanical engineering,institute of medical and biological engineering
United Kingdom,130828816,university of leeds,school of chemistry,department of colour science
United Kingdom,130828816,university of leeds,school of mathematics,department of applied mathematics
United Kingdom,130828816,university of leeds,school of mathematics,department of statistics
United Kingdom,130828816,university of leeds,university of leeds,department of russian and slavonic studies
United Kingdom,130828816,university of leeds,university of leeds,molecular and nanoscale physics group
United Kingdom,130828816,university of leeds,university of leeds,faculty of arts
United Kingdom,130828816,university of leeds,university of leeds,faculty of biological sciences
United Kingdom,130828816,university of leeds,university of leeds,faculty of environment
United Kingdom,130828816,university of leeds,university of leeds,faculty of mathematics and physical sciences
United Kingdom,130828816,university of leeds,university of leeds,faculty of performance visual arts and communications
United Kingdom,130828816,university of leeds,university of leeds,faculty of arts humanities and cultures
United Kingdom,130828816,university of leeds,university of leeds,swjtu leeds joint school
United Kingdom,130828816,university of leeds,university of leeds,leeds university business school
United Kingdom,130828816,university of leeds,university of leeds,academic unit of psychiatry and behavioural sciences
United Kingdom,130828816,university of leeds,university of leeds,paediatric epidemiology group
United Kingdom,130828816,university of leeds,university of leeds,department of french
United Kingdom,130828816,university of leeds,university of leeds,department of east asian studies
United Kingdom,130828816,university of leeds,university of leeds,school of modern languages and cultures
United Kingdom,130828816,university of leeds,university of leeds,department of theology and religious studies
United Kingdom,130828816,university of leeds,university of leeds,department of italian
United Kingdom,130828816,university of leeds,university of leeds,department of arabic islamic and middle eastern studies
United Kingdom,130828816,university of leeds,university of leeds,department of obstetrics and gynaecology
United Kingdom,130828816,university of leeds,university of leeds,division of reproduction and early development
United Kingdom,130828816,university of leeds,university of leeds,department of linguistics and phonetics
United Kingdom,130828816,university of leeds,university of leeds,division of epidemiology
United Kingdom,130828816,university of leeds,faculty of arts humanities and cultures,institute for medieval studies
United Kingdom,130828816,university of leeds,faculty of arts humanities and cultures,school of media and communication
United Kingdom,130828816,university of leeds,faculty of arts humanities and cultures,school of fine art history of art and cultural studies
United Kingdom,130828816,university of leeds,faculty of arts humanities and cultures,school of music
United Kingdom,130828816,university of leeds,leeds university business school,accounting and finance division
United Kingdom,130828816,university of leeds,leeds university business school,economics division
United Kingdom,130828816,university of leeds,leeds university business school,international business division
United Kingdom,130828816,university of leeds,leeds university business school,management division
United Kingdom,130828816,university of leeds,leeds university business school,marketing division
United Kingdom,130828816,university of leeds,leeds university business school,work and employment relations division
United Kingdom,8408910,cardiff metropolitan university,cardiff metropolitan university,department of complementary therapies
United Kingdom,8408910,cardiff metropolitan university,cardiff metropolitan university,department of environmental health and public protection
United Kingdom,8408910,cardiff metropolitan university,cardiff metropolitan university,department of teacher education and training
United Kingdom,8408910,cardiff metropolitan university,cardiff metropolitan university,department of applied psychology
United Kingdom,8408910,cardiff metropolitan university,cardiff metropolitan university,department of food science
United Kingdom,8408910,cardiff metropolitan university,cardiff metropolitan university,department of nutrition and dietetics
United Kingdom,8408910,cardiff metropolitan university,cardiff metropolitan university,department of tourism hospitality and events management
United Kingdom,8408910,cardiff metropolitan university,cardiff metropolitan university,department of professional development
United Kingdom,28290843,university of surrey,university of surrey,department of biochemistry and physiology
United Kingdom,28290843,university of surrey,university of surrey,department of chemistry
United Kingdom,28290843,university of surrey,university of surrey,department of computing
United Kingdom,28290843,university of surrey,university of surrey,department of higher education
United Kingdom,28290843,university of surrey,university of surrey,department of mathematics
United Kingdom,28290843,university of surrey,university of surrey,department of microbial and cellular sciences
United Kingdom,28290843,university of surrey,university of surrey,department of nutritional sciences
United Kingdom,28290843,university of surrey,university of surrey,department of physics
United Kingdom,28290843,university of surrey,university of surrey,department of politics
United Kingdom,28290843,university of surrey,university of surrey,faculty of arts and human sciences
United Kingdom,28290843,university of surrey,university of surrey,faculty of health and medical sciences
United Kingdom,28290843,university of surrey,university of surrey,school of english and languages
United Kingdom,28290843,university of surrey,university of surrey,school of health and social care
United Kingdom,28290843,university of surrey,university of surrey,health and safety department
United Kingdom,28290843,university of surrey,university of surrey,faculty of engineering and physical sciences
United Kingdom,28290843,university of surrey,university of surrey,school of economics
United Kingdom,28290843,university of surrey,university of surrey,school of biosciences and medicine
United Kingdom,28290843,university of surrey,university of surrey,school of arts
United Kingdom,28290843,university of surrey,university of surrey,school of veterinary medicine
United Kingdom,28290843,university of surrey,university of surrey,department of civil and environmental engineering
United Kingdom,28290843,university of surrey,university of surrey,department of psychology
United Kingdom,28290843,university of surrey,university of surrey,department of sociology
United Kingdom,918000572,harper adams university,harper adams university,college department of crop and environment sciences
United Kingdom,918000572,harper adams university,harper adams university,college department of food science and agri food supply chain management
United Kingdom,245794714,regent s university london,regent s university london,regent s school of psychotherapy and psychology
United Kingdom,18077023,richmond the american international university in london,richmond the american international university in london,department of political science
United Kingdom,18077023,richmond the american international university in london,richmond the american international university in london,school of communications arts and social sciences
United Kingdom,169199633,aston university,aston university,school of languages and social sciences
United Kingdom,169199633,aston university,aston university,english language subject group
United Kingdom,169199633,aston university,aston university,vision hearing and language group
United Kingdom,169199633,aston university,aston university,school of life and health sciences
United Kingdom,169199633,aston university,aston university,biomedical engineering research group
United Kingdom,169199633,aston university,aston university,biomaterials and biomolecular sciences research group
United Kingdom,169199633,aston university,aston university,bioenergy research group
United Kingdom,169199633,aston university,aston university,politics and international relations subject group
United Kingdom,169199633,aston university,aston university,polymer processing and performance research unit
United Kingdom,43439940,university of south ton,university of south ton,faculty of business and law
United Kingdom,43439940,university of south ton,university of south ton,faculty of natural and environmental sciences
United Kingdom,43439940,university of south ton,university of south ton,faculty of social and human sciences
United Kingdom,43439940,university of south ton,university of south ton,school of chemistry
United Kingdom,43439940,university of south ton,university of south ton,division of cancer sciences
United Kingdom,43439940,university of south ton,university of south ton,education school
United Kingdom,43439940,university of south ton,university of south ton,winchester school of art
United Kingdom,43439940,university of south ton,university of south ton,south ton health technology assessments centre
United Kingdom,43439940,university of south ton,university of south ton,school of electronics and computer science
United Kingdom,43439940,university of south ton,university of south ton,faculty of engineering and the environment
United Kingdom,43439940,university of south ton,university of south ton,faculty of humanities
United Kingdom,43439940,university of south ton,university of south ton,faculty of physical sciences and engineering
United Kingdom,43439940,university of south ton,university of south ton,faculty of medicine
United Kingdom,43439940,university of south ton,university of south ton,faculty of health sciences
United Kingdom,43439940,university of south ton,university of south ton,school of geography
United Kingdom,43439940,university of south ton,university of south ton,department of modern languages
United Kingdom,43439940,university of south ton,university of south ton,learning and teaching enhancement unit
United Kingdom,43439940,university of south ton,university of south ton,school of physics and astronomy
United Kingdom,43439940,university of south ton,university of south ton,division of human development and health
United Kingdom,43439940,university of south ton,university of south ton,division of clinical and experimental sciences
United Kingdom,43439940,university of south ton,university of south ton,school of mathematics
United Kingdom,43439940,university of south ton,university of south ton,school of social sciences
United Kingdom,43439940,university of south ton,university of south ton,school of ocean and earth science
United Kingdom,43439940,university of south ton,university of south ton,school of psychology
United Kingdom,161548249,bangor university,bangor university,school of welsh
United Kingdom,161548249,bangor university,bangor university,department of agriculture
United Kingdom,161548249,bangor university,bangor university,department of zoology
United Kingdom,161548249,bangor university,bangor university,school of english
United Kingdom,161548249,bangor university,bangor university,college of physical and applied sciences
United Kingdom,161548249,bangor university,bangor university,school of sport health and exercise sciences
United Kingdom,161548249,bangor university,bangor university,college of health and behavioural sciences
United Kingdom,161548249,bangor university,bangor university,school of ocean sciences
United Kingdom,161548249,bangor university,bangor university,school of biological sciences
United Kingdom,161548249,bangor university,bangor university,college of natural sciences
United Kingdom,161548249,bangor university,bangor university,school of social sciences
United Kingdom,161548249,bangor university,bangor university,school of law
United Kingdom,161548249,bangor university,bangor university,school of music
United Kingdom,161548249,bangor university,bangor university,school of modern languages
United Kingdom,161548249,bangor university,bangor university,school of linguistics and english language
United Kingdom,161548249,bangor university,bangor university,school of history welsh history and archaeology
United Kingdom,161548249,bangor university,bangor university,college of arts and humanities
United Kingdom,161548249,bangor university,bangor university,school of philosophy and religion
United Kingdom,161548249,bangor university,bangor university,college of business law education and social sciences
United Kingdom,161548249,bangor university,bangor university,school of education
United Kingdom,161548249,bangor university,bangor university,school of the environment natural resources and geography
United Kingdom,161548249,bangor university,bangor university,university of bangor school of healthcare sciences
United Kingdom,161548249,bangor university,bangor university,school of chemistry
United Kingdom,161548249,bangor university,bangor university,school of electronic engineering
United Kingdom,161548249,bangor university,bangor university,school of computer science
United Kingdom,161548249,bangor university,bangor university,school of creative studies and media
United Kingdom,161548249,bangor university,bangor university,school of lifelong learning
United Kingdom,161548249,bangor university,bangor university,academic development unit
United Kingdom,161548249,bangor university,bangor university,school of medical sciences
United Kingdom,161548249,bangor university,bangor university,centre for applied marine sciences
United Kingdom,161548249,bangor university,bangor university,centre for research on bilingualism in theory and practice
United Kingdom,161548249,bangor university,bangor university,welsh national centre for religious education
United Kingdom,91136226,university of sheffield,university of sheffield,department of biblical studies
United Kingdom,91136226,university of sheffield,university of sheffield,department of cardiovascular science
United Kingdom,91136226,university of sheffield,university of sheffield,department of french
United Kingdom,91136226,university of sheffield,university of sheffield,department of oncology
United Kingdom,91136226,university of sheffield,university of sheffield,department of town and regional planning
United Kingdom,91136226,university of sheffield,university of sheffield,academic clinical psychiatry
United Kingdom,91136226,university of sheffield,university of sheffield,academic unit of clinical oncology
United Kingdom,91136226,university of sheffield,university of sheffield,academic unit of supportive care
United Kingdom,91136226,university of sheffield,university of sheffield,human nutrition unit
United Kingdom,91136226,university of sheffield,university of sheffield,faculty of arts and humanities
United Kingdom,91136226,university of sheffield,university of sheffield,faculty of science
United Kingdom,91136226,university of sheffield,university of sheffield,faculty of social sciences
United Kingdom,91136226,university of sheffield,university of sheffield,faculty of medicine dentistry and health
United Kingdom,91136226,university of sheffield,university of sheffield,faculty of engineering
United Kingdom,91136226,university of sheffield,university of sheffield,department of computer science
United Kingdom,91136226,university of sheffield,university of sheffield,department of civil and structural engineering
United Kingdom,91136226,university of sheffield,university of sheffield,department of chemical and biological engineering
United Kingdom,91136226,university of sheffield,university of sheffield,department of automatic control and systems engineering
United Kingdom,91136226,university of sheffield,university of sheffield,department of philosophy
United Kingdom,91136226,university of sheffield,university of sheffield,department of archaeology
United Kingdom,91136226,university of sheffield,university of sheffield,department of music
United Kingdom,91136226,university of sheffield,university of sheffield,department of russian and slavonic studies
United Kingdom,91136226,university of sheffield,university of sheffield,department of hispanic studies
United Kingdom,91136226,university of sheffield,university of sheffield,department of germanic studies
United Kingdom,91136226,university of sheffield,university of sheffield,department of history
United Kingdom,91136226,university of sheffield,university of sheffield,department of psychology
United Kingdom,91136226,university of sheffield,university of sheffield,department of physics and astronomy
United Kingdom,91136226,university of sheffield,university of sheffield,school of mathematics and statistics
United Kingdom,91136226,university of sheffield,university of sheffield,department of molecular biology and biotechnology
United Kingdom,91136226,university of sheffield,university of sheffield,school of law
United Kingdom,91136226,university of sheffield,university of sheffield,department of sociological studies
United Kingdom,91136226,university of sheffield,university of sheffield,department of politics
United Kingdom,91136226,university of sheffield,university of sheffield,department of landscape
United Kingdom,91136226,university of sheffield,university of sheffield,department of journalism studies
United Kingdom,91136226,university of sheffield,university of sheffield,school of education
United Kingdom,91136226,university of sheffield,university of sheffield,school of east asian studies
United Kingdom,91136226,university of sheffield,university of sheffield,school of architecture
United Kingdom,91136226,university of sheffield,university of sheffield,department of economics
United Kingdom,91136226,university of sheffield,university of sheffield,school of nursing and midwifery
United Kingdom,91136226,university of sheffield,university of sheffield,department of neuroscience
United Kingdom,91136226,university of sheffield,university of sheffield,department of infection and immunity
United Kingdom,91136226,university of sheffield,university of sheffield,department of human metabolism
United Kingdom,91136226,university of sheffield,university of sheffield,department of human communication sciences
United Kingdom,91136226,university of sheffield,university of sheffield,section of public health
United Kingdom,91136226,university of sheffield,university of sheffield,medical care research unit
United Kingdom,91136226,university of sheffield,university of sheffield,school of clinical dentistry
United Kingdom,91136226,university of sheffield,university of sheffield,department of animal and plant sciences
United Kingdom,91136226,university of sheffield,university of sheffield,department of biomedical science
United Kingdom,91136226,university of sheffield,university of sheffield,school of english
United Kingdom,91136226,university of sheffield,university of sheffield,department of aerospace engineering
United Kingdom,91136226,university of sheffield,university of sheffield,department of chemistry
United Kingdom,91136226,university of sheffield,university of sheffield,department of materials science and engineering
United Kingdom,91136226,university of sheffield,university of sheffield,school of modern languages and linguistics
United Kingdom,59433898,brunel university london,brunel university london,brunel university college of health and life sciences
United Kingdom,59433898,brunel university london,brunel university london,brunel university department of computer science
United Kingdom,59433898,brunel university london,brunel university london,brunel university department of life sciences
United Kingdom,59433898,brunel university london,brunel university london,brunel university department of mathematical sciences
United Kingdom,59433898,brunel university london,brunel university london,brunel university carisma
United Kingdom,59433898,brunel university london,brunel university london,brunel university department of politics history and the brunel law school
United Kingdom,59433898,brunel university london,brunel university london,brunel design school
United Kingdom,59433898,brunel university london,brunel university london,brunel university graduate school
United Kingdom,59433898,brunel university london,brunel university london,brunel university brunel international
United Kingdom,59433898,brunel university london,brunel university london,brunel university college of business arts and social sciences
United Kingdom,59433898,brunel university london,brunel university london,brunel university department of economics and finance
United Kingdom,59433898,brunel university london,brunel university london,brunel university department of social sciences media and communications
United Kingdom,59433898,brunel university london,brunel university london,brunel university department of arts and humanities
United Kingdom,59433898,brunel university london,brunel university london,brunel university college of engineering design and physical sciences
United Kingdom,59433898,brunel university london,brunel university london,brunel university department of clinical sciences
United Kingdom,165525304,edge hill university,edge hill university,department of secondary education
United Kingdom,165525304,edge hill university,edge hill university,department of social work
United Kingdom,165525304,edge hill university,edge hill university,faculty of education
United Kingdom,165525304,edge hill university,edge hill university,faculty of arts and sciences
United Kingdom,165525304,edge hill university,edge hill university,faculty of health and social care
United Kingdom,165525304,edge hill university,edge hill university,faculty of health and social care department of postgraduate study and professional development
United Kingdom,165525304,edge hill university,edge hill university,department of computing
United Kingdom,165525304,edge hill university,edge hill university,department of english and history
United Kingdom,165525304,edge hill university,edge hill university,department of law and criminology
United Kingdom,165525304,edge hill university,edge hill university,department of psychology
United Kingdom,165525304,edge hill university,edge hill university,department of social sciences
United Kingdom,165525304,edge hill university,edge hill university,department of professional development
United Kingdom,165525304,edge hill university,edge hill university,department of nursing
United Kingdom,165525304,edge hill university,edge hill university,department of midwifery
United Kingdom,165525304,edge hill university,edge hill university,department of applied health and social care
United Kingdom,165525304,edge hill university,edge hill university,department of biology
United Kingdom,165525304,edge hill university,edge hill university,business school
United Kingdom,165525304,edge hill university,edge hill university,department of media
United Kingdom,165525304,edge hill university,edge hill university,department of performing arts
United Kingdom,165525304,edge hill university,edge hill university,department of sport and physical activity
United Kingdom,165525304,edge hill university,edge hill university,department of primary and early years education
United Kingdom,165525304,edge hill university,edge hill university,department of paramedic practice
United Kingdom,139894009,university of bradford,university of bradford,faculty of engineering and informatics
United Kingdom,139894009,university of bradford,university of bradford,faculty of health studies
United Kingdom,139894009,university of bradford,university of bradford,faculty of life sciences
United Kingdom,139894009,university of bradford,university of bradford,faculty of social and international studies
United Kingdom,139894009,university of bradford,university of bradford,school of electrical engineering and computer science
United Kingdom,139894009,university of bradford,university of bradford,school of engineering
United Kingdom,139894009,university of bradford,university of bradford,school of medical sciences
United Kingdom,139894009,university of bradford,university of bradford,bradford dementia group
United Kingdom,139894009,university of bradford,university of bradford,division of archaeological geographical and environmental sciences
United Kingdom,139894009,university of bradford,university of bradford,division of chemical and forensic sciences
United Kingdom,139894009,university of bradford,university of bradford,division of economics
United Kingdom,139894009,university of bradford,university of bradford,division of midwifery and women s health
United Kingdom,139894009,university of bradford,university of bradford,division of optometry
United Kingdom,139894009,university of bradford,university of bradford,division of peace studies
United Kingdom,139894009,university of bradford,university of bradford,division of radiography
United Kingdom,139894009,university of bradford,university of bradford,division of rehabilitation studies
United Kingdom,139894009,university of bradford,university of bradford,division of service development and improvement
United Kingdom,139894009,university of bradford,university of bradford,division of social science and criminal justice studies
United Kingdom,139894009,university of bradford,university of bradford,division of social work and social care
United Kingdom,139894009,university of bradford,university of bradford,university international study centre
United Kingdom,139894009,university of bradford,university of bradford,bradford media school
United Kingdom,12093191,university of stirling,university of stirling,department of english studies
United Kingdom,12093191,university of stirling,university of stirling,department of film media and journalism
United Kingdom,12093191,university of stirling,university of stirling,department of psychology
United Kingdom,12093191,university of stirling,university of stirling,school of applied social science
United Kingdom,12093191,university of stirling,university of stirling,school of education
United Kingdom,12093191,university of stirling,university of stirling,school of languages cultures and religions
United Kingdom,12093191,university of stirling,university of stirling,school of sport
United Kingdom,12093191,university of stirling,university of stirling,economics division
United Kingdom,12093191,university of stirling,university of stirling,school of nursing midwifery and health
United Kingdom,12093191,university of stirling,university of stirling,school of arts and humanities
United Kingdom,12093191,university of stirling,university of stirling,school of management
United Kingdom,12093191,university of stirling,university of stirling,school of natural sciences
United Kingdom,12093191,university of stirling,university of stirling,school of history and politics
United Kingdom,12093191,university of stirling,university of stirling,department of philosophy
United Kingdom,12093191,university of stirling,university of stirling,department of computing science and mathematics
United Kingdom,52099693,university of york,university of york,centre of applied human rights
United Kingdom,52099693,university of york,university of york,department of archaeology at the
United Kingdom,52099693,university of york,university of york,department of computer science
United Kingdom,52099693,university of york,university of york,social policy research unit
United Kingdom,52099693,university of york,university of york,department of social policy and social work
United Kingdom,52099693,university of york,university of york,department of psychology
United Kingdom,52099693,university of york,university of york,department of physics
United Kingdom,52099693,university of york,university of york,department of health sciences
United Kingdom,52099693,university of york,university of york,department of education
United Kingdom,52099693,university of york,university of york,department of electronics
United Kingdom,52099693,university of york,university of york,environment department
United Kingdom,52099693,university of york,university of york,department of chemistry
United Kingdom,52099693,university of york,university of york,vanbrugh college
United Kingdom,52099693,university of york,university of york,goodricke college
United Kingdom,52099693,university of york,university of york,langwith college
United Kingdom,52099693,university of york,university of york,james college
United Kingdom,52099693,university of york,university of york,derwent college
United Kingdom,52099693,university of york,university of york,alcuin college
United Kingdom,52099693,university of york,university of york,halifax college
United Kingdom,52099693,university of york,university of york,jack birch unit for molecular carcinogenesis
United Kingdom,52099693,university of york,university of york,department of biology
United Kingdom,52099693,university of york,university of york,department of sociology
United Kingdom,52099693,university of york,university of york,communications research group
United Kingdom,52099693,university of york,university of york,department of politics
United Kingdom,52099693,university of york,university of york,department of economics and related studies
United Kingdom,52099693,university of york,university of york,school of natural sciences
United Kingdom,52099693,university of york,university of york,british art research school
United Kingdom,52099693,university of york,university of york,department of history
United Kingdom,52099693,university of york,university of york,department of history of art
United Kingdom,52099693,university of york,university of york,department of english and related literature
United Kingdom,52099693,university of york,university of york,department of language and linguistic science
United Kingdom,52099693,university of york,university of york,department of music
United Kingdom,52099693,university of york,university of york,department of philosophy
United Kingdom,52099693,university of york,university of york,department of theatre film and television
United Kingdom,52099693,university of york,university of york,school of philosophy politics and economics
United Kingdom,52099693,university of york,university of york,department of mathematics
United States of America,176611909,california lutheran university,california lutheran university,college of arts and sciences
United States of America,176611909,california lutheran university,california lutheran university,department of english
United States of America,176611909,california lutheran university,california lutheran university,school of education
United States of America,149919469,california polytechnic state university,california polytechnic state university,college of agriculture food and environmental sciences
United States of America,149919469,california polytechnic state university,california polytechnic state university,college of architecture and environmental design
United States of America,149919469,california polytechnic state university,california polytechnic state university,college of liberal arts
United States of America,149919469,california polytechnic state university,california polytechnic state university,college of science and mathematics
United States of America,149919469,california polytechnic state university,california polytechnic state university,department of biological sciences
United States of America,149919469,california polytechnic state university,california polytechnic state university,department of economics
United States of America,149919469,california polytechnic state university,california polytechnic state university,department of food science and nutrition
United States of America,149919469,california polytechnic state university,california polytechnic state university,department of music
United States of America,149919469,california polytechnic state university,california polytechnic state university,department of political science
United States of America,149919469,california polytechnic state university,california polytechnic state university,school of education
United States of America,98947143,california state polytechnic university pomona,california state polytechnic university pomona,college of agriculture
United States of America,98947143,california state polytechnic university pomona,california state polytechnic university pomona,college of education and integrative studies
United States of America,98947143,california state polytechnic university pomona,california state polytechnic university pomona,college of environmental design
United States of America,98947143,california state polytechnic university pomona,california state polytechnic university pomona,college of letters arts and social sciences
United States of America,98947143,california state polytechnic university pomona,california state polytechnic university pomona,college of science
United States of America,98947143,california state polytechnic university pomona,california state polytechnic university pomona,department of economics
United States of America,98947143,california state polytechnic university pomona,california state polytechnic university pomona,department of geography and anthropology
United States of America,98947143,california state polytechnic university pomona,california state polytechnic university pomona,department of history
United States of America,98947143,california state polytechnic university pomona,california state polytechnic university pomona,cal poly pomona college of agriculture
United States of America,98947143,california state polytechnic university pomona,california state polytechnic university pomona,cal poly pomona college of education and integrative studies
United States of America,98947143,california state polytechnic university pomona,california state polytechnic university pomona,cal poly pomona college of environmental design
United States of America,98947143,california state polytechnic university pomona,california state polytechnic university pomona,cal poly pomona college of science
United States of America,118839592,california state university bakersfield,california state university bakersfield,department of philosophy and religious studies
United States of America,118839592,california state university bakersfield,california state university bakersfield,school of arts and humanities
United States of America,290598920,california state university dominguez hills,california state university dominguez hills,college of natural and behavioral sciences
United States of America,290598920,california state university dominguez hills,california state university dominguez hills,college of professional studies
United States of America,290598920,california state university dominguez hills,california state university dominguez hills,department of biology
United States of America,290598920,california state university dominguez hills,california state university dominguez hills,department of psychology
United States of America,290598920,california state university dominguez hills,california state university dominguez hills,college of arts and humanities
United States of America,36053171,california state university chico,california state university chico,college of agriculture
United States of America,36053171,california state university chico,california state university chico,college of behavioral and social sciences
United States of America,36053171,california state university chico,california state university chico,college of communication and education
United States of America,36053171,california state university chico,california state university chico,college of humanities and fine arts
United States of America,36053171,california state university chico,california state university chico,college of natural sciences
United States of America,36053171,california state university chico,california state university chico,department of chemistry and biochemistry
United States of America,36053171,california state university chico,california state university chico,department of communication arts and sciences
United States of America,36053171,california state university chico,california state university chico,department of english
United States of America,36053171,california state university chico,california state university chico,department of health and community services
United States of America,36053171,california state university chico,california state university chico,department of philosophy
United States of America,36053171,california state university chico,california state university chico,school of education
United States of America,184813773,california state university east bay,college of letters arts and social sciences,department of sociology
United States of America,184813773,california state university east bay,california state university east bay,college of letters arts and social sciences
United States of America,184813773,california state university east bay,california state university east bay,college of science
United States of America,184813773,california state university east bay,california state university east bay,department of anthropology geography and environmental studies
United States of America,184813773,california state university east bay,california state university east bay,department of chemistry
United States of America,184813773,california state university east bay,california state university east bay,department of earth and environmental sciences
United States of America,184813773,california state university east bay,california state university east bay,department of economics
United States of America,184813773,california state university east bay,california state university east bay,department of english
United States of America,184813773,california state university east bay,california state university east bay,department of history
United States of America,184813773,california state university east bay,california state university east bay,department of human development and women s studies
United States of America,184813773,california state university east bay,california state university east bay,department of health sciences
United States of America,67328108,california state university fresno,california state university fresno,college of arts and humanities
United States of America,67328108,california state university fresno,california state university fresno,college of health and human services
United States of America,67328108,california state university fresno,california state university fresno,college of science and mathematics
United States of America,67328108,california state university fresno,california state university fresno,college of social sciences
United States of America,67328108,california state university fresno,california state university fresno,department of biology
United States of America,67328108,california state university fresno,california state university fresno,department of child family and consumer sciences
United States of America,67328108,california state university fresno,california state university fresno,department of criminology
United States of America,67328108,california state university fresno,california state university fresno,department of economics
United States of America,67328108,california state university fresno,california state university fresno,department of english
United States of America,67328108,california state university fresno,california state university fresno,department of psychology
United States of America,67328108,california state university fresno,california state university fresno,department of social work education
United States of America,142934699,california state university fullerton,california state university fullerton,college of communications
United States of America,142934699,california state university fullerton,california state university fullerton,college of education
United States of America,142934699,california state university fullerton,california state university fullerton,college of health and human development
United States of America,142934699,california state university fullerton,california state university fullerton,college of humanities and social sciences
United States of America,142934699,california state university fullerton,california state university fullerton,college of natural sciences and mathematics
United States of America,142934699,california state university fullerton,california state university fullerton,college of the arts
United States of America,142934699,california state university fullerton,california state university fullerton,department of american studies
United States of America,142934699,california state university fullerton,california state university fullerton,department of asian american studies
United States of America,142934699,california state university fullerton,california state university fullerton,department of biological science
United States of America,142934699,california state university fullerton,california state university fullerton,department of chemistry and biochemistry
United States of America,142934699,california state university fullerton,california state university fullerton,department of child and adolescent studies
United States of America,142934699,california state university fullerton,california state university fullerton,department of economics
United States of America,142934699,california state university fullerton,california state university fullerton,department of elementary and bilingual education
United States of America,142934699,california state university fullerton,california state university fullerton,department of history
United States of America,142934699,california state university fullerton,california state university fullerton,department of kinesiology
United States of America,142934699,california state university fullerton,california state university fullerton,department of music
United States of America,142934699,california state university fullerton,california state university fullerton,department of psychology
United States of America,142934699,california state university fullerton,california state university fullerton,department of special education
United States of America,59897056,california state university long beach,california state university long beach,college of education
United States of America,59897056,california state university long beach,california state university long beach,college of health and human services
United States of America,59897056,california state university long beach,california state university long beach,college of liberal arts
United States of America,59897056,california state university long beach,california state university long beach,college of natural sciences and mathematics
United States of America,59897056,california state university long beach,california state university long beach,college of the arts
United States of America,59897056,california state university long beach,california state university long beach,department of biological sciences
United States of America,59897056,california state university long beach,california state university long beach,department of chemistry and biochemistry
United States of America,59897056,california state university long beach,california state university long beach,department of communication studies
United States of America,59897056,california state university long beach,california state university long beach,department of linguistics
United States of America,59897056,california state university long beach,california state university long beach,department of political science
United States of America,59897056,california state university long beach,california state university long beach,department of psychology
United States of America,59897056,california state university long beach,california state university long beach,department of women s gender and sexuality studies
United States of America,157638225,california state university northridge,college of business and economics,department of economics
United States of America,157638225,california state university northridge,california state university northridge,college of health and human development
United States of America,157638225,california state university northridge,california state university northridge,college of humanities
United States of America,157638225,california state university northridge,california state university northridge,college of science and mathematics
United States of America,157638225,california state university northridge,california state university northridge,college of social and behavioral sciences
United States of America,157638225,california state university northridge,california state university northridge,department of biology
United States of America,157638225,california state university northridge,california state university northridge,department of chemistry and biochemistry
United States of America,157638225,california state university northridge,california state university northridge,department of child and adolescent development
United States of America,157638225,california state university northridge,california state university northridge,department of educational psychology and counseling
United States of America,157638225,california state university northridge,california state university northridge,department of english
United States of America,157638225,california state university northridge,california state university northridge,department of family and consumer sciences
United States of America,157638225,california state university northridge,california state university northridge,department of philosophy
United States of America,157638225,california state university northridge,california state university northridge,department of secondary education
United States of America,157638225,california state university northridge,california state university northridge,department of urban studies and planning
United States of America,157638225,california state university northridge,california state university northridge,department of history
United States of America,157638225,california state university northridge,california state university northridge,department of africana studies
United States of America,43369023,california state university san bernardino,california state university san bernardino,college of education
United States of America,43369023,california state university san bernardino,california state university san bernardino,college of extended learning
United States of America,43369023,california state university san bernardino,california state university san bernardino,college of social and behavioral sciences
United States of America,43369023,california state university san bernardino,california state university san bernardino,department of kinesiology
United States of America,43369023,california state university san bernardino,california state university san bernardino,department of psychology
United States of America,43369023,california state university san bernardino,california state university san bernardino,csusb college of education
United States of America,43369023,california state university san bernardino,california state university san bernardino,college of extended and global education
United States of America,43943889,brigham young university idaho,brigham young university idaho,college of agriculture and life sciences
United States of America,43943889,brigham young university idaho,brigham young university idaho,college of language and letters
United States of America,43943889,brigham young university idaho,brigham young university idaho,department of biology
United States of America,43943889,brigham young university idaho,brigham young university idaho,department of english
United States of America,43267033,quinnipiac university,quinnipiac university,school of health sciences
United States of America,185103710,university of california santa cruz,university of california santa cruz,department of anthropology
United States of America,185103710,university of california santa cruz,university of california santa cruz,department of applied mathematics and statistics
United States of America,185103710,university of california santa cruz,university of california santa cruz,department of computer engineering
United States of America,185103710,university of california santa cruz,university of california santa cruz,department of computer science
United States of America,185103710,university of california santa cruz,university of california santa cruz,department of earth and planetary sciences
United States of America,185103710,university of california santa cruz,university of california santa cruz,department of ecology and evolutionary biology
United States of America,185103710,university of california santa cruz,university of california santa cruz,department of economics
United States of America,185103710,university of california santa cruz,university of california santa cruz,department of environmental studies
United States of America,185103710,university of california santa cruz,university of california santa cruz,department of latin american and latino studies
United States of America,185103710,university of california santa cruz,university of california santa cruz,department of literature
United States of America,185103710,university of california santa cruz,university of california santa cruz,department of molecular cell and developmental biology
United States of America,185103710,university of california santa cruz,university of california santa cruz,department of music
United States of America,185103710,university of california santa cruz,university of california santa cruz,department of ocean sciences
United States of America,185103710,university of california santa cruz,university of california santa cruz,department of philosophy
United States of America,185103710,university of california santa cruz,university of california santa cruz,department of politics
United States of America,185103710,university of california santa cruz,university of california santa cruz,department of psychology
United States of America,185103710,university of california santa cruz,university of california santa cruz,department of sociology
United States of America,185103710,university of california santa cruz,university of california santa cruz,department of feminist studies
United States of America,185103710,university of california santa cruz,jack baskin school of engineering,department of electrical and computer engineering
United States of America,111236770,university of vermont,university of vermont,department of medicine
United States of America,111236770,university of vermont,university of vermont,college of agriculture and life sciences
United States of America,111236770,university of vermont,university of vermont,college of arts and sciences
United States of America,111236770,university of vermont,university of vermont,college of education and social services
United States of America,111236770,university of vermont,university of vermont,college of engineering and mathematical sciences
United States of America,111236770,university of vermont,university of vermont,department of biochemistry
United States of America,111236770,university of vermont,university of vermont,department of biology
United States of America,111236770,university of vermont,university of vermont,department of chemistry
United States of America,111236770,university of vermont,university of vermont,department of communication sciences and disorders
United States of America,111236770,university of vermont,university of vermont,department of community development and applied economics
United States of America,111236770,university of vermont,university of vermont,department of computer science
United States of America,111236770,university of vermont,university of vermont,department of english
United States of America,111236770,university of vermont,university of vermont,department of family medicine
United States of America,111236770,university of vermont,university of vermont,department of geology
United States of America,111236770,university of vermont,university of vermont,department of history
United States of America,111236770,university of vermont,university of vermont,department of mathematics and statistics
United States of America,111236770,university of vermont,university of vermont,department of microbiology and molecular genetics
United States of America,111236770,university of vermont,university of vermont,department of molecular physiology and biophysics
United States of America,111236770,university of vermont,university of vermont,department of neurological sciences
United States of America,111236770,university of vermont,university of vermont,department of neurology
United States of America,111236770,university of vermont,university of vermont,department of obstetrics gynecology and reproductive sciences
United States of America,111236770,university of vermont,university of vermont,department of orthopaedics and rehabilitation
United States of America,111236770,university of vermont,university of vermont,department of pathology
United States of America,111236770,university of vermont,university of vermont,department of pediatrics
United States of America,111236770,university of vermont,university of vermont,department of political science
United States of America,111236770,university of vermont,university of vermont,department of psychiatry
United States of America,111236770,university of vermont,university of vermont,department of psychology
United States of America,111236770,university of vermont,university of vermont,department of romance languages and literature
United States of America,111236770,university of vermont,university of vermont,department of social work
United States of America,111236770,university of vermont,university of vermont,department of sociology
United States of America,111236770,university of vermont,university of vermont,department of surgery
United States of America,121980950,utah state university,utah state university,college of agriculture and applied sciences
United States of America,121980950,utah state university,utah state university,college of humanities social sciences
United States of America,121980950,utah state university,utah state university,college of science
United States of America,121980950,utah state university,utah state university,department of applied economics
United States of America,121980950,utah state university,utah state university,department of biology
United States of America,121980950,utah state university,utah state university,department of communicative disorders and deaf education
United States of America,121980950,utah state university,utah state university,department of english
United States of America,121980950,utah state university,utah state university,department of family consumer and human development
United States of America,121980950,utah state university,utah state university,department of health physical education and recreation
United States of America,121980950,utah state university,utah state university,department of history
United States of America,121980950,utah state university,utah state university,department of mathematics and statistics
United States of America,121980950,utah state university,utah state university,department of psychology
United States of America,121980950,utah state university,utah state university,department of sociology social work and anthropology
United States of America,121980950,utah state university,utah state university,department of special education and rehabilitation
United States of America,24306055,suffolk university,suffolk university,department of economics
United States of America,24306055,suffolk university,suffolk university,department of psychology
United States of America,24306055,suffolk university,suffolk university,department of sociology
United States of America,24306055,suffolk university,suffolk university,department of history
United States of America,66108857,gallaudet university,gallaudet university,department of education
United States of America,66108857,gallaudet university,gallaudet university,department of english
United States of America,66108857,gallaudet university,gallaudet university,department of hearing speech and language sciences
United States of America,66108857,gallaudet university,gallaudet university,department of psychology
United States of America,66108857,gallaudet university,gallaudet university,department of social work
United States of America,180670191,university of california san francisco,university of california san francisco,department of anatomy
United States of America,180670191,university of california san francisco,university of california san francisco,department of anesthesia and perioperative care
United States of America,180670191,university of california san francisco,university of california san francisco,department of anthropology history and social medicine
United States of America,180670191,university of california san francisco,university of california san francisco,department of cellular and molecular pharmacology
United States of America,180670191,university of california san francisco,university of california san francisco,department of dermatology
United States of America,180670191,university of california san francisco,university of california san francisco,department of epidemiology and biostatistics
United States of America,180670191,university of california san francisco,university of california san francisco,department of family and community medicine
United States of America,180670191,university of california san francisco,university of california san francisco,department of microbiology and immunology
United States of America,180670191,university of california san francisco,university of california san francisco,department of neurological surgery
United States of America,180670191,university of california san francisco,university of california san francisco,department of neurology
United States of America,180670191,university of california san francisco,university of california san francisco,department of obstetrics gynecology and reproductive sciences
United States of America,180670191,university of california san francisco,university of california san francisco,department of ophthalmology
United States of America,180670191,university of california san francisco,university of california san francisco,department of otolaryngology head and neck surgery
United States of America,180670191,university of california san francisco,university of california san francisco,department of pathology and laboratory medicine
United States of America,180670191,university of california san francisco,university of california san francisco,department of pediatrics
United States of America,180670191,university of california san francisco,university of california san francisco,department of physiology
United States of America,180670191,university of california san francisco,university of california san francisco,department of psychiatry
United States of America,180670191,university of california san francisco,university of california san francisco,department of radiation oncology
United States of America,180670191,university of california san francisco,university of california san francisco,department of radiology and biomedical imagery
United States of America,180670191,university of california san francisco,university of california san francisco,department of social and behavioral sciences
United States of America,180670191,university of california san francisco,university of california san francisco,department of surgery
United States of America,180670191,university of california san francisco,university of california san francisco,department of urology
United States of America,163113649,eastern new mexico university,eastern new mexico university,college of education and technology
United States of America,163113649,eastern new mexico university,eastern new mexico university,college of fine arts
United States of America,163113649,eastern new mexico university,eastern new mexico university,department of art
United States of America,163113649,eastern new mexico university,eastern new mexico university,department of communication
United States of America,102298084,andrews university,andrews university,college of arts and sciences
United States of America,102298084,andrews university,andrews university,department of graduate psychology and counseling
United States of America,102298084,andrews university,andrews university,department of history and political science
United States of America,102298084,andrews university,andrews university,department of public health and wellness
United States of America,102298084,andrews university,andrews university,school of architecture art and design
United States of America,102298084,andrews university,andrews university,school of distance education
United States of America,102298084,andrews university,andrews university,school of education
United States of America,102298084,andrews university,andrews university,school of graduate studies and research
United States of America,102298084,andrews university,andrews university,school of health professions
United States of America,2802474107,maestro university,maestro university,new charter university college of public policy and administration
United States of America,102607778,cleveland state university,cleveland state university,college of graduate studies
United States of America,102607778,cleveland state university,cleveland state university,college of liberal arts and social sciences
United States of America,102607778,cleveland state university,cleveland state university,college of sciences and health professions
United States of America,102607778,cleveland state university,cleveland state university,department of chemistry
United States of America,102607778,cleveland state university,cleveland state university,department of counseling and testing
United States of America,102607778,cleveland state university,cleveland state university,department of english
United States of America,102607778,cleveland state university,cleveland state university,department of history
United States of America,102607778,cleveland state university,cleveland state university,department of philosophy
United States of America,102607778,cleveland state university,cleveland state university,department of psychology
United States of America,102607778,cleveland state university,cleveland state university,department of sociology and criminology
United States of America,102607778,cleveland state university,cleveland state university,school of communication
United States of America,208081647,coastal carolina university,coastal carolina university,college of natural and applied sciences
United States of America,208081647,coastal carolina university,coastal carolina university,department of biology
United States of America,208081647,coastal carolina university,coastal carolina university,department of psychology and sociology
United States of America,114312114,colorado state university pueblo,colorado state university pueblo,college of education engineering and professional studies
United States of America,114312114,colorado state university pueblo,colorado state university pueblo,college of humanities and social sciences
United States of America,114312114,colorado state university pueblo,colorado state university pueblo,college of science and mathematics
United States of America,114312114,colorado state university pueblo,colorado state university pueblo,department of chemistry
United States of America,92446798,colorado state university,college of engineering,department of atmospheric science
United States of America,173963315,st cloud state university,st cloud state university,saint cloud state university college of liberal arts
United States of America,173963315,st cloud state university,st cloud state university,saint cloud state university department of economics
United States of America,173963315,st cloud state university,st cloud state university,saint cloud state university department of english
United States of America,173963315,st cloud state university,st cloud state university,saint cloud state university department of history
United States of America,173963315,st cloud state university,st cloud state university,saint cloud state university department of psychology
United States of America,173911158,iowa state university,iowa state university,college of agriculture and life sciences
United States of America,173911158,iowa state university,iowa state university,college of design
United States of America,173911158,iowa state university,iowa state university,department of agronomy
United States of America,173911158,iowa state university,iowa state university,department of animal science
United States of America,173911158,iowa state university,iowa state university,department of apparel educational studies and hospitality management
United States of America,173911158,iowa state university,iowa state university,department of biochemistry biophysics and molecular biology
United States of America,173911158,iowa state university,iowa state university,department of chemical and biological engineering
United States of America,173911158,iowa state university,iowa state university,department of chemistry
United States of America,173911158,iowa state university,iowa state university,department of community and regional planning
United States of America,173911158,iowa state university,iowa state university,department of computer science
United States of America,173911158,iowa state university,iowa state university,department of curriculum and instruction
United States of America,173911158,iowa state university,iowa state university,department of ecology evolution and organismal biology
United States of America,173911158,iowa state university,iowa state university,department of economics
United States of America,173911158,iowa state university,iowa state university,department of english
United States of America,173911158,iowa state university,iowa state university,department of entomology
United States of America,173911158,iowa state university,iowa state university,department of genetics development and cell biology
United States of America,173911158,iowa state university,iowa state university,department of history
United States of America,173911158,iowa state university,iowa state university,department of horticulture
United States of America,173911158,iowa state university,iowa state university,department of human development and family studies
United States of America,173911158,iowa state university,iowa state university,department of kinesiology
United States of America,173911158,iowa state university,iowa state university,department of mathematics
United States of America,173911158,iowa state university,iowa state university,department of natural resource ecology and management
United States of America,173911158,iowa state university,iowa state university,department of philosophy and religious studies
United States of America,173911158,iowa state university,iowa state university,department of plant pathology
United States of America,173911158,iowa state university,iowa state university,department of political science
United States of America,173911158,iowa state university,iowa state university,department of psychology
United States of America,173911158,iowa state university,iowa state university,department of sociology
United States of America,173911158,iowa state university,iowa state university,department of statistics
United States of America,173911158,iowa state university,iowa state university,school of education
United States of America,161515732,university of st thomas,university of st thomas,university of saint thomas school of theology at st mary s seminary
United States of America,161515732,university of st thomas,university of st thomas,university of saint thomas college of education leadership and counseling
United States of America,161515732,university of st thomas,university of st thomas,university of saint thomas college of arts and sciences
United States of America,161515732,university of st thomas,university of st thomas,university of saint thomas department of english
United States of America,161515732,university of st thomas,university of st thomas,university of saint thomas department of philosophy
United States of America,161515732,university of st thomas,university of st thomas,university of saint thomas department of psychology
United States of America,79516672,university of louisiana at lafayette,university of louisiana at lafayette,college of education
United States of America,79516672,university of louisiana at lafayette,university of louisiana at lafayette,college of liberal arts
United States of America,79516672,university of louisiana at lafayette,university of louisiana at lafayette,department of biology
United States of America,79516672,university of louisiana at lafayette,university of louisiana at lafayette,department of history and geography
United States of America,79516672,university of louisiana at lafayette,university of louisiana at lafayette,department of modern languages
United States of America,79516672,university of louisiana at lafayette,university of louisiana at lafayette,department of sociology anthropology and child and family studies
United States of America,79516672,university of louisiana at lafayette,university of louisiana at lafayette,school of architecture and design
United States of America,79516672,university of louisiana at lafayette,university of louisiana at lafayette,school of engineering
United States of America,79516672,university of louisiana at lafayette,school of engineering,department of civil engineering
United States of America,118353179,depaul university,depaul university,college of communication
United States of America,118353179,depaul university,depaul university,college of communication lincoln park
United States of America,118353179,depaul university,depaul university,college of education
United States of America,118353179,depaul university,depaul university,college of liberal arts and social sciences
United States of America,118353179,depaul university,depaul university,college of science and health
United States of America,118353179,depaul university,depaul university,department of biological sciences
United States of America,118353179,depaul university,depaul university,department of chemistry
United States of America,118353179,depaul university,depaul university,department of modern languages
United States of America,118353179,depaul university,depaul university,department of political science
United States of America,118353179,depaul university,depaul university,department of psychology
United States of America,118353179,depaul university,depaul university,department of real estate
United States of America,118353179,depaul university,depaul university,department of sociology
United States of America,118353179,depaul university,depaul university,department of the history of art and architecture
United States of America,118353179,depaul university,depaul university,department of women s and gender studies
United States of America,126548940,delaware state university,delaware state university,college of agriculture and related sciences
United States of America,126548940,delaware state university,delaware state university,college of arts humanities and social sciences
United States of America,126548940,delaware state university,delaware state university,college of mathematics natural sciences and technology
United States of America,126548940,delaware state university,delaware state university,department of agriculture and natural resources
United States of America,126548940,delaware state university,delaware state university,department of chemistry
United States of America,126548940,delaware state university,delaware state university,department of history political science and philosophy
United States of America,39660569,colgate university,colgate university,department of economics
United States of America,39660569,colgate university,colgate university,department of psychology
United States of America,102502594,northern illinois university,northern illinois university,college of education
United States of America,102502594,northern illinois university,northern illinois university,college of health and human sciences
United States of America,102502594,northern illinois university,northern illinois university,college of liberal arts and sciences
United States of America,102502594,northern illinois university,northern illinois university,college of visual and performing arts
United States of America,102502594,northern illinois university,northern illinois university,department of biological sciences
United States of America,102502594,northern illinois university,northern illinois university,department of chemistry and biochemistry
United States of America,102502594,northern illinois university,northern illinois university,department of counseling adult and higher education
United States of America,102502594,northern illinois university,northern illinois university,department of english
United States of America,102502594,northern illinois university,northern illinois university,department of geology and environmental geosciences
United States of America,102502594,northern illinois university,northern illinois university,department of history
United States of America,102502594,northern illinois university,northern illinois university,department of mathematical sciences
United States of America,102502594,northern illinois university,northern illinois university,department of psychology
United States of America,102502594,northern illinois university,northern illinois university,department of sociology
United States of America,102502594,northern illinois university,northern illinois university,department of special and early education
United States of America,102502594,northern illinois university,northern illinois university,school of allied health and communicative disorders
United States of America,102502594,northern illinois university,northern illinois university,school of family consumer and nutrition sciences
United States of America,102502594,northern illinois university,northern illinois university,school of music
United States of America,152899642,johnson c smith university,johnson c smith university,college of arts and letters
United States of America,152899642,johnson c smith university,johnson c smith university,college of professional studies
United States of America,152899642,johnson c smith university,johnson c smith university,college of science technology engineering and mathematics
United States of America,152899642,johnson c smith university,johnson c smith university,department of interdisciplinary studies philosophy and religion
United States of America,152899642,johnson c smith university,johnson c smith university,department of languages and literature
United States of America,152899642,johnson c smith university,johnson c smith university,department of natural science and mathematics
United States of America,152899642,johnson c smith university,johnson c smith university,department of social and behavioral sciences
United States of America,152899642,johnson c smith university,johnson c smith university,department of visual performing and communication arts
United States of America,150438462,southern university at new orleans,southern university at new orleans,southern university in new orleans college of arts and science
United States of America,150438462,southern university at new orleans,southern university at new orleans,southern university in new orleans department of criminal justice
United States of America,218822139,utah tech university,utah tech university,department of english
United States of America,218822139,utah tech university,utah tech university,school of humanities
United States of America,119942284,missouri state university,missouri state university,department of defense and strategic studies
United States of America,119942284,missouri state university,missouri state university,college of arts and letters
United States of America,119942284,missouri state university,missouri state university,college of education
United States of America,119942284,missouri state university,missouri state university,college of health and human services
United States of America,119942284,missouri state university,missouri state university,college of humanities and public affairs
United States of America,119942284,missouri state university,missouri state university,college of natural and applied sciences
United States of America,119942284,missouri state university,missouri state university,department of chemistry
United States of America,119942284,missouri state university,missouri state university,department of communication
United States of America,119942284,missouri state university,missouri state university,department of economics
United States of America,119942284,missouri state university,missouri state university,department of english
United States of America,119942284,missouri state university,missouri state university,department of political science
United States of America,119942284,missouri state university,missouri state university,department of sociology and anthropology
United States of America,119942284,missouri state university,missouri state university,school of social work
United States of America,35462925,southern connecticut state university,southern connecticut state university,department of information and library science
United States of America,35462925,southern connecticut state university,southern connecticut state university,department of philosophy
United States of America,35462925,southern connecticut state university,southern connecticut state university,department of public health
United States of America,35462925,southern connecticut state university,southern connecticut state university,school of arts and sciences
United States of America,35462925,southern connecticut state university,southern connecticut state university,school of education
United States of America,35462925,southern connecticut state university,southern connecticut state university,school of health and human services
United States of America,71838634,san francisco state university,san francisco state university,college of health and social sciences
United States of America,71838634,san francisco state university,san francisco state university,college of liberal and creative arts
United States of America,71838634,san francisco state university,san francisco state university,department of biology
United States of America,71838634,san francisco state university,san francisco state university,department of chemistry and biochemistry
United States of America,71838634,san francisco state university,san francisco state university,department of counseling
United States of America,71838634,san francisco state university,san francisco state university,department of history
United States of America,71838634,san francisco state university,san francisco state university,department of international relations
United States of America,71838634,san francisco state university,san francisco state university,department of philosophy
United States of America,71838634,san francisco state university,san francisco state university,department of political science
United States of America,71838634,san francisco state university,san francisco state university,department of public administration
United States of America,71838634,san francisco state university,san francisco state university,department of sexuality studies
United States of America,71838634,san francisco state university,san francisco state university,center for iranian diaspora studies
United States of America,71838634,san francisco state university,san francisco state university,journalism department
United States of America,71838634,san francisco state university,san francisco state university,center for computing for life sciences
United States of America,193054373,university of redlands,university of redlands,college of arts and sciences
United States of America,193054373,university of redlands,university of redlands,department of economics
United States of America,193054373,university of redlands,university of redlands,school of music
United States of America,12970578,university of north alabama,university of north alabama,college of education and human sciences
United States of America,12970578,university of north alabama,university of north alabama,department of secondary education
United States of America,186335123,east carolina university,east carolina university,department of biology
United States of America,186335123,east carolina university,east carolina university,department of biostatistics
United States of America,186335123,east carolina university,east carolina university,department of economics
United States of America,186335123,east carolina university,east carolina university,department of english
United States of America,186335123,east carolina university,east carolina university,department of physics
United States of America,186335123,east carolina university,east carolina university,department of psychiatric medicine
United States of America,186335123,east carolina university,east carolina university,department of psychology
United States of America,186335123,east carolina university,east carolina university,department of recreation and leisure studies
United States of America,186335123,east carolina university,east carolina university,department of surgery
United States of America,186335123,east carolina university,east carolina university,school of music
United States of America,186335123,east carolina university,east carolina university,school of social work
United States of America,186335123,east carolina university,east carolina university,thomas harriot college of arts and sciences
United States of America,186335123,east carolina university,thomas harriot college of arts and sciences,department of mathematics
United States of America,203331390,eastern connecticut state university,eastern connecticut state university,school of arts and sciences
United States of America,203331390,eastern connecticut state university,eastern connecticut state university,school of education and professional studies
United States of America,201426678,eastern mennonite university,eastern mennonite university,center for justice and peacebuilding
United States of America,207168215,eastern oregon university,eastern oregon university,college of arts and sciences
United States of America,207168215,eastern oregon university,eastern oregon university,department of anthropology sociology
United States of America,138216421,eastern michigan university,eastern michigan university,department of english language and literature
United States of America,138216421,eastern michigan university,eastern michigan university,department of history and philosophy
United States of America,138216421,eastern michigan university,eastern michigan university,department of leadership and counseling
United States of America,138216421,eastern michigan university,eastern michigan university,department of political science
United States of America,138216421,eastern michigan university,eastern michigan university,department of psychology
United States of America,138216421,eastern michigan university,eastern michigan university,department of world languages
United States of America,138216421,eastern michigan university,eastern michigan university,school of health promotion and human performance
United States of America,138216421,eastern michigan university,eastern michigan university,school of social work
United States of America,138216421,eastern michigan university,eastern michigan university,college of business
United States of America,159107703,eastern washington university,eastern washington university,college of arts letters and education
United States of America,159107703,eastern washington university,eastern washington university,college of science health and engineering
United States of America,159107703,eastern washington university,eastern washington university,college of social and behavioral sciences and social work
United States of America,159107703,eastern washington university,eastern washington university,department of chemistry and biochemistry
United States of America,159107703,eastern washington university,eastern washington university,department of history
United States of America,159107703,eastern washington university,eastern washington university,department of music
United States of America,159107703,eastern washington university,eastern washington university,department of psychology
United States of America,159107703,eastern washington university,eastern washington university,department of communication disorders
United States of America,147853995,university of alaska anchorage,university of alaska anchorage,college of arts and sciences
United States of America,147853995,university of alaska anchorage,university of alaska anchorage,college of health and social welfare
United States of America,147853995,university of alaska anchorage,university of alaska anchorage,department of anthropology
United States of America,147853995,university of alaska anchorage,university of alaska anchorage,department of biological sciences
United States of America,147853995,university of alaska anchorage,university of alaska anchorage,department of english
United States of America,147853995,university of alaska anchorage,university of alaska anchorage,department of health sciences
United States of America,147853995,university of alaska anchorage,university of alaska anchorage,department of philosophy
United States of America,147853995,university of alaska anchorage,university of alaska anchorage,department of psychology
United States of America,84218800,university of california davis,university of california davis,department of agricultural and resource economics
United States of America,84218800,university of california davis,university of california davis,department of animal science
United States of America,84218800,university of california davis,university of california davis,department of anthropology
United States of America,84218800,university of california davis,university of california davis,department of art and art history
United States of America,84218800,university of california davis,university of california davis,department of asian american studies
United States of America,84218800,university of california davis,university of california davis,department of biochemistry and molecular medicine
United States of America,84218800,university of california davis,university of california davis,department of biological and agricultural engineering
United States of America,84218800,university of california davis,university of california davis,department of cell biology and human anatomy
United States of America,84218800,university of california davis,university of california davis,department of chemical engineering and materials science
United States of America,84218800,university of california davis,university of california davis,department of chemistry
United States of America,84218800,university of california davis,university of california davis,department of chicana chicano studies
United States of America,84218800,university of california davis,university of california davis,department of civil and environmental engineering
United States of America,84218800,university of california davis,university of california davis,department of communication
United States of America,84218800,university of california davis,university of california davis,department of comparative literature
United States of America,84218800,university of california davis,university of california davis,department of earth and planetary sciences
United States of America,84218800,university of california davis,university of california davis,department of east asian languages and cultures
United States of America,84218800,university of california davis,university of california davis,department of economics
United States of America,84218800,university of california davis,university of california davis,department of english
United States of America,84218800,university of california davis,university of california davis,department of environmental science and policy
United States of America,84218800,university of california davis,university of california davis,department of environmental toxicology
United States of America,84218800,university of california davis,university of california davis,department of evolution and ecology
United States of America,84218800,university of california davis,university of california davis,department of french and italian
United States of America,84218800,university of california davis,university of california davis,department of german and russian
United States of America,84218800,university of california davis,university of california davis,department of history
United States of America,84218800,university of california davis,university of california davis,department of human ecology
United States of America,84218800,university of california davis,university of california davis,department of land air and water resources
United States of America,84218800,university of california davis,university of california davis,department of linguistics
United States of America,84218800,university of california davis,university of california davis,department of medical microbiology and immunology
United States of America,84218800,university of california davis,university of california davis,department of microbiology and molecular genetics
United States of America,84218800,university of california davis,university of california davis,department of military science
United States of America,84218800,university of california davis,university of california davis,department of molecular and cellular biology
United States of America,84218800,university of california davis,university of california davis,department of molecular biosciences
United States of America,84218800,university of california davis,university of california davis,department of music
United States of America,84218800,university of california davis,university of california davis,department of native american studies
United States of America,84218800,university of california davis,university of california davis,department of entomology and nemotology
United States of America,84218800,university of california davis,university of california davis,department of neurobiology physiology and behavior
United States of America,84218800,university of california davis,university of california davis,department of nutrition
United States of America,84218800,university of california davis,university of california davis,department of philosophy
United States of America,84218800,university of california davis,university of california davis,department of physiology and membrane biology
United States of America,84218800,university of california davis,university of california davis,department of plant biology
United States of America,84218800,university of california davis,university of california davis,department of plant pathology
United States of America,84218800,university of california davis,university of california davis,department of plant sciences
United States of America,84218800,university of california davis,university of california davis,department of political science
United States of America,84218800,university of california davis,university of california davis,department of psychology
United States of America,84218800,university of california davis,university of california davis,department of public health sciences
United States of America,84218800,university of california davis,university of california davis,department of spanish and portuguese
United States of America,84218800,university of california davis,university of california davis,department of statistics
United States of America,84218800,university of california davis,university of california davis,department of textiles and clothing
United States of America,84218800,university of california davis,university of california davis,department of theatre and dance
United States of America,84218800,university of california davis,university of california davis,department of wildlife fish and conservation biology
United States of America,84218800,university of california davis,university of california davis,school of education
United States of America,84218800,university of california davis,university of california davis,department of anesthesiology and pain medicine
United States of America,84218800,university of california davis,university of california davis,department of internal medicine
United States of America,84218800,university of california davis,university of california davis,department of neurology
United States of America,84218800,university of california davis,university of california davis,department of obstetrics and gynecology
United States of America,84218800,university of california davis,university of california davis,department of otolaryngology head and neck surgery
United States of America,84218800,university of california davis,university of california davis,department of pediatrics
United States of America,84218800,university of california davis,university of california davis,department of physical medicine and rehabilitation
United States of America,84218800,university of california davis,university of california davis,department of psychiatry and behavioral sciences
United States of America,84218800,university of california davis,university of california davis,department of radiation oncology
United States of America,84218800,university of california davis,university of california davis,department of pomology
United States of America,84218800,university of california davis,university of california davis,department of biomedical engineering
United States of America,84218800,university of california davis,university of california davis,department of african american african studies
United States of America,84218800,university of california davis,university of california davis,department of american studies
United States of America,84218800,university of california davis,university of california davis,department of cinema and digital media
United States of America,84218800,university of california davis,university of california davis,department of classics
United States of America,84218800,university of california davis,university of california davis,department of cognitive science
United States of America,84218800,university of california davis,university of california davis,department of design
United States of America,84218800,university of california davis,university of california davis,department of gender sexuality and women s studies
United States of America,84218800,university of california davis,university of california davis,department of religious studies
United States of America,84218800,university of california davis,university of california davis,department of computer science
United States of America,84218800,university of california davis,university of california davis,department of chemical engineering
United States of America,84218800,university of california davis,university of california davis,department of materials science and engineering
United States of America,84218800,university of california davis,university of california davis,department of food science and technology
United States of America,84218800,university of california davis,university of california davis,department of applied science uc davis
United States of America,84218800,university of california davis,university of california davis,college of agricultural and environmental sciences
United States of America,84218800,university of california davis,university of california davis,college of biological sciences
United States of America,84218800,university of california davis,university of california davis,college of engineering
United States of America,84218800,university of california davis,university of california davis,college of letters and science
United States of America,84218800,university of california davis,university of california davis,department of viticulture and enology
United States of America,84218800,university of california davis,school of medicine,department of urologic surgery
United States of America,189957204,university of south dakota,university of south dakota,department of obstetrics and gynecology
United States of America,189957204,university of south dakota,university of south dakota,department of psychiatry
United States of America,189957204,university of south dakota,university of south dakota,college of arts and sciences
United States of America,189957204,university of south dakota,university of south dakota,department of psychology
United States of America,189957204,university of south dakota,university of south dakota,school of education
United States of America,189957204,university of south dakota,university of south dakota,school of health sciences
United States of America,189957204,university of south dakota,university of south dakota,department of biology
United States of America,164389053,fordham university,fordham university,department of biological sciences
United States of America,164389053,fordham university,fordham university,department of communication and media studies
United States of America,164389053,fordham university,fordham university,department of philosophy
United States of America,164389053,fordham university,fordham university,department of psychology
United States of America,164389053,fordham university,fordham university,department of sociology and anthropology
United States of America,164389053,fordham university,fordham university,department of political science
United States of America,110152177,university of akron,university of akron,college of education
United States of America,110152177,university of akron,university of akron,college of health sciences and human services
United States of America,110152177,university of akron,university of akron,department of associate studies
United States of America,110152177,university of akron,university of akron,department of chemistry
United States of America,110152177,university of akron,university of akron,department of economics
United States of America,110152177,university of akron,university of akron,department of english
United States of America,110152177,university of akron,university of akron,department of geoscience
United States of America,110152177,university of akron,university of akron,department of history
United States of America,110152177,university of akron,university of akron,department of political science
United States of America,110152177,university of akron,university of akron,department of psychology
United States of America,110152177,university of akron,university of akron,department of public administration and urban studies
United States of America,110152177,university of akron,university of akron,department of sociology
United States of America,110152177,university of akron,university of akron,school of communication
United States of America,110152177,university of akron,university of akron,school of family and consumer sciences
United States of America,10052268,new mexico state university,new mexico state university,department of plant and environmental sciences
United States of America,114395901,university of nebraska lincoln,university of nebraska lincoln,college of agricultural sciences and natural resources
United States of America,114395901,university of nebraska lincoln,university of nebraska lincoln,college of architecture
United States of America,114395901,university of nebraska lincoln,university of nebraska lincoln,college of journalism and mass communications
United States of America,114395901,university of nebraska lincoln,university of nebraska lincoln,department of agricultural economics
United States of America,114395901,university of nebraska lincoln,university of nebraska lincoln,department of agronomy and horticulture
United States of America,114395901,university of nebraska lincoln,university of nebraska lincoln,department of animal science
United States of America,114395901,university of nebraska lincoln,university of nebraska lincoln,department of biochemistry
United States of America,114395901,university of nebraska lincoln,university of nebraska lincoln,department of chemistry
United States of America,114395901,university of nebraska lincoln,university of nebraska lincoln,department of communication studies
United States of America,114395901,university of nebraska lincoln,university of nebraska lincoln,department of economics
United States of America,114395901,university of nebraska lincoln,university of nebraska lincoln,department of educational psychology
United States of America,114395901,university of nebraska lincoln,university of nebraska lincoln,department of english
United States of America,114395901,university of nebraska lincoln,university of nebraska lincoln,department of entomology
United States of America,114395901,university of nebraska lincoln,university of nebraska lincoln,department of history
United States of America,114395901,university of nebraska lincoln,university of nebraska lincoln,department of philosophy
United States of America,114395901,university of nebraska lincoln,university of nebraska lincoln,department of plant pathology
United States of America,114395901,university of nebraska lincoln,university of nebraska lincoln,department of political science
United States of America,114395901,university of nebraska lincoln,university of nebraska lincoln,department of psychology
United States of America,114395901,university of nebraska lincoln,university of nebraska lincoln,department of sociology
United States of America,114395901,university of nebraska lincoln,university of nebraska lincoln,department of special education and communication disorders
United States of America,114395901,university of nebraska lincoln,university of nebraska lincoln,department of statistics
United States of America,114395901,university of nebraska lincoln,university of nebraska lincoln,department of teaching learning and teacher education
United States of America,114395901,university of nebraska lincoln,university of nebraska lincoln,department of textiles merchandising and fashion design
United States of America,114395901,university of nebraska lincoln,university of nebraska lincoln,school of biological sciences
United States of America,114395901,university of nebraska lincoln,university of nebraska lincoln,school of natural resources
United States of America,114395901,university of nebraska lincoln,university of nebraska lincoln,college of arts and sciences
United States of America,143302722,university of kentucky,university of kentucky,department of agricultural economics
United States of America,143302722,university of kentucky,university of kentucky,department of anatomy and neurobiology
United States of America,143302722,university of kentucky,university of kentucky,department of anesthesiology
United States of America,143302722,university of kentucky,university of kentucky,department of anthropology
United States of America,143302722,university of kentucky,university of kentucky,department of behavioral science
United States of America,143302722,university of kentucky,university of kentucky,department of biology
United States of America,143302722,university of kentucky,university of kentucky,department of biostatistics
United States of America,143302722,university of kentucky,university of kentucky,department of chemistry
United States of America,143302722,university of kentucky,university of kentucky,department of communication
United States of America,143302722,university of kentucky,university of kentucky,department of computer science
United States of America,143302722,university of kentucky,university of kentucky,department of economics
United States of America,143302722,university of kentucky,university of kentucky,department of english
United States of America,143302722,university of kentucky,university of kentucky,department of entomology
United States of America,143302722,university of kentucky,university of kentucky,department of family and community medicine
United States of America,143302722,university of kentucky,university of kentucky,department of family sciences
United States of America,143302722,university of kentucky,university of kentucky,department of horticulture
United States of America,143302722,university of kentucky,university of kentucky,department of internal medicine
United States of America,143302722,university of kentucky,university of kentucky,department of mathematics
United States of America,143302722,university of kentucky,university of kentucky,department of microbiology immunology and molecular genetics
United States of America,143302722,university of kentucky,university of kentucky,department of modern and classical languages literatures and cultures
United States of America,143302722,university of kentucky,university of kentucky,department of molecular and cellular biochemistry
United States of America,143302722,university of kentucky,university of kentucky,department of neurology
United States of America,143302722,university of kentucky,university of kentucky,department of neurosurgery
United States of America,143302722,university of kentucky,university of kentucky,department of orthopaedic surgery and sports medicine
United States of America,143302722,university of kentucky,university of kentucky,department of pediatrics
United States of America,143302722,university of kentucky,university of kentucky,department of philosophy
United States of America,143302722,university of kentucky,university of kentucky,department of physical medicine and rehabilitation
United States of America,143302722,university of kentucky,university of kentucky,department of physiology
United States of America,143302722,university of kentucky,university of kentucky,department of plant and soil sciences
United States of America,143302722,university of kentucky,university of kentucky,department of plant pathology
United States of America,143302722,university of kentucky,university of kentucky,department of political science
United States of America,143302722,university of kentucky,university of kentucky,department of psychiatry
United States of America,143302722,university of kentucky,university of kentucky,department of psychology
United States of America,143302722,university of kentucky,university of kentucky,department of radiation medicine
United States of America,143302722,university of kentucky,university of kentucky,department of radiology
United States of America,143302722,university of kentucky,university of kentucky,department of sociology
United States of America,143302722,university of kentucky,university of kentucky,department of statistics
United States of America,143302722,university of kentucky,university of kentucky,department of surgery
United States of America,143302722,university of kentucky,university of kentucky,school of human environmental sciences
United States of America,143302722,university of kentucky,university of kentucky,school of journalism and telecommunications
United States of America,143302722,university of kentucky,university of kentucky,school of library and information science
United States of America,143302722,university of kentucky,university of kentucky,school of music
United States of America,143302722,university of kentucky,university of kentucky,college of public health
United States of America,911846574,hamline university,hamline university,department of political science
United States of America,88694374,marshall university,marshall university,college of health professions
United States of America,88694374,marshall university,marshall university,college of science
United States of America,88694374,marshall university,marshall university,department of biological sciences
United States of America,88694374,marshall university,marshall university,department of psychiatry and behavioral medicine
United States of America,126350171,fairfield university,fairfield university,college of arts and sciences
United States of America,126350171,fairfield university,fairfield university,department of sociology and anthropology
United States of America,203172682,northern arizona university,northern arizona university,college of education
United States of America,203172682,northern arizona university,northern arizona university,college of engineering forestry and natural sciences
United States of America,203172682,northern arizona university,northern arizona university,college of health and human services
United States of America,203172682,northern arizona university,northern arizona university,college of social and behavioral sciences
United States of America,203172682,northern arizona university,northern arizona university,department of biological sciences
United States of America,203172682,northern arizona university,northern arizona university,department of educational psychology
United States of America,203172682,northern arizona university,northern arizona university,school of communication
United States of America,203172682,northern arizona university,northern arizona university,school of forestry
United States of America,191149221,ferris state university,ferris state university,college of arts and sciences
United States of America,191149221,ferris state university,ferris state university,college of optometry
United States of America,191149221,ferris state university,ferris state university,department of languages and literature
United States of America,191149221,ferris state university,ferris state university,department of physical sciences
United States of America,191429286,sam houston state university,sam houston state university,college of education
United States of America,191429286,sam houston state university,sam houston state university,college of humanities and social sciences
United States of America,191429286,sam houston state university,sam houston state university,college of sciences
United States of America,191429286,sam houston state university,sam houston state university,department of biological sciences
United States of America,191429286,sam houston state university,sam houston state university,department of chemistry
United States of America,191429286,sam houston state university,sam houston state university,department of health and kinesiology
United States of America,191429286,sam houston state university,sam houston state university,department of library science
United States of America,191429286,sam houston state university,sam houston state university,department of political science
United States of America,191429286,sam houston state university,sam houston state university,department of psychology and philosophy
United States of America,8248082,florida a m university,florida a m university,college of agriculture and food sciences
United States of America,8248082,florida a m university,florida a m university,college of social sciences arts and humanities
United States of America,8248082,florida a m university,florida a m university,department of sociology and criminal justice
United States of America,8248082,florida a m university,florida a m university,school of allied health sciences
United States of America,55769427,indiana university purdue university indianapolis,indiana university purdue university indianapolis,indiana university purdue university at indianapolis school of education
United States of America,55769427,indiana university purdue university indianapolis,indiana university purdue university indianapolis,indiana university purdue university at indianapolis school of journalism
United States of America,55769427,indiana university purdue university indianapolis,indiana university purdue university indianapolis,indiana university purdue university at indianapolis school of science
United States of America,55769427,indiana university purdue university indianapolis,indiana university purdue university indianapolis,indiana university school of social work
United States of America,55769427,indiana university purdue university indianapolis,indiana university school of education,indiana university department of urban teacher education
United States of America,55769427,indiana university purdue university indianapolis,indiana university school of education,indiana university department of urban education counseling leadership and policy studies
United States of America,55769427,indiana university purdue university indianapolis,indiana university school of medicine,indiana university department of anesthesia
United States of America,55769427,indiana university purdue university indianapolis,indiana university school of medicine,indiana university department of biochemistry and molecular biology
United States of America,55769427,indiana university purdue university indianapolis,indiana university school of medicine,indiana university department of family medicine
United States of America,55769427,indiana university purdue university indianapolis,indiana university school of medicine,indiana university department of medical and molecular genetics
United States of America,55769427,indiana university purdue university indianapolis,indiana university school of medicine,indiana university department of medicine
United States of America,55769427,indiana university purdue university indianapolis,indiana university school of medicine,indiana university department of neurology
United States of America,55769427,indiana university purdue university indianapolis,indiana university school of medicine,indiana university department of ophthalmology
United States of America,55769427,indiana university purdue university indianapolis,indiana university school of medicine,indiana university department of pediatrics
United States of America,55769427,indiana university purdue university indianapolis,indiana university school of medicine,indiana university department of psychiatry
United States of America,55769427,indiana university purdue university indianapolis,indiana university school of medicine,indiana university department of radiation oncology
United States of America,55769427,indiana university purdue university indianapolis,indiana university school of medicine,indiana university department of radiology and imaging sciences
United States of America,55769427,indiana university purdue university indianapolis,indiana university school of medicine,indiana university department of surgery
United States of America,55769427,indiana university purdue university indianapolis,indiana university school of medicine,indiana university department of urology
United States of America,55769427,indiana university purdue university indianapolis,indiana university school of medicine,indiana university department of anatomy cell biology and physiology
United States of America,55769427,indiana university purdue university indianapolis,indiana university school of medicine,indiana university department of biostatistics and health data science
United States of America,55769427,indiana university purdue university indianapolis,indiana university school of medicine,indiana university department of pharmacology and toxicology
United States of America,55769427,indiana university purdue university indianapolis,indiana university school of medicine,indiana university department of dermatology
United States of America,55769427,indiana university purdue university indianapolis,indiana university school of medicine,indiana university department of emergency medicine
United States of America,55769427,indiana university purdue university indianapolis,indiana university school of medicine,indiana university department of neurological surgery
United States of America,55769427,indiana university purdue university indianapolis,indiana university school of medicine,indiana university department of obstetrics and gynecology
United States of America,55769427,indiana university purdue university indianapolis,indiana university school of medicine,indiana university department of orthopaedic surgery
United States of America,55769427,indiana university purdue university indianapolis,indiana university school of medicine,indiana university department of otolaryngology head and neck surgery
United States of America,55769427,indiana university purdue university indianapolis,indiana university school of medicine,indiana university department of pathology and laboratory medicine
United States of America,55769427,indiana university purdue university indianapolis,indiana university school of medicine,indiana university department of physical medicine and rehabilitation
United States of America,55769427,indiana university purdue university indianapolis,indiana university school of medicine,indiana university department of microbiology and immunology
United States of America,55769427,indiana university purdue university indianapolis,purdue school of engineering and technology,purdue university department of biomedical engineering
United States of America,55769427,indiana university purdue university indianapolis,purdue school of engineering and technology,purdue university department of electrical and computer engineering
United States of America,55769427,indiana university purdue university indianapolis,purdue school of engineering and technology,purdue university department of mechanical and energy engineering
United States of America,55769427,indiana university purdue university indianapolis,purdue school of engineering and technology,purdue university department of computer information and graphics technology
United States of America,55769427,indiana university purdue university indianapolis,purdue school of engineering and technology,purdue university department of engineering technology
United States of America,55769427,indiana university purdue university indianapolis,purdue school of engineering and technology,purdue university department of music and arts technology
United States of America,55769427,indiana university purdue university indianapolis,purdue school of engineering and technology,purdue university department of technology leadership and communication
United States of America,55769427,indiana university purdue university indianapolis,indiana university school of social work,indiana university department of labor studies
United States of America,55769427,indiana university purdue university indianapolis,indiana university richard m fairbanks school of public health,indiana university department of biostatistics
United States of America,55769427,indiana university purdue university indianapolis,indiana university richard m fairbanks school of public health,indiana university department of epidemiology
United States of America,55769427,indiana university purdue university indianapolis,indiana university richard m fairbanks school of public health,indiana university department of global health
United States of America,55769427,indiana university purdue university indianapolis,indiana university richard m fairbanks school of public health,indiana university department of health policy and management
United States of America,55769427,indiana university purdue university indianapolis,indiana university richard m fairbanks school of public health,indiana university department of social and behavioral sciences
United States of America,55769427,indiana university purdue university indianapolis,indiana university school of health and human sciences,indiana university department of health sciences
United States of America,55769427,indiana university purdue university indianapolis,indiana university school of health and human sciences,indiana university department of kinesiology
United States of America,55769427,indiana university purdue university indianapolis,indiana university school of health and human sciences,indiana university department of occupational therapy
United States of America,55769427,indiana university purdue university indianapolis,indiana university school of health and human sciences,indiana university department of physical therapy
United States of America,55769427,indiana university purdue university indianapolis,indiana university school of health and human sciences,indiana university department of tourism event and sport management
United States of America,55769427,indiana university purdue university indianapolis,indiana university school of health and human sciences,indiana university department of nutrition and dietetics
United States of America,55769427,indiana university purdue university indianapolis,indiana university school of health and human sciences,indiana university department of physician assistant studies
United States of America,55769427,indiana university purdue university indianapolis,indiana university school of informatics and computing,indiana university department of library and information science
United States of America,55769427,indiana university purdue university indianapolis,indiana university school of informatics and computing,indiana university department of biohealth informatics
United States of America,55769427,indiana university purdue university indianapolis,indiana university school of informatics and computing,indiana university department of human centered computing
United States of America,55769427,indiana university purdue university indianapolis,indiana university school of dentistry,indiana university department of biomedical sciences and comprehensive care
United States of America,55769427,indiana university purdue university indianapolis,indiana university school of dentistry,indiana university department of endodontics
United States of America,55769427,indiana university purdue university indianapolis,indiana university school of dentistry,indiana university department of oral pathology medicine and radiology
United States of America,55769427,indiana university purdue university indianapolis,indiana university school of dentistry,indiana university department of pediatric dentistry
United States of America,55769427,indiana university purdue university indianapolis,indiana university school of dentistry,indiana university department of prosthodontics
United States of America,55769427,indiana university purdue university indianapolis,indiana university school of dentistry,indiana university department of cariology operative dentistry and dental public health
United States of America,55769427,indiana university purdue university indianapolis,indiana university school of dentistry,indiana university department of oral and maxillofacial surgery and hospital dentistry
United States of America,55769427,indiana university purdue university indianapolis,indiana university school of dentistry,indiana university department of orthodontics and oral facial genetics
United States of America,55769427,indiana university purdue university indianapolis,indiana university school of dentistry,indiana university department of periodontology
United States of America,55769427,indiana university purdue university indianapolis,indiana university school of liberal arts,indiana university department of economics
United States of America,55769427,indiana university purdue university indianapolis,indiana university school of liberal arts,indiana university department of history
United States of America,55769427,indiana university purdue university indianapolis,indiana university school of liberal arts,indiana university department of anthropology
United States of America,55769427,indiana university purdue university indianapolis,indiana university school of liberal arts,indiana university department of communication studies
United States of America,55769427,indiana university purdue university indianapolis,indiana university school of liberal arts,indiana university department of english
United States of America,55769427,indiana university purdue university indianapolis,indiana university school of liberal arts,indiana university department of journalism and public relations
United States of America,55769427,indiana university purdue university indianapolis,indiana university school of liberal arts,indiana university department of philosophy
United States of America,55769427,indiana university purdue university indianapolis,indiana university school of liberal arts,indiana university department of political science
United States of America,55769427,indiana university purdue university indianapolis,indiana university school of liberal arts,indiana university department of religious studies
United States of America,55769427,indiana university purdue university indianapolis,indiana university school of liberal arts,indiana university department of world languages and cultures
United States of America,55769427,indiana university purdue university indianapolis,purdue school of science,indiana university department of biology
United States of America,55769427,indiana university purdue university indianapolis,purdue school of science,purdue university department of earth sciences
United States of America,55769427,indiana university purdue university indianapolis,purdue school of science,purdue university department of chemistry and chemical biology
United States of America,55769427,indiana university purdue university indianapolis,purdue school of science,purdue university department of computer and information science
United States of America,55769427,indiana university purdue university indianapolis,purdue school of science,purdue university department of mathematical sciences
United States of America,55769427,indiana university purdue university indianapolis,purdue school of science,purdue university department of psychology
United States of America,106165777,university of central florida,university of central florida,department of biology
United States of America,106165777,university of central florida,university of central florida,department of electrical engineering and computer science
United States of America,106165777,university of central florida,university of central florida,department of english
United States of America,106165777,university of central florida,university of central florida,department of mathematics
United States of America,106165777,university of central florida,university of central florida,department of molecular biology and microbiology
United States of America,106165777,university of central florida,university of central florida,department of political science
United States of America,106165777,university of central florida,university of central florida,department of psychology
United States of America,106165777,university of central florida,university of central florida,department of public administration
United States of America,106165777,university of central florida,university of central florida,department of statistics
United States of America,106165777,university of central florida,university of central florida,school of social work
United States of America,106165777,university of central florida,university of central florida,school of visual arts and design
United States of America,106165777,university of central florida,university of central florida,rosen college of hospitality management
United States of America,189350637,francis marion university,francis marion university,college of liberal arts
United States of America,189350637,francis marion university,francis marion university,department of psychology
United States of America,46506128,westfield state university,westfield state university,department of english
United States of America,46506128,westfield state university,westfield state university,department of history
United States of America,46506128,westfield state university,westfield state university,department of psychology
United States of America,7863295,villanova university,villanova university,college of liberal arts and sciences
United States of America,7863295,villanova university,villanova university,department of romance languages and literatures
United States of America,7863295,villanova university,villanova university,department of biology
United States of America,7863295,villanova university,villanova university,department of psychology
United States of America,921990950,university of colorado denver,university of colorado denver,department of anesthesiology
United States of America,921990950,university of colorado denver,university of colorado denver,department of biochemistry and molecular genetics
United States of America,921990950,university of colorado denver,university of colorado denver,department of cell and developmental biology
United States of America,921990950,university of colorado denver,university of colorado denver,department of family medicine
United States of America,921990950,university of colorado denver,university of colorado denver,department of medicine
United States of America,921990950,university of colorado denver,university of colorado denver,department of neurology
United States of America,921990950,university of colorado denver,university of colorado denver,department of neurosurgery
United States of America,921990950,university of colorado denver,university of colorado denver,department of obstetrics and gynecology
United States of America,921990950,university of colorado denver,university of colorado denver,department of orthopaedics
United States of America,921990950,university of colorado denver,university of colorado denver,department of otolaryngology
United States of America,921990950,university of colorado denver,university of colorado denver,department of pathology
United States of America,921990950,university of colorado denver,university of colorado denver,university of colorado anschutz medical c us department of pediatrics
United States of America,921990950,university of colorado denver,university of colorado denver,department of physiology and biophysics
United States of America,921990950,university of colorado denver,university of colorado denver,department of psychiatry
United States of America,921990950,university of colorado denver,university of colorado denver,department of radiation oncology
United States of America,921990950,university of colorado denver,university of colorado denver,department of surgery
United States of America,921990950,university of colorado denver,university of colorado denver,college of architecture and planning
United States of America,921990950,university of colorado denver,university of colorado denver,college of liberal arts and sciences
United States of America,921990950,university of colorado denver,university of colorado denver,department of physics
United States of America,921990950,university of colorado denver,university of colorado denver,school of education and human development
United States of America,8606887,grand valley state university,grand valley state university,college of health professions
United States of America,8606887,grand valley state university,grand valley state university,college of liberal arts and sciences
United States of America,8606887,grand valley state university,grand valley state university,department of history
United States of America,8606887,grand valley state university,grand valley state university,department of psychology
United States of America,32389192,university of alabama at birmingham,university of alabama at birmingham,college of arts and sciences
United States of America,32389192,university of alabama at birmingham,university of alabama at birmingham,department of african american studies
United States of America,32389192,university of alabama at birmingham,university of alabama at birmingham,department of biochemistry and molecular genetics
United States of America,32389192,university of alabama at birmingham,university of alabama at birmingham,department of biology
United States of America,32389192,university of alabama at birmingham,university of alabama at birmingham,department of biostatistics
United States of America,32389192,university of alabama at birmingham,university of alabama at birmingham,department of cell developmental and integrative biology
United States of America,32389192,university of alabama at birmingham,university of alabama at birmingham,department of computer and information sciences
United States of America,32389192,university of alabama at birmingham,university of alabama at birmingham,department of dermatology
United States of America,32389192,university of alabama at birmingham,university of alabama at birmingham,department of epidemiology
United States of America,32389192,university of alabama at birmingham,university of alabama at birmingham,department of health behavior
United States of America,32389192,university of alabama at birmingham,university of alabama at birmingham,department of health care organization and policy
United States of America,32389192,university of alabama at birmingham,university of alabama at birmingham,department of medicine
United States of America,32389192,university of alabama at birmingham,university of alabama at birmingham,department of microbiology
United States of America,32389192,university of alabama at birmingham,university of alabama at birmingham,department of neurobiology
United States of America,32389192,university of alabama at birmingham,university of alabama at birmingham,department of pathology
United States of America,32389192,university of alabama at birmingham,university of alabama at birmingham,department of pediatrics
United States of America,32389192,university of alabama at birmingham,university of alabama at birmingham,department of philosophy
United States of America,32389192,university of alabama at birmingham,university of alabama at birmingham,department of physiology and biophysics
United States of America,32389192,university of alabama at birmingham,university of alabama at birmingham,department of psychiatry and behavioral neurobiology
United States of America,32389192,university of alabama at birmingham,university of alabama at birmingham,department of psychology
United States of America,32389192,university of alabama at birmingham,university of alabama at birmingham,department of radiation oncology
United States of America,32389192,university of alabama at birmingham,university of alabama at birmingham,school of education
United States of America,32389192,university of alabama at birmingham,university of alabama at birmingham,school of health professions
United States of America,32389192,university of alabama at birmingham,university of alabama at birmingham,school of public health
United States of America,32389192,university of alabama at birmingham,university of alabama at birmingham,university of alabama birmingham department of chemistry
United States of America,11874761,university of north florida,university of north florida,college of arts and sciences
United States of America,11874761,university of north florida,university of north florida,college of education and human services
United States of America,11874761,university of north florida,university of north florida,department of exceptional deaf and interpreter education
United States of America,11874761,university of north florida,university of north florida,department of psychology
United States of America,11874761,university of north florida,university of north florida,department of sociology and anthropology
United States of America,94339441,western kentucky university,western kentucky university,college of education and behavioral sciences
United States of America,94339441,western kentucky university,western kentucky university,college of health and human services
United States of America,94339441,western kentucky university,western kentucky university,department of biology
United States of America,94339441,western kentucky university,western kentucky university,department of history
United States of America,94339441,western kentucky university,western kentucky university,department of physics and astronomy
United States of America,94339441,western kentucky university,western kentucky university,department of public health
United States of America,94339441,western kentucky university,western kentucky university,department of sociology
United States of America,13511017,texas state university,texas state university,san marcos college of science and engineering
United States of America,13511017,texas state university,texas state university,college of applied arts
United States of America,13511017,texas state university,texas state university,emmett miriam mccoy college of business administration
United States of America,13511017,texas state university,texas state university,college of education
United States of America,13511017,texas state university,texas state university,college of fine arts and communication
United States of America,13511017,texas state university,texas state university,college of health professions
United States of America,13511017,texas state university,texas state university,college of liberal arts
United States of America,13511017,texas state university,texas state university,college of science and engineering
United States of America,13511017,texas state university,college of applied arts,agricultural sciences department
United States of America,13511017,texas state university,college of applied arts,school of criminal justice and criminology
United States of America,13511017,texas state university,college of applied arts,school of family and consumer sciences
United States of America,13511017,texas state university,college of applied arts,organization workforce and leadership studies department
United States of America,13511017,texas state university,college of applied arts,school of social work
United States of America,13511017,texas state university,emmett miriam mccoy college of business administration,accounting department
United States of America,13511017,texas state university,emmett miriam mccoy college of business administration,finance and economics department
United States of America,13511017,texas state university,emmett miriam mccoy college of business administration,computer information systems and quantitative methods department
United States of America,13511017,texas state university,emmett miriam mccoy college of business administration,management department
United States of America,13511017,texas state university,emmett miriam mccoy college of business administration,marketing department
United States of America,13511017,texas state university,college of education,counseling leadership adult education and school psychology
United States of America,13511017,texas state university,college of education,curriculum and instruction department
United States of America,13511017,texas state university,college of education,health and human performance department
United States of America,13511017,texas state university,college of fine arts and communication,school of art and design
United States of America,13511017,texas state university,college of fine arts and communication,communication studies department
United States of America,13511017,texas state university,college of fine arts and communication,school of journalism and mass communication
United States of America,13511017,texas state university,college of fine arts and communication,school of music
United States of America,13511017,texas state university,college of fine arts and communication,school of theatre dance film
United States of America,13511017,texas state university,college of health professions,communication disorders department
United States of America,13511017,texas state university,college of health professions,school of health administration
United States of America,13511017,texas state university,college of health professions,health informatics and information management department
United States of America,13511017,texas state university,college of health professions,st david s school of nursing
United States of America,13511017,texas state university,college of health professions,physical therapy department
United States of America,13511017,texas state university,college of health professions,radiation therapy department
United States of America,13511017,texas state university,college of health professions,respiratory care department
United States of America,13511017,texas state university,college of liberal arts,anthropology department
United States of America,13511017,texas state university,college of liberal arts,geography and environmental studies department
United States of America,13511017,texas state university,college of liberal arts,english department
United States of America,13511017,texas state university,college of liberal arts,history department
United States of America,13511017,texas state university,college of liberal arts,political science department
United States of America,13511017,texas state university,college of liberal arts,psychology department
United States of America,13511017,texas state university,college of liberal arts,world languages and literature department
United States of America,13511017,texas state university,college of liberal arts,philosophy department
United States of America,13511017,texas state university,college of science and engineering,biology department
United States of America,13511017,texas state university,college of science and engineering,chemistry and biochemistry department
United States of America,13511017,texas state university,college of science and engineering,computer science department
United States of America,13511017,texas state university,college of science and engineering,engineering technology department
United States of America,13511017,texas state university,college of science and engineering,physics department
United States of America,13511017,texas state university,college of science and engineering,ingram school of engineering
United States of America,1354457,colorado mesa university,colorado mesa university,department of biological sciences
United States of America,1354457,colorado mesa university,colorado mesa university,department of health sciences
United States of America,1354457,colorado mesa university,colorado mesa university,department of social and behavioral sciences
United States of America,33434090,university of massachusetts boston,university of massachusetts boston,university of massachusetts at boston college of liberal arts
United States of America,33434090,university of massachusetts boston,university of massachusetts boston,university of massachusetts at boston department of political science
United States of America,33434090,university of massachusetts boston,university of massachusetts boston,university of massachusetts at boston department of psychology
United States of America,33434090,university of massachusetts boston,university of massachusetts boston,university of massachusetts at boston department of sociology
United States of America,33434090,university of massachusetts boston,university of massachusetts boston,college of education and human development
United States of America,33434090,university of massachusetts boston,university of massachusetts boston,college of public and community service
United States of America,33434090,university of massachusetts boston,university of massachusetts boston,college of science and mathematics
United States of America,33434090,university of massachusetts boston,university of massachusetts boston,department of economics
United States of America,33434090,university of massachusetts boston,university of massachusetts boston,department of leadership in education
United States of America,33434090,university of massachusetts boston,university of massachusetts boston,department of public policy and public affairs
United States of America,33434090,university of massachusetts boston,university of massachusetts boston,school for the environment
United States of America,33434090,university of massachusetts boston,university of massachusetts boston,department of history
United States of America,123127086,north carolina central university,north carolina central university,college of arts and sciences
United States of America,123127086,north carolina central university,north carolina central university,college of behavioral and social sciences
United States of America,123127086,north carolina central university,north carolina central university,department of public administration
United States of America,123127086,north carolina central university,north carolina central university,school of library and information sciences
United States of America,1343551460,university of texas md anderson cancer center,university of texas md anderson cancer center,university of texas m d anderson cancer center department of anesthesiology and perioperative medicine
United States of America,1343551460,university of texas md anderson cancer center,university of texas md anderson cancer center,university of texas m d anderson cancer center department of biochemistry and molecular biology
United States of America,1343551460,university of texas md anderson cancer center,university of texas md anderson cancer center,university of texas m d anderson cancer center department of biostatistics
United States of America,1343551460,university of texas md anderson cancer center,university of texas md anderson cancer center,university of texas m d anderson cancer center department of cancer biology
United States of America,1343551460,university of texas md anderson cancer center,university of texas md anderson cancer center,university of texas m d anderson cancer center department of epidemiology
United States of America,1343551460,university of texas md anderson cancer center,university of texas md anderson cancer center,university of texas m d anderson cancer center department of experimental radiation oncology
United States of America,1343551460,university of texas md anderson cancer center,university of texas md anderson cancer center,university of texas m d anderson cancer center department of experimental therapeutics
United States of America,1343551460,university of texas md anderson cancer center,university of texas md anderson cancer center,department of gastrointestinal medical oncology
United States of America,1343551460,university of texas md anderson cancer center,university of texas md anderson cancer center,university of texas m d anderson cancer center department of genetics
United States of America,1343551460,university of texas md anderson cancer center,university of texas md anderson cancer center,university of texas m d anderson cancer center department of genitourinary medical oncology
United States of America,1343551460,university of texas md anderson cancer center,university of texas md anderson cancer center,university of texas m d anderson cancer center department of gynecologic oncology and reproductive medicine
United States of America,1343551460,university of texas md anderson cancer center,university of texas md anderson cancer center,university of texas m d anderson cancer center department of immunology
United States of America,1343551460,university of texas md anderson cancer center,university of texas md anderson cancer center,university of texas m d anderson cancer center department of investigational cancer therapeutics
United States of America,1343551460,university of texas md anderson cancer center,university of texas md anderson cancer center,university of texas m d anderson cancer center department of leukemia
United States of America,1343551460,university of texas md anderson cancer center,university of texas md anderson cancer center,university of texas m d anderson cancer center department of lymphoma and myeloma
United States of America,1343551460,university of texas md anderson cancer center,university of texas md anderson cancer center,university of texas m d anderson cancer center department of neuro oncology
United States of America,1343551460,university of texas md anderson cancer center,university of texas md anderson cancer center,university of texas m d anderson cancer center department of neurosurgery
United States of America,1343551460,university of texas md anderson cancer center,university of texas md anderson cancer center,university of texas m d anderson cancer center department of pathology
United States of America,1343551460,university of texas md anderson cancer center,university of texas md anderson cancer center,university of texas m d anderson cancer center department of radiation physics
United States of America,1343551460,university of texas md anderson cancer center,university of texas md anderson cancer center,university of texas m d anderson cancer center department of thoracic and cardiovascular surgery
United States of America,1343551460,university of texas md anderson cancer center,university of texas md anderson cancer center,university of texas m d anderson cancer center department of thoracic head and neck medical oncology
United States of America,172980758,kennesaw state university,kennesaw state university,department of biology and physics
United States of America,172980758,kennesaw state university,kennesaw state university,department of mathematics and statistics
United States of America,172980758,kennesaw state university,kennesaw state university,department of political science and international affairs
United States of America,1925986,loyola university chicago,loyola university chicago,college of arts and sciences
United States of America,1925986,loyola university chicago,loyola university chicago,department of biology
United States of America,1925986,loyola university chicago,loyola university chicago,department of chemistry and biochemistry
United States of America,1925986,loyola university chicago,loyola university chicago,department of english
United States of America,1925986,loyola university chicago,loyola university chicago,department of philosophy
United States of America,1925986,loyola university chicago,loyola university chicago,department of political science
United States of America,1925986,loyola university chicago,loyola university chicago,department of theology
United States of America,1925986,loyola university chicago,loyola university chicago,school of education
United States of America,1925986,loyola university chicago,loyola university chicago,school of social work
United States of America,1925986,loyola university chicago,loyola university chicago,department of behavioral health and neurosciences
United States of America,1925986,loyola university chicago,loyola university chicago,department of cell and molecular physiology
United States of America,1925986,loyola university chicago,loyola university chicago,department of neurology
United States of America,1925986,loyola university chicago,loyola university chicago,department of ophthalmology
United States of America,1925986,loyola university chicago,loyola university chicago,department of orthopaedic surgery and rehabilitation
United States of America,1925986,loyola university chicago,loyola university chicago,department of radiation oncology
United States of America,141649380,western michigan university,college of arts and sciences,department of anthropology
United States of America,141649380,western michigan university,college of arts and sciences,department of biological sciences
United States of America,141649380,western michigan university,college of arts and sciences,department of world religions and cultures
United States of America,141649380,western michigan university,college of arts and sciences,department of english
United States of America,141649380,western michigan university,college of arts and sciences,department of psychology
United States of America,141649380,western michigan university,college of arts and sciences,department of world languages and literatures
United States of America,141649380,western michigan university,college of arts and sciences,department of history
United States of America,141649380,western michigan university,college of arts and sciences,department of chemistry
United States of America,141649380,western michigan university,college of arts and sciences,school of communication
United States of America,141649380,western michigan university,college of arts and sciences,school of environment geography and sustainability
United States of America,141649380,western michigan university,college of arts and sciences,department of economics
United States of America,141649380,western michigan university,college of arts and sciences,department of geological and environmental sciences
United States of America,141649380,western michigan university,college of arts and sciences,school of public affairs and administration
United States of America,141649380,western michigan university,college of arts and sciences,department of sociology
United States of America,141649380,western michigan university,college of arts and sciences,department of mathematics
United States of America,141649380,western michigan university,college of arts and sciences,department of statistics
United States of America,141649380,western michigan university,college of arts and sciences,department of philosophy
United States of America,141649380,western michigan university,college of arts and sciences,department of physics
United States of America,141649380,western michigan university,college of arts and sciences,department of spanish
United States of America,141649380,western michigan university,college of education and human development,department of counselor education and counseling psychology
United States of America,141649380,western michigan university,college of health and human services,school of social work
United States of America,141649380,western michigan university,haworth college of business,department of finance and commercial law
United States of America,141649380,western michigan university,haworth college of business,department of marketing
United States of America,141649380,western michigan university,haworth college of business,department of accountancy
United States of America,141649380,western michigan university,haworth college of business,department of business information systems
United States of America,141649380,western michigan university,haworth college of business,department of management
United States of America,141649380,western michigan university,haworth college of business,department of military science and leadership
United States of America,141649380,western michigan university,college of engineering and applied science,department of chemical and paper engineering
United States of America,141649380,western michigan university,college of engineering and applied science,department of civil and construction engineering
United States of America,141649380,western michigan university,college of engineering and applied science,department of computer science
United States of America,141649380,western michigan university,college of engineering and applied science,department of electrical and computer engineering
United States of America,141649380,western michigan university,college of engineering and applied science,department of engineering design and manufacturing
United States of America,141649380,western michigan university,college of engineering and applied science,department of industrial and entrepreneurial engineering and engineering management
United States of America,141649380,western michigan university,college of engineering and applied science,department of mechanical and aerospace engineering
United States of America,141649380,western michigan university,college of fine arts,gwen frostic school of art
United States of America,141649380,western michigan university,western michigan university,college of arts and sciences
United States of America,141649380,western michigan university,western michigan university,college of education and human development
United States of America,141649380,western michigan university,western michigan university,college of health and human services
United States of America,141649380,western michigan university,western michigan university,department of political science
United States of America,141649380,western michigan university,western michigan university,college of engineering and applied science
United States of America,141649380,western michigan university,western michigan university,college of aviation
United States of America,141649380,western michigan university,western michigan university,college of fine arts
United States of America,141649380,western michigan university,western michigan university,graduate college
United States of America,141649380,western michigan university,western michigan university,department of biology
United States of America,71730758,university of louisiana at monroe,university of louisiana at monroe,school of humanities
United States of America,177449303,california baptist university,california baptist university,school of christian ministries
United States of America,119343350,alaska pacific university,alaska pacific university,department of liberal studies
United States of America,149581226,hawaii pacific university,hawaii pacific university,college of nursing and health sciences
United States of America,147276918,lake superior state university,lake superior state university,college of arts letters social sciences and emergency services
United States of America,147276918,lake superior state university,lake superior state university,college of business and engineering
United States of America,147276918,lake superior state university,lake superior state university,college of natural and mathematical sciences
United States of America,147276918,lake superior state university,lake superior state university,school of biological sciences
United States of America,147276918,lake superior state university,lake superior state university,school of communication studies and the fine and performing arts
United States of America,147276918,lake superior state university,lake superior state university,school of criminal justice fire science and ems
United States of America,147276918,lake superior state university,lake superior state university,school of english and language studies
United States of America,147276918,lake superior state university,lake superior state university,school of mathematics and computer science
United States of America,147276918,lake superior state university,lake superior state university,school of physical sciences
United States of America,147276918,lake superior state university,lake superior state university,school of recreation studies and exercise science
United States of America,147276918,lake superior state university,lake superior state university,school of social sciences
United States of America,139290212,hofstra university,hofstra university,department of biology
United States of America,139290212,hofstra university,hofstra university,department of english
United States of America,139290212,hofstra university,hofstra university,department of geology environmental and sustainability
United States of America,139290212,hofstra university,hofstra university,department of history
United States of America,139290212,hofstra university,hofstra university,department of psychology
United States of America,139290212,hofstra university,hofstra university,department of sociology
United States of America,139290212,hofstra university,hofstra university,hofstra college of liberal arts sciences
United States of America,139290212,hofstra university,fred dematteis school of engineering and applied science,department of computer science
United States of America,139290212,hofstra university,fred dematteis school of engineering and applied science,department of engineering
United States of America,139290212,hofstra university,hofstra college of liberal arts sciences,department of geology environment and sustainability
United States of America,139290212,hofstra university,hofstra college of liberal arts sciences,department of drama and dance
United States of America,139290212,hofstra university,school of health professions and human services,department of counseling and mental health professions
United States of America,139290212,hofstra university,school of health professions and human services,department of health professions
United States of America,139290212,hofstra university,school of health professions and human services,department of speech language hearing sciences
United States of America,139290212,hofstra university,school of education,department of counseling research special education and rehabilitation
United States of America,95781656,western oregon university,western oregon university,college of education
United States of America,95781656,western oregon university,western oregon university,college of liberal arts and sciences
United States of America,95781656,western oregon university,western oregon university,department of biological sciences
United States of America,17626003,university of rhode island,university of rhode island,college of arts and sciences
United States of America,17626003,university of rhode island,university of rhode island,college of human science and services
United States of America,17626003,university of rhode island,university of rhode island,department of communication studies
United States of America,17626003,university of rhode island,university of rhode island,department of communicative disorders
United States of America,17626003,university of rhode island,university of rhode island,department of environmental and natural resource economics
United States of America,17626003,university of rhode island,university of rhode island,department of landscape architecture
United States of America,17626003,university of rhode island,university of rhode island,department of mathematics
United States of America,17626003,university of rhode island,university of rhode island,department of nutrition and food sciences
United States of America,17626003,university of rhode island,university of rhode island,department of psychology
United States of America,17626003,university of rhode island,university of rhode island,department of sociology and anthropology
United States of America,17626003,university of rhode island,university of rhode island,department of writing and rhetoric
United States of America,17626003,university of rhode island,university of rhode island,college of the environment and life sciences
United States of America,17626003,university of rhode island,college of the environment and life sciences,department of biological sciences
United States of America,106969075,idaho state university,idaho state university,college of arts and letters
United States of America,106969075,idaho state university,idaho state university,college of education
United States of America,106969075,idaho state university,idaho state university,college of science and engineering
United States of America,106969075,idaho state university,idaho state university,college of technology
United States of America,106969075,idaho state university,idaho state university,department of biological sciences
United States of America,106969075,idaho state university,idaho state university,department of counseling
United States of America,106969075,idaho state university,idaho state university,department of family medicine
United States of America,106969075,idaho state university,idaho state university,department of physician assistant studies
United States of America,106969075,idaho state university,idaho state university,department of political science
United States of America,106969075,idaho state university,idaho state university,department of psychology
United States of America,106969075,idaho state university,idaho state university,school of rehabilitation and communication sciences
United States of America,200885203,indiana university of pennsylvania,indiana university of pennsylvania,college of education and educational technology
United States of America,200885203,indiana university of pennsylvania,indiana university of pennsylvania,college of health and human services
United States of America,200885203,indiana university of pennsylvania,indiana university of pennsylvania,college of humanities and social sciences
United States of America,200885203,indiana university of pennsylvania,indiana university of pennsylvania,college of natural sciences and mathematics
United States of America,200885203,indiana university of pennsylvania,indiana university of pennsylvania,department of chemistry
United States of America,200885203,indiana university of pennsylvania,indiana university of pennsylvania,department of economics
United States of America,200885203,indiana university of pennsylvania,indiana university of pennsylvania,department of employment and labor relations
United States of America,200885203,indiana university of pennsylvania,indiana university of pennsylvania,department of english
United States of America,200885203,indiana university of pennsylvania,indiana university of pennsylvania,department of political science
United States of America,200885203,indiana university of pennsylvania,indiana university of pennsylvania,department of psychology
United States of America,200885203,indiana university of pennsylvania,indiana university of pennsylvania,department of safety sciences
United States of America,183716014,john carroll university,john carroll university,college of arts and sciences
United States of America,183716014,john carroll university,john carroll university,department of political science
United States of America,183716014,john carroll university,john carroll university,department of psychology
United States of America,183716014,john carroll university,john carroll university,department of sociology and criminology
United States of America,181401687,american university,american university,department of economics
United States of America,181401687,american university,american university,department of history
United States of America,181401687,american university,american university,department of language and foreign studies
United States of America,181401687,american university,american university,department of psychology
United States of America,181401687,american university,american university,department of public administration and policy
United States of America,181401687,american university,american university,department of sociology
United States of America,181401687,american university,american university,school of professional and extended studies
United States of America,181401687,american university,american university,school of international service
United States of America,169768744,norwich university,norwich university,college of liberal arts
United States of America,169768744,norwich university,norwich university,department of psychology and education
United States of America,150722199,ohio northern university,ohio northern university,department of biological and allied health sciences
United States of America,150722199,ohio northern university,ohio northern university,department of psychology sociology and criminal justice
United States of America,2802326326,university of texas rio grande valley,college of education p 16 integration,department of bilingual and literacy studies
United States of America,2802326326,university of texas rio grande valley,college of education p 16 integration,department of counseling
United States of America,2802326326,university of texas rio grande valley,college of education p 16 integration,department of human development and school services
United States of America,2802326326,university of texas rio grande valley,college of education p 16 integration,department of organization and school leadership
United States of America,2802326326,university of texas rio grande valley,college of education p 16 integration,department of teaching and learning
United States of America,2802326326,university of texas rio grande valley,college of engineering computer science,department of civil engineering
United States of America,2802326326,university of texas rio grande valley,college of engineering computer science,department of computer science
United States of America,2802326326,university of texas rio grande valley,college of engineering computer science,department of electrical and computer engineering
United States of America,2802326326,university of texas rio grande valley,college of engineering computer science,department of manufacturing engineering
United States of America,2802326326,university of texas rio grande valley,college of engineering computer science,department of mechanical engineering
United States of America,2802326326,university of texas rio grande valley,college of engineering computer science,department of informatics and engineering systems
United States of America,2802326326,university of texas rio grande valley,college of fine arts,school of art and design
United States of America,2802326326,university of texas rio grande valley,college of fine arts,school of music
United States of America,2802326326,university of texas rio grande valley,college of fine arts,department of theatre
United States of America,2802326326,university of texas rio grande valley,college of fine arts,dance department
United States of America,2802326326,university of texas rio grande valley,college of fine arts,creative writing department
United States of America,2802326326,university of texas rio grande valley,college of health professions,school of rehabilitation services and counseling
United States of America,2802326326,university of texas rio grande valley,college of health professions,department of communication sciences and disorders
United States of America,2802326326,university of texas rio grande valley,college of health professions,department of health and biomedical sciences
United States of America,2802326326,university of texas rio grande valley,college of health professions,department of health and human performance
United States of America,2802326326,university of texas rio grande valley,college of health professions,department of occupational therapy
United States of America,2802326326,university of texas rio grande valley,college of health professions,department of physician assistant
United States of America,2802326326,university of texas rio grande valley,college of liberal arts,department of anthropology
United States of America,2802326326,university of texas rio grande valley,college of liberal arts,department of communication
United States of America,2802326326,university of texas rio grande valley,college of liberal arts,department of criminal justice
United States of America,2802326326,university of texas rio grande valley,college of liberal arts,department of literatures and cultural studies
United States of America,2802326326,university of texas rio grande valley,college of liberal arts,department of military science
United States of America,2802326326,university of texas rio grande valley,college of liberal arts,department of philosophy
United States of America,2802326326,university of texas rio grande valley,college of liberal arts,department of political science
United States of America,2802326326,university of texas rio grande valley,college of liberal arts,department of psychology
United States of America,2802326326,university of texas rio grande valley,college of liberal arts,department of public affairs and security studies
United States of America,2802326326,university of texas rio grande valley,college of liberal arts,school of interdisciplinary programs and community engagement
United States of America,2802326326,university of texas rio grande valley,college of liberal arts,department of writing and language studies
United States of America,2802326326,university of texas rio grande valley,college of liberal arts,department of history
United States of America,2802326326,university of texas rio grande valley,college of sciences,department of biology
United States of America,2802326326,university of texas rio grande valley,college of sciences,department of chemistry
United States of America,2802326326,university of texas rio grande valley,college of sciences,school of mathematical and statistical sciences
United States of America,2802326326,university of texas rio grande valley,college of sciences,school of earth environmental and marine sciences
United States of America,2802326326,university of texas rio grande valley,college of sciences,school of integrative biological and chemical sciences
United States of America,2802326326,university of texas rio grande valley,college of business entrepreneurship,school of accountancy
United States of America,2802326326,university of texas rio grande valley,college of business entrepreneurship,department of economics
United States of America,2802326326,university of texas rio grande valley,college of business entrepreneurship,department of finance
United States of America,2802326326,university of texas rio grande valley,college of business entrepreneurship,department of information systems
United States of America,2802326326,university of texas rio grande valley,college of business entrepreneurship,department of international business and entrepreneurship
United States of America,2802326326,university of texas rio grande valley,college of business entrepreneurship,department of management
United States of America,2802326326,university of texas rio grande valley,college of business entrepreneurship,department of marketing
United States of America,2802326326,university of texas rio grande valley,college of business entrepreneurship,department of hospitality and tourism management
United States of America,2802326326,university of texas rio grande valley,university of texas rio grande valley,college of education p 16 integration
United States of America,2802326326,university of texas rio grande valley,university of texas rio grande valley,college of engineering computer science
United States of America,2802326326,university of texas rio grande valley,university of texas rio grande valley,college of fine arts
United States of America,2802326326,university of texas rio grande valley,university of texas rio grande valley,college of health professions
United States of America,2802326326,university of texas rio grande valley,university of texas rio grande valley,college of liberal arts
United States of America,2802326326,university of texas rio grande valley,university of texas rio grande valley,college of sciences
United States of America,2802326326,university of texas rio grande valley,university of texas rio grande valley,graduate college
United States of America,2802326326,university of texas rio grande valley,university of texas rio grande valley,honors college
United States of America,2802326326,university of texas rio grande valley,university of texas rio grande valley,college of business entrepreneurship
United States of America,2802326326,university of texas rio grande valley,university of texas rio grande valley,school of nursing
United States of America,2802326326,university of texas rio grande valley,university of texas rio grande valley,school of social work
United States of America,2802326326,university of texas rio grande valley,university of texas rio grande valley,university college
United States of America,2802326326,university of texas rio grande valley,university of texas rio grande valley,school of podiatric medicine
United States of America,2802326326,university of texas rio grande valley,university of texas rio grande valley,school of medicine
United States of America,2802326326,university of texas rio grande valley,school of medicine,department of family and community medicine
United States of America,2802326326,university of texas rio grande valley,school of medicine,department of human genetics
United States of America,2802326326,university of texas rio grande valley,school of medicine,department of immunology and microbiology
United States of America,2802326326,university of texas rio grande valley,school of medicine,department of internal medicine
United States of America,2802326326,university of texas rio grande valley,school of medicine,department of molecular science
United States of America,2802326326,university of texas rio grande valley,school of medicine,department of neurology
United States of America,2802326326,university of texas rio grande valley,school of medicine,department of neuroscience
United States of America,2802326326,university of texas rio grande valley,school of medicine,department of obstetrics and gynecology
United States of America,2802326326,university of texas rio grande valley,school of medicine,department of orthopedic surgery
United States of America,2802326326,university of texas rio grande valley,school of medicine,department of otolaryngology
United States of America,2802326326,university of texas rio grande valley,school of medicine,department of pediatrics
United States of America,2802326326,university of texas rio grande valley,school of medicine,department of population health and biostatistics
United States of America,2802326326,university of texas rio grande valley,school of medicine,department of psychiatry
United States of America,2802326326,university of texas rio grande valley,school of medicine,department of surgery
United States of America,103527128,southern arkansas university,southern arkansas university,college of science and technology
United States of America,103527128,southern arkansas university,southern arkansas university,department of agriculture
United States of America,61937129,jackson state university,jackson state university,college of liberal arts
United States of America,61937129,jackson state university,jackson state university,college of public service
United States of America,61937129,jackson state university,jackson state university,college of science engineering and technology
United States of America,61937129,jackson state university,jackson state university,department of communicative disorders
United States of America,61937129,jackson state university,jackson state university,school of health sciences
United States of America,61937129,jackson state university,jackson state university,school of social work
United States of America,43579087,university of wisconsin milwaukee,college of letters and science,department of geography
United States of America,43579087,university of wisconsin milwaukee,college of letters and science,department of geosciences
United States of America,43579087,university of wisconsin milwaukee,university of wisconsin milwaukee,college of health sciences
United States of America,43579087,university of wisconsin milwaukee,university of wisconsin milwaukee,college of letters and science
United States of America,43579087,university of wisconsin milwaukee,university of wisconsin milwaukee,department of architecture
United States of America,43579087,university of wisconsin milwaukee,university of wisconsin milwaukee,department of biological sciences
United States of America,43579087,university of wisconsin milwaukee,university of wisconsin milwaukee,department of chemistry and biochemistry
United States of America,43579087,university of wisconsin milwaukee,university of wisconsin milwaukee,department of communication
United States of America,43579087,university of wisconsin milwaukee,university of wisconsin milwaukee,department of curriculum and instruction
United States of America,43579087,university of wisconsin milwaukee,university of wisconsin milwaukee,department of educational psychology
United States of America,43579087,university of wisconsin milwaukee,university of wisconsin milwaukee,department of foreign languages and literature
United States of America,43579087,university of wisconsin milwaukee,university of wisconsin milwaukee,department of history
United States of America,43579087,university of wisconsin milwaukee,university of wisconsin milwaukee,department of kinesiology
United States of America,43579087,university of wisconsin milwaukee,university of wisconsin milwaukee,department of linguistics
United States of America,43579087,university of wisconsin milwaukee,university of wisconsin milwaukee,department of mathematical sciences
United States of America,43579087,university of wisconsin milwaukee,university of wisconsin milwaukee,department of occupational science and technology
United States of America,43579087,university of wisconsin milwaukee,university of wisconsin milwaukee,department of political science
United States of America,43579087,university of wisconsin milwaukee,university of wisconsin milwaukee,department of psychology
United States of America,43579087,university of wisconsin milwaukee,university of wisconsin milwaukee,department of sociology
United States of America,43579087,university of wisconsin milwaukee,university of wisconsin milwaukee,department of urban planning
United States of America,43579087,university of wisconsin milwaukee,university of wisconsin milwaukee,school of architecture and urban planning
United States of America,43579087,university of wisconsin milwaukee,university of wisconsin milwaukee,school of information studies
United States of America,119234918,university of northern iowa,university of northern iowa,college of education
United States of America,119234918,university of northern iowa,university of northern iowa,college of humanites arts and sciences
United States of America,119234918,university of northern iowa,university of northern iowa,college of social and behavioral sciences
United States of America,119234918,university of northern iowa,university of northern iowa,department of curriculum and instruction
United States of America,119234918,university of northern iowa,university of northern iowa,department of economics
United States of America,119234918,university of northern iowa,university of northern iowa,department of educational leadership and postsecondary education
United States of America,119234918,university of northern iowa,university of northern iowa,department of sociology anthropology and criminology
United States of America,177097968,university of tennessee at chattanooga,university of tennessee at chattanooga,college of arts and sciences
United States of America,177097968,university of tennessee at chattanooga,university of tennessee at chattanooga,college of health education and professional studies
United States of America,177097968,university of tennessee at chattanooga,university of tennessee at chattanooga,department of biological and environmental sciences
United States of America,177097968,university of tennessee at chattanooga,university of tennessee at chattanooga,department of chemistry
United States of America,162577319,university of texas at dallas,university of texas at dallas,department of mathematical sciences
United States of America,162577319,university of texas at dallas,university of texas at dallas,department of public affairs
United States of America,162577319,university of texas at dallas,university of texas at dallas,school of arts and humanities
United States of America,162577319,university of texas at dallas,university of texas at dallas,school of behavioral and brain sciences
United States of America,162577319,university of texas at dallas,university of texas at dallas,school of economic political and policy sciences
United States of America,162577319,university of texas at dallas,university of texas at dallas,school of natural sciences and mathematics
United States of America,32038505,university of central arkansas,university of central arkansas,college of health and behavioral sciences
United States of America,32038505,university of central arkansas,university of central arkansas,college of natural sciences and mathematics
United States of America,82495205,university of alabama in huntsville,university of alabama in huntsville,university of alabama huntsville department of chemistry
United States of America,82495205,university of alabama in huntsville,university of alabama in huntsville,college of liberal arts
United States of America,82495205,university of alabama in huntsville,university of alabama in huntsville,college of science
United States of America,82495205,university of alabama in huntsville,university of alabama in huntsville,department of accounting economics and finance
United States of America,82495205,university of alabama in huntsville,university of alabama in huntsville,department of english
United States of America,161203489,youngstown state university,youngstown state university,college of liberal arts and social sciences
United States of America,161203489,youngstown state university,youngstown state university,college of science technology engineering and mathematics
United States of America,161203489,youngstown state university,youngstown state university,department of biological sciences
United States of America,161203489,youngstown state university,youngstown state university,department of chemistry
United States of America,161203489,youngstown state university,youngstown state university,department of history
United States of America,161203489,youngstown state university,youngstown state university,department of human ecology
United States of America,161203489,youngstown state university,youngstown state university,department of sociology anthropology and gerontology
United States of America,138873065,long island university,long island university,department of biology
United States of America,169615421,middle tennessee state university,middle tennessee state university,college of basic and applied sciences
United States of America,169615421,middle tennessee state university,middle tennessee state university,college of behavioral and health sciences
United States of America,169615421,middle tennessee state university,middle tennessee state university,college of liberal arts
United States of America,169615421,middle tennessee state university,middle tennessee state university,college of mass communication
United States of America,169615421,middle tennessee state university,middle tennessee state university,department of biology
United States of America,169615421,middle tennessee state university,middle tennessee state university,department of chemistry
United States of America,169615421,middle tennessee state university,middle tennessee state university,department of economics and finance
United States of America,169615421,middle tennessee state university,middle tennessee state university,department of history
United States of America,169615421,middle tennessee state university,middle tennessee state university,department of psychology
United States of America,169615421,middle tennessee state university,middle tennessee state university,department of sociology and anthropology
United States of America,169615421,middle tennessee state university,middle tennessee state university,school of journalism
United States of America,184889055,washington and lee university,washington and lee university,department of economics
United States of America,184889055,washington and lee university,washington and lee university,department of english
United States of America,184889055,washington and lee university,washington and lee university,department of geology
United States of America,184889055,washington and lee university,washington and lee university,department of history
United States of America,184889055,washington and lee university,washington and lee university,department of journalism and mass communications
United States of America,184889055,washington and lee university,washington and lee university,department of politics
United States of America,184889055,washington and lee university,washington and lee university,department of psychology
United States of America,35566140,loyola marymount university,loyola marymount university,college of communication and fine arts
United States of America,35566140,loyola marymount university,loyola marymount university,department of communication studies
United States of America,35566140,loyola marymount university,loyola marymount university,department of sociology
United States of America,35566140,loyola marymount university,loyola marymount university,department of theatre arts and dance
United States of America,35566140,loyola marymount university,loyola marymount university,department of theological studies
United States of America,35566140,loyola marymount university,loyola marymount university,school of education
United States of America,35566140,loyola marymount university,loyola marymount university,school of film and television
United States of America,119261591,weber state university,weber state university,college of science
United States of America,119261591,weber state university,weber state university,college of social and behavioral sciences
United States of America,119261591,weber state university,weber state university,department of economics
United States of America,119261591,weber state university,weber state university,department of sociology and anthropology
United States of America,119261591,weber state university,weber state university,department of zoology
United States of America,107639228,university of notre dame,university of notre dame,keough school of global affairs
United States of America,107639228,university of notre dame,university of notre dame,notre dame college of engineering
United States of America,107639228,university of notre dame,university of notre dame,college of science
United States of America,107639228,university of notre dame,university of notre dame,college of arts and letters
United States of America,107639228,university of notre dame,university of notre dame,school of architecture
United States of America,107639228,university of notre dame,university of notre dame,mendoza college of business
United States of America,107639228,university of notre dame,notre dame college of engineering,department of electrical engineering
United States of America,107639228,university of notre dame,notre dame college of engineering,department of chemical and biomolecular engineering
United States of America,107639228,university of notre dame,notre dame college of engineering,department of aerospace and mechanical engineering
United States of America,107639228,university of notre dame,notre dame college of engineering,department of computer science and engineering
United States of America,107639228,university of notre dame,notre dame college of engineering,department of civil and environmental engineering and earth sciences
United States of America,107639228,university of notre dame,college of science,department of chemistry biochemistry
United States of America,107639228,university of notre dame,college of science,department of biological sciences
United States of America,107639228,university of notre dame,college of science,department of applied and computational mathematics and statistics
United States of America,107639228,university of notre dame,college of science,department of preprofessional studies
United States of America,107639228,university of notre dame,college of arts and letters,department of economics
United States of America,107639228,university of notre dame,college of arts and letters,department of english
United States of America,107639228,university of notre dame,college of arts and letters,department of film television and theatre
United States of America,107639228,university of notre dame,college of arts and letters,department of music
United States of America,107639228,university of notre dame,college of arts and letters,department of philosophy
United States of America,107639228,university of notre dame,college of arts and letters,department of political science
United States of America,107639228,university of notre dame,college of arts and letters,department of psychology
United States of America,107639228,university of notre dame,college of arts and letters,department of theology
United States of America,107639228,university of notre dame,college of arts and letters,department of africana studies
United States of America,107639228,university of notre dame,college of arts and letters,department of american studies
United States of America,107639228,university of notre dame,college of arts and letters,department of anthropology
United States of America,107639228,university of notre dame,college of arts and letters,department of classics
United States of America,107639228,university of notre dame,college of arts and letters,department of art art history and design
United States of America,107639228,university of notre dame,college of arts and letters,department of history
United States of America,107639228,university of notre dame,college of arts and letters,department of east asian languages and cultures
United States of America,107639228,university of notre dame,college of arts and letters,department of german and russian languages and literatures
United States of America,107639228,university of notre dame,college of arts and letters,department of irish language and literature
United States of America,107639228,university of notre dame,college of arts and letters,department of romance languages and literatures
United States of America,107639228,university of notre dame,college of arts and letters,program of liberal studies
United States of America,107639228,university of notre dame,mendoza college of business,department of accountancy
United States of America,107639228,university of notre dame,mendoza college of business,department of information technology analytics and operations
United States of America,107639228,university of notre dame,mendoza college of business,department of management and organization
United States of America,107639228,university of notre dame,mendoza college of business,department of marketing
United States of America,107639228,university of notre dame,mendoza college of business,department of finance
United States of America,84470341,catholic university of america,catholic university of america,department of english
United States of America,84470341,catholic university of america,catholic university of america,department of greek and latin
United States of America,84470341,catholic university of america,catholic university of america,department of library and information science
United States of America,84470341,catholic university of america,catholic university of america,department of politics
United States of America,84470341,catholic university of america,catholic university of america,department of psychology
United States of America,84470341,catholic university of america,catholic university of america,department of sociology
United States of America,84470341,catholic university of america,catholic university of america,school of architecture and planning
United States of America,84470341,catholic university of america,catholic university of america,school of arts and sciences
United States of America,84470341,catholic university of america,catholic university of america,school of philosophy
United States of America,177880774,drew university,drew university,department of mathematics and computer science
United States of America,115364640,baldwin wallace university,baldwin wallace university,department of chemistry
United States of America,115364640,baldwin wallace university,baldwin wallace university,department of foreign languages and literatures
United States of America,57298602,alcorn state university,historic district,oakland college
United States of America,54166199,university of the incarnate word,university of the incarnate word,department of chemistry
United States of America,54166199,university of the incarnate word,university of the incarnate word,school of mathematics science and engineering
United States of America,54166199,university of the incarnate word,university of the incarnate word,school of physical therapy
United States of America,126307644,university of iowa,university of iowa,department of anatomy and cell biology
United States of America,126307644,university of iowa,university of iowa,department of anesthesia
United States of America,126307644,university of iowa,university of iowa,department of biochemistry
United States of America,126307644,university of iowa,university of iowa,department of biology
United States of America,126307644,university of iowa,university of iowa,department of biostatistics
United States of America,126307644,university of iowa,university of iowa,department of chemistry
United States of America,126307644,university of iowa,university of iowa,department of communication sciences and disorders
United States of America,126307644,university of iowa,university of iowa,department of communication studies
United States of America,126307644,university of iowa,university of iowa,department of community and behavioral health
United States of America,126307644,university of iowa,university of iowa,department of earth and environmental sciences
United States of America,126307644,university of iowa,university of iowa,department of electrical and computer engineering
United States of America,126307644,university of iowa,university of iowa,department of emergency medicine
United States of America,126307644,university of iowa,university of iowa,department of english
United States of America,126307644,university of iowa,university of iowa,department of epidemiology
United States of America,126307644,university of iowa,university of iowa,department of family medicine
United States of America,126307644,university of iowa,university of iowa,department of french and italian
United States of America,126307644,university of iowa,university of iowa,department of health and sport studies
United States of America,126307644,university of iowa,university of iowa,department of history
United States of America,126307644,university of iowa,university of iowa,department of internal medicine
United States of America,126307644,university of iowa,university of iowa,department of microbiology
United States of America,126307644,university of iowa,university of iowa,department of molecular physiology and biophysics
United States of America,126307644,university of iowa,university of iowa,department of neurology
United States of America,126307644,university of iowa,university of iowa,department of neurosurgery
United States of America,126307644,university of iowa,university of iowa,department of obstetrics and gynecology
United States of America,126307644,university of iowa,university of iowa,department of occupational and environmental health
United States of America,126307644,university of iowa,university of iowa,department of ophthalmology and visual sciences
United States of America,126307644,university of iowa,university of iowa,department of orthopaedics and rehabilitation
United States of America,126307644,university of iowa,university of iowa,department of otolaryngology
United States of America,126307644,university of iowa,university of iowa,department of pathology
United States of America,126307644,university of iowa,university of iowa,department of pharmaceutical care
United States of America,126307644,university of iowa,university of iowa,department of philosophy
United States of America,126307644,university of iowa,university of iowa,department of political science
United States of America,126307644,university of iowa,university of iowa,department of psychiatry
United States of America,126307644,university of iowa,university of iowa,department of psychological and quantitative foundations
United States of America,126307644,university of iowa,university of iowa,department of psychology
United States of America,126307644,university of iowa,university of iowa,department of radiation oncology
United States of America,126307644,university of iowa,university of iowa,department of radiology
United States of America,126307644,university of iowa,university of iowa,department of rehabilitation and counselor education
United States of America,126307644,university of iowa,university of iowa,department of spanish and portuguese
United States of America,126307644,university of iowa,university of iowa,department of statistics and actuarial science
United States of America,126307644,university of iowa,university of iowa,department of surgery
United States of America,126307644,university of iowa,university of iowa,department of teaching and learning
United States of America,126307644,university of iowa,university of iowa,school of journalism and mass communication
United States of America,126307644,university of iowa,university of iowa,school of library and information science
United States of America,126307644,university of iowa,university of iowa,school of social work
United States of America,126307644,university of iowa,university of iowa,school of urban and regional planning
United States of America,126307644,university of iowa,university of iowa,department of physics and astronomy
United States of America,149744451,valparaiso university,valparaiso university,department of philosophy
United States of America,149744451,valparaiso university,valparaiso university,college of business
United States of America,149744451,valparaiso university,valparaiso university,college of nursing and health professions
United States of America,149744451,valparaiso university,valparaiso university,college of engineering
United States of America,149744451,valparaiso university,valparaiso university,graduate school
United States of America,149744451,valparaiso university,valparaiso university,college of arts and sciences
United States of America,176279760,university of phoenix,university of phoenix,college of health and human services
United States of America,114027177,university of north carolina at chapel hill,school of medicine,department of medicine
United States of America,114027177,university of north carolina at chapel hill,school of medicine,department of obstetrics and gynecology
United States of America,114027177,university of north carolina at chapel hill,school of medicine,department of pharmacology
United States of America,114027177,university of north carolina at chapel hill,school of medicine,department of allied health sciences
United States of America,114027177,university of north carolina at chapel hill,school of medicine,department of pediatrics
United States of America,114027177,university of north carolina at chapel hill,school of medicine,department of cell biology and physiology
United States of America,114027177,university of north carolina at chapel hill,school of medicine,department of anesthesiology
United States of America,114027177,university of north carolina at chapel hill,university of north carolina at chapel hill,department of biochemistry and biophysics
United States of America,114027177,university of north carolina at chapel hill,university of north carolina at chapel hill,department of biology
United States of America,114027177,university of north carolina at chapel hill,university of north carolina at chapel hill,department of biostatistics
United States of America,114027177,university of north carolina at chapel hill,university of north carolina at chapel hill,department of cell and developmental biology
United States of America,114027177,university of north carolina at chapel hill,university of north carolina at chapel hill,department of chemistry
United States of America,114027177,university of north carolina at chapel hill,university of north carolina at chapel hill,department of city and regional planning
United States of America,114027177,university of north carolina at chapel hill,university of north carolina at chapel hill,department of classics
United States of America,114027177,university of north carolina at chapel hill,university of north carolina at chapel hill,department of communication
United States of America,114027177,university of north carolina at chapel hill,university of north carolina at chapel hill,department of computer science
United States of America,114027177,university of north carolina at chapel hill,university of north carolina at chapel hill,department of economics
United States of America,114027177,university of north carolina at chapel hill,university of north carolina at chapel hill,department of english and comparative literature
United States of America,114027177,university of north carolina at chapel hill,university of north carolina at chapel hill,department of environmental sciences and engineering
United States of America,114027177,university of north carolina at chapel hill,university of north carolina at chapel hill,department of epidemiology
United States of America,114027177,university of north carolina at chapel hill,university of north carolina at chapel hill,department of family medicine
United States of America,114027177,university of north carolina at chapel hill,university of north carolina at chapel hill,department of genetics
United States of America,114027177,university of north carolina at chapel hill,university of north carolina at chapel hill,department of health policy and management
United States of America,114027177,university of north carolina at chapel hill,university of north carolina at chapel hill,department of history
United States of America,114027177,university of north carolina at chapel hill,university of north carolina at chapel hill,department of marine sciences
United States of America,114027177,university of north carolina at chapel hill,university of north carolina at chapel hill,department of maternal and child health
United States of America,114027177,university of north carolina at chapel hill,university of north carolina at chapel hill,department of mathematics
United States of America,114027177,university of north carolina at chapel hill,university of north carolina at chapel hill,department of microbiology and immunology
United States of America,114027177,university of north carolina at chapel hill,university of north carolina at chapel hill,department of music
United States of America,114027177,university of north carolina at chapel hill,university of north carolina at chapel hill,department of neurology
United States of America,114027177,university of north carolina at chapel hill,university of north carolina at chapel hill,department of neurosurgery
United States of America,114027177,university of north carolina at chapel hill,university of north carolina at chapel hill,department of nutrition
United States of America,114027177,university of north carolina at chapel hill,university of north carolina at chapel hill,department of pathology and laboratory medicine
United States of America,114027177,university of north carolina at chapel hill,university of north carolina at chapel hill,department of philosophy
United States of America,114027177,university of north carolina at chapel hill,university of north carolina at chapel hill,department of political science
United States of America,114027177,university of north carolina at chapel hill,university of north carolina at chapel hill,department of psychiatry
United States of America,114027177,university of north carolina at chapel hill,university of north carolina at chapel hill,department of psychology and neuroscience
United States of America,114027177,university of north carolina at chapel hill,university of north carolina at chapel hill,department of public policy
United States of America,114027177,university of north carolina at chapel hill,university of north carolina at chapel hill,department of radiology
United States of America,114027177,university of north carolina at chapel hill,university of north carolina at chapel hill,department of religious studies
United States of America,114027177,university of north carolina at chapel hill,university of north carolina at chapel hill,department of social medicine
United States of America,114027177,university of north carolina at chapel hill,university of north carolina at chapel hill,department of sociology
United States of America,114027177,university of north carolina at chapel hill,university of north carolina at chapel hill,department of statistics and operations research
United States of America,114027177,university of north carolina at chapel hill,university of north carolina at chapel hill,department of surgery
United States of America,114027177,university of north carolina at chapel hill,university of north carolina at chapel hill,school of education
United States of America,114027177,university of north carolina at chapel hill,university of north carolina at chapel hill,department of special education and child development
United States of America,114027177,university of north carolina at chapel hill,university of north carolina at chapel hill,department of women s and gender studies
United States of America,114027177,university of north carolina at chapel hill,university of north carolina at chapel hill,department of art art history
United States of America,114027177,university of north carolina at chapel hill,university of north carolina at chapel hill,department of african african american and diaspora studies
United States of America,114027177,university of north carolina at chapel hill,university of north carolina at chapel hill,department of american studies
United States of America,114027177,university of north carolina at chapel hill,university of north carolina at chapel hill,department of romance studies
United States of America,114027177,university of north carolina at chapel hill,university of north carolina at chapel hill,department of anthropology
United States of America,114027177,university of north carolina at chapel hill,university of north carolina at chapel hill,department of health behavior
United States of America,114027177,university of north carolina at chapel hill,university of north carolina at chapel hill,department of asian and middle eastern studies
United States of America,114027177,university of north carolina at chapel hill,university of north carolina at chapel hill,department of dramatic art
United States of America,114027177,university of north carolina at chapel hill,university of north carolina at chapel hill,department of linguistics
United States of America,114027177,university of north carolina at chapel hill,university of north carolina at chapel hill,department of geological sciences
United States of America,46896759,midwestern state university of texas,midwestern state university of texas,midwestern university college of health sciences downers grove c us
United States of America,46896759,midwestern state university of texas,midwestern state university of texas,midwestern state university college of science and mathematics
United States of America,46896759,midwestern state university of texas,midwestern state university of texas,midwestern state university department of chemistry
United States of America,46896759,midwestern state university of texas,midwestern state university of texas,midwestern state university department of political science
United States of America,145311948,johns hopkins university,johns hopkins university,department of anthropology
United States of America,145311948,johns hopkins university,johns hopkins university,department of applied mathematics and statistics
United States of America,145311948,johns hopkins university,johns hopkins university,department of biochemistry and molecular biology
United States of America,145311948,johns hopkins university,johns hopkins university,department of biological chemistry
United States of America,145311948,johns hopkins university,johns hopkins university,department of biology
United States of America,145311948,johns hopkins university,johns hopkins university,department of biophysics
United States of America,145311948,johns hopkins university,johns hopkins university,department of biophysics and biophysical chemistry
United States of America,145311948,johns hopkins university,johns hopkins university,department of biostatistics
United States of America,145311948,johns hopkins university,johns hopkins university,department of cell biology
United States of America,145311948,johns hopkins university,johns hopkins university,department of chemistry
United States of America,145311948,johns hopkins university,johns hopkins university,department of classics
United States of America,145311948,johns hopkins university,johns hopkins university,department of cognitive science
United States of America,145311948,johns hopkins university,johns hopkins university,department of computer science
United States of America,145311948,johns hopkins university,johns hopkins university,department of counseling and human services
United States of America,145311948,johns hopkins university,johns hopkins university,department of earth and planetary sciences
United States of America,145311948,johns hopkins university,johns hopkins university,department of economics
United States of America,145311948,johns hopkins university,johns hopkins university,department of english
United States of America,145311948,johns hopkins university,johns hopkins university,department of environmental health sciences
United States of America,145311948,johns hopkins university,johns hopkins university,department of epidemiology
United States of America,145311948,johns hopkins university,johns hopkins university,department of german and romance languages and literatures
United States of America,145311948,johns hopkins university,johns hopkins university,department of health behavior and society
United States of America,145311948,johns hopkins university,johns hopkins university,department of health policy and management
United States of America,145311948,johns hopkins university,johns hopkins university,department of history
United States of America,145311948,johns hopkins university,johns hopkins university,department of interdisciplinary studies in education
United States of America,145311948,johns hopkins university,johns hopkins university,department of international health
United States of America,145311948,johns hopkins university,johns hopkins university,department of mathematics
United States of America,145311948,johns hopkins university,johns hopkins university,department of medicine
United States of America,145311948,johns hopkins university,johns hopkins university,department of mental health
United States of America,145311948,johns hopkins university,johns hopkins university,department of molecular and comparative pathobiology
United States of America,145311948,johns hopkins university,johns hopkins university,department of molecular biology and genetics
United States of America,145311948,johns hopkins university,johns hopkins university,department of near eastern studies
United States of America,145311948,johns hopkins university,johns hopkins university,department of neurology and neurosurgery
United States of America,145311948,johns hopkins university,johns hopkins university,department of neuroscience
United States of America,145311948,johns hopkins university,johns hopkins university,department of otolaryngology head and neck surgery
United States of America,145311948,johns hopkins university,johns hopkins university,department of pathology
United States of America,145311948,johns hopkins university,johns hopkins university,department of pediatrics
United States of America,145311948,johns hopkins university,johns hopkins university,department of philosophy
United States of America,145311948,johns hopkins university,johns hopkins university,department of physics and astronomy
United States of America,145311948,johns hopkins university,johns hopkins university,department of political science
United States of America,145311948,johns hopkins university,johns hopkins university,department of population family and reproductive health
United States of America,145311948,johns hopkins university,johns hopkins university,department of psychiatry and behavioral sciences
United States of America,145311948,johns hopkins university,johns hopkins university,department of psychological and brain sciences
United States of America,145311948,johns hopkins university,johns hopkins university,department of sociology
United States of America,145311948,johns hopkins university,johns hopkins university,department of special education
United States of America,145311948,johns hopkins university,johns hopkins university,department of teacher development and leadership
United States of America,145311948,johns hopkins university,johns hopkins university,department of teacher preparation
United States of America,145311948,johns hopkins university,johns hopkins university,department of the history of art
United States of America,145311948,johns hopkins university,johns hopkins university,department of the history of science and technology
United States of America,145311948,johns hopkins university,johns hopkins university,center for adolescent health
United States of America,145311948,johns hopkins university,johns hopkins university,center for functional anatomy and evolution
United States of America,145311948,johns hopkins university,johns hopkins university,center for global health
United States of America,145311948,johns hopkins university,johns hopkins university,center for hearing and balance
United States of America,145311948,johns hopkins university,johns hopkins university,center for innovation in quality patient care
United States of America,145311948,johns hopkins university,johns hopkins university,center for teaching and learning with technology
United States of America,145311948,johns hopkins university,johns hopkins university,center for the prevention of youth violence
United States of America,145311948,johns hopkins university,johns hopkins university,comstock center health monitoring unit
United States of America,145311948,johns hopkins university,johns hopkins university,division of gynecologic pathology
United States of America,145311948,johns hopkins university,johns hopkins university,division of infectious diseases
United States of America,145311948,johns hopkins university,johns hopkins university,humanities center
United States of America,145311948,johns hopkins university,johns hopkins university,international vaccine access center
United States of America,145311948,johns hopkins university,johns hopkins university,w harry feinstone department of molecular microbiology and immunology
United States of America,152014189,minnesota state university mankato,minnesota state university mankato,minnesota state university department of sociology and corrections
United States of America,152014189,minnesota state university mankato,minnesota state university mankato,college of arts and humanities
United States of America,152014189,minnesota state university mankato,minnesota state university mankato,college of science engineering and technology
United States of America,152014189,minnesota state university mankato,minnesota state university mankato,college of social and behavioral sciences
United States of America,152014189,minnesota state university mankato,minnesota state university mankato,department of ethnic studies
United States of America,152014189,minnesota state university mankato,minnesota state university mankato,department of family consumer science
United States of America,152014189,minnesota state university mankato,minnesota state university mankato,department of philosophy
United States of America,152014189,minnesota state university mankato,minnesota state university mankato,department of biological sciences
United States of America,99041443,mississippi state university,mississippi state university,college of agriculture and life sciences
United States of America,99041443,mississippi state university,mississippi state university,college of architecture art and design
United States of America,99041443,mississippi state university,mississippi state university,college of arts and sciences
United States of America,99041443,mississippi state university,mississippi state university,college of education
United States of America,99041443,mississippi state university,mississippi state university,college of forest resources
United States of America,99041443,mississippi state university,mississippi state university,department of agricultural economics
United States of America,99041443,mississippi state university,mississippi state university,department of biochemistry molecular biology entomology and plant pathology
United States of America,99041443,mississippi state university,mississippi state university,department of biological sciences
United States of America,99041443,mississippi state university,mississippi state university,department of chemistry
United States of America,99041443,mississippi state university,mississippi state university,department of communication
United States of America,99041443,mississippi state university,mississippi state university,department of computer science and engineering
United States of America,99041443,mississippi state university,mississippi state university,department of counseling and educational psychology
United States of America,99041443,mississippi state university,mississippi state university,department of geosciences
United States of America,99041443,mississippi state university,mississippi state university,department of history
United States of America,99041443,mississippi state university,mississippi state university,department of leadership and foundations
United States of America,99041443,mississippi state university,mississippi state university,department of political science and public administration
United States of America,99041443,mississippi state university,mississippi state university,department of psychology
United States of America,99041443,mississippi state university,mississippi state university,department of sociology
United States of America,99041443,mississippi state university,mississippi state university,department of wildlife fisheries and aquaculture
United States of America,99041443,mississippi state university,mississippi state university,school of architecture
United States of America,99041443,mississippi state university,mississippi state university,school of human sciences
United States of America,63855395,missouri western state university,missouri western state university,college of liberal arts and sciences
United States of America,63855395,missouri western state university,missouri western state university,college of professional studies
United States of America,63855395,missouri western state university,missouri western state university,department of history and geography
United States of America,63855395,missouri western state university,missouri western state university,department of psychology
United States of America,27639287,northeastern illinois university,northeastern illinois university,college of arts and sciences
United States of America,27639287,northeastern illinois university,northeastern illinois university,college of education
United States of America,168416876,northern kentucky university,northern kentucky university,college of arts and sciences
United States of America,168416876,northern kentucky university,northern kentucky university,college of health professions
United States of America,168416876,northern kentucky university,northern kentucky university,college of informatics
United States of America,168416876,northern kentucky university,northern kentucky university,department of biological sciences
United States of America,168416876,northern kentucky university,northern kentucky university,department of chemistry
United States of America,168416876,northern kentucky university,northern kentucky university,department of communication
United States of America,168416876,northern kentucky university,northern kentucky university,department of history and geography
United States of America,168416876,northern kentucky university,northern kentucky university,department of psychological science
United States of America,168416876,northern kentucky university,northern kentucky university,department of sociology anthropology and philosophy
United States of America,19648265,wright state university,wright state university,college of liberal arts
United States of America,19648265,wright state university,wright state university,college of science and mathematics
United States of America,19648265,wright state university,wright state university,department of biological sciences
United States of America,19648265,wright state university,wright state university,department of chemistry
United States of America,19648265,wright state university,wright state university,department of economics
United States of America,19648265,wright state university,wright state university,department of history
United States of America,19648265,wright state university,wright state university,department of pediatrics
United States of America,19648265,wright state university,wright state university,department of theatre dance and motion pictures
United States of America,19648265,wright state university,wright state university,school of professional psychology
United States of America,164936912,university of texas at el paso,university of texas at el paso,college of science
United States of America,164936912,university of texas at el paso,university of texas at el paso,department of biological sciences
United States of America,164936912,university of texas at el paso,university of texas at el paso,department of philosophy
United States of America,164936912,university of texas at el paso,university of texas at el paso,department of physics
United States of America,164936912,university of texas at el paso,university of texas at el paso,college of liberal arts
United States of America,164936912,university of texas at el paso,university of texas at el paso,university of texas el paso department of english
United States of America,164936912,university of texas at el paso,university of texas at el paso,university of texas el paso department of history
United States of America,94658018,university of memphis,university of memphis,college of arts and sciences
United States of America,94658018,university of memphis,university of memphis,college of communication and fine arts
United States of America,94658018,university of memphis,university of memphis,college of education
United States of America,94658018,university of memphis,university of memphis,department of bioinformatics
United States of America,94658018,university of memphis,university of memphis,department of biology
United States of America,94658018,university of memphis,university of memphis,department of counseling educational psychology and research
United States of America,94658018,university of memphis,university of memphis,department of health and sport sciences
United States of America,94658018,university of memphis,university of memphis,department of mathematical sciences
United States of America,94658018,university of memphis,university of memphis,department of political science
United States of America,94658018,university of memphis,university of memphis,department of psychology
United States of America,94658018,university of memphis,university of memphis,school of public health
United States of America,94658018,university of memphis,university of memphis,school of urban affairs and public policy
United States of America,221716585,university of texas at tyler,university of texas at tyler,college of arts and sciences
United States of America,221716585,university of texas at tyler,university of texas at tyler,college of education and psychology
United States of America,221716585,university of texas at tyler,university of texas at tyler,department of biology
United States of America,221716585,university of texas at tyler,university of texas at tyler,department of psychology and counseling
United States of America,221716585,university of texas at tyler,university of texas at tyler,department of social sciences
United States of America,221716585,university of texas at tyler,university of texas at tyler,university of texas tyler college of nursing and health sciences
United States of America,51556381,university of virginia,university of virginia,department of anesthesiology
United States of America,51556381,university of virginia,university of virginia,department of biochemistry and molecular genetics
United States of America,51556381,university of virginia,university of virginia,department of biology
United States of America,51556381,university of virginia,university of virginia,department of computer science
United States of America,51556381,university of virginia,university of virginia,department of economics
United States of America,51556381,university of virginia,university of virginia,department of english
United States of America,51556381,university of virginia,university of virginia,department of family medicine
United States of America,51556381,university of virginia,university of virginia,department of french language and literature
United States of America,51556381,university of virginia,university of virginia,department of mathematics
United States of America,51556381,university of virginia,university of virginia,department of microbiology
United States of America,51556381,university of virginia,university of virginia,department of molecular physiology and biological physics
United States of America,51556381,university of virginia,university of virginia,department of neurology
United States of America,51556381,university of virginia,university of virginia,department of neuroscience
United States of America,51556381,university of virginia,university of virginia,department of neurosurgery
United States of America,51556381,university of virginia,university of virginia,department of obstetrics and gynecology
United States of America,51556381,university of virginia,university of virginia,department of ophthalmology
United States of America,51556381,university of virginia,university of virginia,department of pathology
United States of America,51556381,university of virginia,university of virginia,department of pharmacology
United States of America,51556381,university of virginia,university of virginia,department of physical medicine and rehabilitation
United States of America,51556381,university of virginia,university of virginia,department of psychiatry and neurobehavioral sciences
United States of America,51556381,university of virginia,university of virginia,department of psychology
United States of America,51556381,university of virginia,university of virginia,department of public health sciences
United States of America,51556381,university of virginia,university of virginia,department of religious studies
United States of America,51556381,university of virginia,university of virginia,department of science technology and society
United States of America,51556381,university of virginia,university of virginia,department of sociology
United States of America,51556381,university of virginia,university of virginia,department of surgery
United States of America,51556381,university of virginia,university of virginia,school of medicine advanced microscopy facility
United States of America,51556381,university of virginia,university of virginia,department of geography
United States of America,51556381,university of virginia,university of virginia,department of geology
United States of America,51556381,university of virginia,university of virginia,department of politics
United States of America,51556381,university of virginia,university of virginia,department of environmental sciences
United States of America,51556381,university of virginia,university of virginia,school of engineering and applied science
United States of America,51556381,university of virginia,university of virginia,school of law
United States of America,51556381,university of virginia,school of engineering and applied science,department of engineering and society
United States of America,51556381,university of virginia,school of engineering and applied science,department of biomedical engineering
United States of America,35722693,university of hawaiʻi at hilo,university of hawaiʻi at hilo,university of hawaii at hilo college of arts and sciences
United States of America,35722693,university of hawaiʻi at hilo,university of hawaiʻi at hilo,university of hawaii at hilo department of biology
United States of America,184616310,illinois wesleyan university,illinois wesleyan university,college of fine arts
United States of America,184616310,illinois wesleyan university,illinois wesleyan university,department of chemistry
United States of America,184616310,illinois wesleyan university,illinois wesleyan university,department of english
United States of America,184616310,illinois wesleyan university,illinois wesleyan university,department of philosophy
United States of America,184616310,illinois wesleyan university,illinois wesleyan university,department of psychology
United States of America,184616310,illinois wesleyan university,illinois wesleyan university,school of music
United States of America,184616310,illinois wesleyan university,illinois wesleyan university,school of theatre arts
United States of America,219193219,purdue university,purdue university,department of agricultural economics
United States of America,219193219,purdue university,purdue university,department of agronomy
United States of America,219193219,purdue university,purdue university,department of animal sciences
United States of America,219193219,purdue university,purdue university,department of anthropology
United States of America,219193219,purdue university,purdue university,department of biochemistry
United States of America,219193219,purdue university,purdue university,department of biological sciences
United States of America,219193219,purdue university,purdue university,department of botany and plant pathology
United States of America,219193219,purdue university,purdue university,department of communication
United States of America,219193219,purdue university,purdue university,department of consumer sciences and retailing
United States of America,219193219,purdue university,purdue university,department of curriculum and instruction
United States of America,219193219,purdue university,purdue university,department of economics
United States of America,219193219,purdue university,purdue university,department of educational studies
United States of America,219193219,purdue university,purdue university,department of english
United States of America,219193219,purdue university,purdue university,department of entomology
United States of America,219193219,purdue university,purdue university,department of forestry and natural resources
United States of America,219193219,purdue university,purdue university,department of health and kinesiology
United States of America,219193219,purdue university,purdue university,department of history
United States of America,219193219,purdue university,purdue university,department of horticulture and landscape architecture
United States of America,219193219,purdue university,purdue university,department of hospitality and tourism management
United States of America,219193219,purdue university,purdue university,department of human development and family studies
United States of America,219193219,purdue university,purdue university,department of mathematics
United States of America,219193219,purdue university,purdue university,department of nutrition science
United States of America,219193219,purdue university,purdue university,department of philosophy
United States of America,219193219,purdue university,purdue university,department of physics
United States of America,219193219,purdue university,purdue university,department of political science
United States of America,219193219,purdue university,purdue university,department of psychological sciences
United States of America,219193219,purdue university,purdue university,department of sociology
United States of America,219193219,purdue university,purdue university,department of speech language and hearing sciences
United States of America,219193219,purdue university,purdue university,department of statistics
United States of America,219193219,purdue university,purdue university,school of health sciences
United States of America,219193219,purdue university,purdue university,college of science
United States of America,219193219,purdue university,college of science,james tarpo jr and margaret tarpo department of chemistry
United States of America,219193219,purdue university,college of science,department of physics and astronomy
United States of America,177156846,south dakota state university,south dakota state university,college of agriculture and biological sciences
United States of America,177156846,south dakota state university,south dakota state university,college of arts and sciences
United States of America,177156846,south dakota state university,south dakota state university,college of education and human sciences
United States of America,177156846,south dakota state university,south dakota state university,department of chemistry and biochemistry
United States of America,177156846,south dakota state university,south dakota state university,department of economics
United States of America,177156846,south dakota state university,south dakota state university,department of health and nutrition sciences
United States of America,177156846,south dakota state university,south dakota state university,department of psychology
United States of America,177156846,south dakota state university,south dakota state university,department of sociology and rural studies
United States of America,128956969,texas christian university,texas christian university,college of communication
United States of America,128956969,texas christian university,texas christian university,college of science and engineering
United States of America,128956969,texas christian university,texas christian university,department of chemistry
United States of America,128956969,texas christian university,texas christian university,department of communication studies
United States of America,128956969,texas christian university,texas christian university,department of history and geography
United States of America,128956969,texas christian university,texas christian university,department of religion
United States of America,90871651,university of toledo,university of toledo,college of communication and the arts
United States of America,90871651,university of toledo,university of toledo,college of literatures languages and social sciences
United States of America,90871651,university of toledo,university of toledo,college of natural sciences and mathematics
United States of America,90871651,university of toledo,university of toledo,department of anesthesiology
United States of America,90871651,university of toledo,university of toledo,department of communication
United States of America,90871651,university of toledo,university of toledo,department of economics
United States of America,90871651,university of toledo,university of toledo,department of english language and literature
United States of America,90871651,university of toledo,university of toledo,department of environmental sciences
United States of America,90871651,university of toledo,university of toledo,department of medicine
United States of America,90871651,university of toledo,university of toledo,department of neurosciences
United States of America,90871651,university of toledo,university of toledo,department of obstetrics and gynecology
United States of America,90871651,university of toledo,university of toledo,department of pathology
United States of America,90871651,university of toledo,university of toledo,department of psychology
United States of America,90871651,university of toledo,university of toledo,department of sociology and anthropology
United States of America,90871651,university of toledo,university of toledo,department of surgery
United States of America,27837315,university of michigan,university of michigan,department of afroamerican and african studies
United States of America,27837315,university of michigan,university of michigan,department of anesthesiology
United States of America,27837315,university of michigan,university of michigan,department of anthropology
United States of America,27837315,university of michigan,university of michigan,department of biological chemistry
United States of America,27837315,university of michigan,university of michigan,department of biostatistics
United States of America,27837315,university of michigan,university of michigan,department of chemistry
United States of America,27837315,university of michigan,university of michigan,department of classical studies
United States of America,27837315,university of michigan,university of michigan,department of communication studies
United States of America,27837315,university of michigan,university of michigan,department of comparative literature
United States of America,27837315,university of michigan,university of michigan,department of computational medicine and bioinformatics
United States of America,27837315,university of michigan,university of michigan,department of ecology and evolutionary biology
United States of America,27837315,university of michigan,university of michigan,department of economics
United States of America,27837315,university of michigan,university of michigan,department of electrical engineering and computer science
United States of America,27837315,university of michigan,university of michigan,department of english language and literature
United States of America,27837315,university of michigan,university of michigan,department of environmental health sciences
United States of America,27837315,university of michigan,university of michigan,department of epidemiology
United States of America,27837315,university of michigan,university of michigan,department of family medicine
United States of America,27837315,university of michigan,university of michigan,department of germanic languages and literatures
United States of America,27837315,university of michigan,university of michigan,department of health management and policy
United States of America,27837315,university of michigan,university of michigan,department of history
United States of America,27837315,university of michigan,university of michigan,department of history of art
United States of America,27837315,university of michigan,university of michigan,department of human genetics
United States of America,27837315,university of michigan,university of michigan,department of internal medicine
United States of America,27837315,university of michigan,university of michigan,department of linguistics
United States of America,27837315,university of michigan,university of michigan,department of mathematics
United States of America,27837315,university of michigan,university of michigan,department of mechanical engineering
United States of America,27837315,university of michigan,university of michigan,department of microbiology and immunology
United States of America,27837315,university of michigan,university of michigan,department of molecular and integrative physiology
United States of America,27837315,university of michigan,university of michigan,department of molecular cellular and developmental biology
United States of America,27837315,university of michigan,university of michigan,department of musicology
United States of America,27837315,university of michigan,university of michigan,department of near eastern studies
United States of America,27837315,university of michigan,university of michigan,department of neurology
United States of America,27837315,university of michigan,university of michigan,department of neurosurgery
United States of America,27837315,university of michigan,university of michigan,department of ophthalmology and visual sciences
United States of America,27837315,university of michigan,university of michigan,department of orthopaedic surgery
United States of America,27837315,university of michigan,university of michigan,department of pathology
United States of America,27837315,university of michigan,university of michigan,department of pediatrics and communicable diseases
United States of America,27837315,university of michigan,university of michigan,department of philosophy
United States of America,27837315,university of michigan,university of michigan,department of physical medicine and rehabilitation
United States of America,27837315,university of michigan,university of michigan,department of physics
United States of America,27837315,university of michigan,university of michigan,department of political science
United States of America,27837315,university of michigan,university of michigan,department of psychiatry
United States of America,27837315,university of michigan,university of michigan,department of psychology
United States of America,27837315,university of michigan,university of michigan,department of radiation oncology
United States of America,27837315,university of michigan,university of michigan,department of radiology
United States of America,27837315,university of michigan,university of michigan,department of romance languages and literatures
United States of America,27837315,university of michigan,university of michigan,department of screen arts and cultures
United States of America,27837315,university of michigan,university of michigan,department of sociology
United States of America,27837315,university of michigan,university of michigan,department of statistics
United States of America,27837315,university of michigan,university of michigan,department of surgery
United States of America,27837315,university of michigan,university of michigan,department of women s studies
United States of America,27837315,university of michigan,university of michigan,school of social work
United States of America,27837315,university of michigan,college of literature science and the arts,department of earth and environmental sciences
United States of America,99490713,stetson university,stetson university,college of arts and sciences
United States of America,99490713,stetson university,stetson university,department of biology
United States of America,99490713,stetson university,stetson university,department of modern languages and literatures
United States of America,99490713,stetson university,stetson university,department of psychology
United States of America,99490713,stetson university,stetson university,school of music
United States of America,170201317,university of pittsburgh,university of pittsburgh,department of anesthesiology
United States of America,170201317,university of pittsburgh,university of pittsburgh,department of anthropology
United States of America,170201317,university of pittsburgh,university of pittsburgh,department of biological sciences
United States of America,170201317,university of pittsburgh,university of pittsburgh,department of biomedical informatics
United States of America,170201317,university of pittsburgh,university of pittsburgh,department of biostatistics
United States of America,170201317,university of pittsburgh,university of pittsburgh,department of cell biology and physiology
United States of America,170201317,university of pittsburgh,university of pittsburgh,department of chemistry
United States of America,170201317,university of pittsburgh,university of pittsburgh,department of classics
United States of America,170201317,university of pittsburgh,university of pittsburgh,department of communication
United States of America,170201317,university of pittsburgh,university of pittsburgh,department of computational and systems biology
United States of America,170201317,university of pittsburgh,university of pittsburgh,department of computer science
United States of America,170201317,university of pittsburgh,university of pittsburgh,department of economics
United States of America,170201317,university of pittsburgh,university of pittsburgh,department of english
United States of America,170201317,university of pittsburgh,university of pittsburgh,department of environmental and occupational health
United States of America,170201317,university of pittsburgh,university of pittsburgh,department of epidemiology
United States of America,170201317,university of pittsburgh,university of pittsburgh,department of health policy and management
United States of America,170201317,university of pittsburgh,university of pittsburgh,department of hispanic languages and literatures
United States of America,170201317,university of pittsburgh,university of pittsburgh,department of history
United States of America,170201317,university of pittsburgh,university of pittsburgh,department of history and philosophy of science
United States of America,170201317,university of pittsburgh,university of pittsburgh,department of human genetics
United States of America,170201317,university of pittsburgh,university of pittsburgh,department of immunology
United States of America,170201317,university of pittsburgh,university of pittsburgh,department of medicine
United States of America,170201317,university of pittsburgh,university of pittsburgh,department of neurobiology
United States of America,170201317,university of pittsburgh,university of pittsburgh,department of neurological surgery
United States of America,170201317,university of pittsburgh,university of pittsburgh,department of neuroscience
United States of America,170201317,university of pittsburgh,university of pittsburgh,department of obstetrics gynecology and reproductive sciences
United States of America,170201317,university of pittsburgh,university of pittsburgh,department of ophthalmology
United States of America,170201317,university of pittsburgh,university of pittsburgh,department of orthopaedic surgery
United States of America,170201317,university of pittsburgh,university of pittsburgh,department of pathology
United States of America,170201317,university of pittsburgh,university of pittsburgh,department of pediatrics
United States of America,170201317,university of pittsburgh,university of pittsburgh,department of philosophy
United States of America,170201317,university of pittsburgh,university of pittsburgh,department of physical medicine and rehabilitation
United States of America,170201317,university of pittsburgh,university of pittsburgh,department of physics and astronomy
United States of America,170201317,university of pittsburgh,university of pittsburgh,department of political science
United States of America,170201317,university of pittsburgh,university of pittsburgh,department of psychiatry
United States of America,170201317,university of pittsburgh,university of pittsburgh,department of psychology
United States of America,170201317,university of pittsburgh,university of pittsburgh,department of religious studies
United States of America,170201317,university of pittsburgh,university of pittsburgh,department of slavic languages and literatures
United States of America,170201317,university of pittsburgh,university of pittsburgh,department of sociology
United States of America,170201317,university of pittsburgh,university of pittsburgh,department of statistics
United States of America,170201317,university of pittsburgh,university of pittsburgh,department of surgery
United States of America,170201317,university of pittsburgh,university of pittsburgh,department of urban studies
United States of America,170201317,university of pittsburgh,university of pittsburgh,graduate school of public and international affairs
United States of America,129510320,university of wisconsin green bay,university of wisconsin green bay,college of liberal arts and sciences
United States of America,129510320,university of wisconsin green bay,university of wisconsin green bay,college of professional studies
United States of America,129510320,university of wisconsin green bay,university of wisconsin green bay,department of communication
United States of America,129510320,university of wisconsin green bay,university of wisconsin green bay,department of german
United States of America,129510320,university of wisconsin green bay,university of wisconsin green bay,department of public and environmental affairs
United States of America,177898655,lamar university,lamar university,department of family and consumer sciences
United States of America,149251103,thomas jefferson university,thomas jefferson university,department of anesthesiology
United States of America,149251103,thomas jefferson university,thomas jefferson university,department of emergency medicine
United States of America,149251103,thomas jefferson university,thomas jefferson university,department of health policy
United States of America,149251103,thomas jefferson university,thomas jefferson university,department of medical oncology
United States of America,149251103,thomas jefferson university,thomas jefferson university,department of medicine
United States of America,149251103,thomas jefferson university,thomas jefferson university,department of pathology anatomy and cell biology
United States of America,149251103,thomas jefferson university,thomas jefferson university,department of pharmacology and experimental therapeutics
United States of America,149251103,thomas jefferson university,thomas jefferson university,department of radiation oncology
United States of America,119181845,university of arkansas fort smith,university of arkansas fort smith,university of arkansas at fort smith college of health sciences
United States of America,114580094,university of texas permian basin,university of texas permian basin,university of texas of the permian basin college of arts and sciences
United States of America,114580094,university of texas permian basin,university of texas permian basin,university of texas of the permian basin department of physical sciences
United States of America,5950314,university of west georgia,university of west georgia,department of chemistry
United States of America,5950314,university of west georgia,university of west georgia,college of arts and humanities
United States of America,5950314,university of west georgia,university of west georgia,college of education
United States of America,5950314,university of west georgia,university of west georgia,college of science and mathematics
United States of America,5950314,university of west georgia,university of west georgia,college of social sciences
United States of America,5950314,university of west georgia,university of west georgia,department of biology
United States of America,5950314,university of west georgia,university of west georgia,department of psychology
United States of America,1629065,central michigan university,central michigan university,college of communication and fine arts
United States of America,1629065,central michigan university,central michigan university,college of education and human services
United States of America,1629065,central michigan university,central michigan university,college of health professions
United States of America,1629065,central michigan university,central michigan university,college of humanities and social and behavioral sciences
United States of America,1629065,central michigan university,central michigan university,college of science and technology
United States of America,1629065,central michigan university,central michigan university,department of biology
United States of America,1629065,central michigan university,central michigan university,department of chemistry and biochemistry
United States of America,1629065,central michigan university,central michigan university,department of communication and dramatic arts
United States of America,1629065,central michigan university,central michigan university,department of human environmental studies
United States of America,1629065,central michigan university,central michigan university,department of journalism
United States of America,1629065,central michigan university,central michigan university,department of mathematics
United States of America,1629065,central michigan university,central michigan university,department of philosophy and religion
United States of America,1629065,central michigan university,central michigan university,department of psychology
United States of America,1629065,central michigan university,central michigan university,school of music
United States of America,64185308,university of wisconsin oshkosh,university of wisconsin oshkosh,college of education and human services
United States of America,64185308,university of wisconsin oshkosh,university of wisconsin oshkosh,college of letters and science
United States of America,64185308,university of wisconsin oshkosh,university of wisconsin oshkosh,department of geology
United States of America,64185308,university of wisconsin oshkosh,university of wisconsin oshkosh,department of history
United States of America,102716817,valdosta state university,valdosta state university,college of arts and sciences
United States of America,102716817,valdosta state university,valdosta state university,college of nursing and health sciences
United States of America,102716817,valdosta state university,valdosta state university,department of middle secondary reading and deaf education
United States of America,102716817,valdosta state university,valdosta state university,department of social work
United States of America,102716817,valdosta state university,valdosta state university,department of sociology anthropology and criminal justice
United States of America,141988945,western colorado university,western colorado university,western state colorado university department of art
United States of America,141988945,western colorado university,western colorado university,western state colorado university department of behavioral and social sciences
United States of America,141988945,western colorado university,western colorado university,western state colorado university department of business accounting and economics
United States of America,141988945,western colorado university,western colorado university,western state colorado university department of communication arts languages and literature
United States of America,141988945,western colorado university,western colorado university,western state colorado university department of mathematics and computer information science
United States of America,141988945,western colorado university,western colorado university,western state colorado university department of music
United States of America,141988945,western colorado university,western colorado university,western state colorado university department of natural and environmental sciences
United States of America,141988945,western colorado university,western colorado university,western state colorado university department of recreation and exercise and sport science
United States of America,11883440,james madison university,james madison university,college of education
United States of America,11883440,james madison university,james madison university,college of health and behavioral studies
United States of America,11883440,james madison university,james madison university,college of integrated science and technology
United States of America,11883440,james madison university,james madison university,college of science and mathematics
United States of America,11883440,james madison university,james madison university,department of biology
United States of America,11883440,james madison university,james madison university,department of chemistry
United States of America,11883440,james madison university,james madison university,department of graduate psychology
United States of America,11883440,james madison university,james madison university,department of health sciences
United States of America,11883440,james madison university,james madison university,department of philosophy and religion
United States of America,11883440,james madison university,james madison university,department of political science
United States of America,11883440,james madison university,james madison university,department of social work
United States of America,11883440,james madison university,james madison university,school of liberal arts
United States of America,11883440,james madison university,james madison university,school of public and international affairs
United States of America,11883440,james madison university,james madison university,school of business
United States of America,11883440,james madison university,james madison university,college of business
United States of America,1921588,university of wisconsin stout,university of wisconsin stout,college of arts humanities and social sciences
United States of America,1921588,university of wisconsin stout,university of wisconsin stout,college of education health and human sciences
United States of America,1921588,university of wisconsin stout,university of wisconsin stout,college of management
United States of America,1921588,university of wisconsin stout,university of wisconsin stout,college of science technology engineering and mathematics
United States of America,1921588,university of wisconsin stout,university of wisconsin stout,department of chemistry
United States of America,1921588,university of wisconsin stout,university of wisconsin stout,department of social science
United States of America,1921588,university of wisconsin stout,university of wisconsin stout,department of speech communication foreign languages theatre and music
United States of America,1921588,university of wisconsin stout,university of wisconsin stout,school of education
United States of America,1921588,university of wisconsin stout,university of wisconsin stout,school of hospitality leadership
United States of America,183437572,university of wisconsin parkside,university of wisconsin parkside,department of geosciences
United States of America,14403649,university of wisconsin river falls,university of wisconsin river falls,college of agriculture food and environmental sciences
United States of America,14403649,university of wisconsin river falls,university of wisconsin river falls,college of arts and sciences
United States of America,14403649,university of wisconsin river falls,university of wisconsin river falls,department of biology
United States of America,14403649,university of wisconsin river falls,university of wisconsin river falls,department of chemistry
United States of America,14403649,university of wisconsin river falls,university of wisconsin river falls,department of economics
United States of America,14403649,university of wisconsin river falls,university of wisconsin river falls,department of plant and earth science
United States of America,87216513,michigan state university,michigan state university,college of agriculture and natural resources
United States of America,87216513,michigan state university,michigan state university,college of arts and letters
United States of America,87216513,michigan state university,michigan state university,college of music
United States of America,87216513,michigan state university,michigan state university,college of social science
United States of America,87216513,michigan state university,michigan state university,department of advertising public relations and retailing
United States of America,87216513,michigan state university,michigan state university,department of agriculture food and resource economics
United States of America,87216513,michigan state university,michigan state university,department of art and art history
United States of America,87216513,michigan state university,michigan state university,department of biochemistry and molecular biology
United States of America,87216513,michigan state university,michigan state university,department of biosystems and agricultural engineering
United States of America,87216513,michigan state university,michigan state university,department of chemistry
United States of America,87216513,michigan state university,michigan state university,department of communication
United States of America,87216513,michigan state university,michigan state university,department of communicative sciences and disorders
United States of America,87216513,michigan state university,michigan state university,department of community sustainability
United States of America,87216513,michigan state university,michigan state university,department of counseling educational psychology and special education
United States of America,87216513,michigan state university,michigan state university,department of economics
United States of America,87216513,michigan state university,michigan state university,department of educational administration
United States of America,87216513,michigan state university,michigan state university,department of english
United States of America,87216513,michigan state university,michigan state university,department of entomology
United States of America,87216513,michigan state university,michigan state university,department of epidemiology
United States of America,87216513,michigan state university,michigan state university,department of family medicine
United States of America,87216513,michigan state university,michigan state university,department of fisheries and wildlife
United States of America,87216513,michigan state university,michigan state university,department of forestry
United States of America,87216513,michigan state university,michigan state university,department of history
United States of America,87216513,michigan state university,michigan state university,department of horticulture
United States of America,87216513,michigan state university,michigan state university,department of human development and family studies
United States of America,87216513,michigan state university,michigan state university,department of linguistics and germanic slavic asian and african languages
United States of America,87216513,michigan state university,michigan state university,department of mathematics
United States of America,87216513,michigan state university,michigan state university,department of medicine
United States of America,87216513,michigan state university,michigan state university,department of microbiology and molecular genetics
United States of America,87216513,michigan state university,michigan state university,department of pediatrics and human development
United States of America,87216513,michigan state university,michigan state university,department of philosophy
United States of America,87216513,michigan state university,michigan state university,department of physics and astronomy
United States of America,87216513,michigan state university,michigan state university,department of plant biology
United States of America,87216513,michigan state university,michigan state university,department of plant soil and microbial sciences
United States of America,87216513,michigan state university,michigan state university,department of political science
United States of America,87216513,michigan state university,michigan state university,department of psychiatry
United States of America,87216513,michigan state university,michigan state university,department of psychology
United States of America,87216513,michigan state university,michigan state university,department of radiology
United States of America,87216513,michigan state university,michigan state university,department of religious studies
United States of America,87216513,michigan state university,michigan state university,department of romance and classical studies
United States of America,87216513,michigan state university,michigan state university,department of sociology
United States of America,87216513,michigan state university,michigan state university,department of telecommunication information studies and media
United States of America,87216513,michigan state university,michigan state university,department of theatre
United States of America,87216513,michigan state university,michigan state university,department of writing rhetoric and american cultures
United States of America,87216513,michigan state university,michigan state university,department of zoology
United States of America,87216513,michigan state university,michigan state university,school of human resources and labor relations
United States of America,87216513,michigan state university,michigan state university,school of journalism
United States of America,87216513,michigan state university,michigan state university,school of packaging
United States of America,87216513,michigan state university,michigan state university,school of social work
United States of America,87216513,michigan state university,michigan state university,department of surgery
United States of America,87216513,michigan state university,michigan state university,department of music
United States of America,165690674,oregon health and science university,oregon health and science university,department of biochemistry and molecular biology
United States of America,165690674,oregon health and science university,oregon health and science university,department of biomedical engineering
United States of America,165690674,oregon health and science university,oregon health and science university,department of family medicine
United States of America,165690674,oregon health and science university,oregon health and science university,department of medical informatics and clinical epidemiology
United States of America,165690674,oregon health and science university,oregon health and science university,department of medicine
United States of America,165690674,oregon health and science university,oregon health and science university,department of neurological surgery
United States of America,165690674,oregon health and science university,oregon health and science university,department of neurology
United States of America,165690674,oregon health and science university,oregon health and science university,department of pathology
United States of America,165690674,oregon health and science university,oregon health and science university,department of pediatrics
United States of America,165690674,oregon health and science university,oregon health and science university,department of psychiatry
United States of America,165690674,oregon health and science university,oregon health and science university,department of public health and preventive medicine
United States of America,165690674,oregon health and science university,oregon health and science university,department of surgery
United States of America,239307583,academy of art university,academy of art university,school of acting
United States of America,239307583,academy of art university,academy of art university,school of animation and visual effects
United States of America,239307583,academy of art university,academy of art university,school of architecture
United States of America,239307583,academy of art university,academy of art university,school of art history
United States of America,239307583,academy of art university,academy of art university,school of fashion
United States of America,239307583,academy of art university,academy of art university,school of game design
United States of America,239307583,academy of art university,academy of art university,school of graphic design
United States of America,239307583,academy of art university,academy of art university,school of illustration
United States of America,239307583,academy of art university,academy of art university,school of industrial design
United States of America,239307583,academy of art university,academy of art university,school of interior architecture and design
United States of America,239307583,academy of art university,academy of art university,school of jewelry and metal arts
United States of America,239307583,academy of art university,academy of art university,school of landscape architecture
United States of America,239307583,academy of art university,academy of art university,school of motion pictures and television
United States of America,239307583,academy of art university,academy of art university,school of multimedia communications
United States of America,239307583,academy of art university,academy of art university,school of music production and sound design for visual media
United States of America,239307583,academy of art university,academy of art university,school of photography
United States of America,239307583,academy of art university,academy of art university,school of visual development
United States of America,239307583,academy of art university,academy of art university,school of web design and new media
United States of America,239307583,academy of art university,academy of art university,faculty of humanities
United States of America,111979921,northwestern university,northwestern university,department of anesthesiology
United States of America,111979921,northwestern university,northwestern university,department of cell and molecular biology
United States of America,111979921,northwestern university,northwestern university,department of dermatology
United States of America,111979921,northwestern university,northwestern university,department of medicine
United States of America,111979921,northwestern university,northwestern university,department of neurological surgery
United States of America,111979921,northwestern university,northwestern university,department of orthopaedic surgery
United States of America,111979921,northwestern university,northwestern university,department of otolaryngology head and neck surgery
United States of America,111979921,northwestern university,northwestern university,department of pathology
United States of America,111979921,northwestern university,northwestern university,department of pediatrics
United States of America,111979921,northwestern university,northwestern university,department of physiology
United States of America,111979921,northwestern university,northwestern university,department of preventive medicine
United States of America,111979921,northwestern university,northwestern university,department of radiation oncology
United States of America,111979921,northwestern university,northwestern university,department of surgery
United States of America,111979921,northwestern university,northwestern university,department of urology
United States of America,111979921,northwestern university,northwestern university,department of anthropology
United States of America,111979921,northwestern university,northwestern university,department of biomedical engineering
United States of America,111979921,northwestern university,northwestern university,department of chemistry
United States of America,111979921,northwestern university,northwestern university,department of communication studies
United States of America,111979921,northwestern university,northwestern university,department of earth and planetary sciences
United States of America,111979921,northwestern university,northwestern university,department of economics
United States of America,111979921,northwestern university,northwestern university,department of english
United States of America,111979921,northwestern university,northwestern university,department of linguistics
United States of America,111979921,northwestern university,northwestern university,department of neurobiology and physiology
United States of America,111979921,northwestern university,northwestern university,department of philosophy
United States of America,111979921,northwestern university,northwestern university,department of physics and astronomy
United States of America,111979921,northwestern university,northwestern university,department of political science
United States of America,111979921,northwestern university,northwestern university,department of psychology
United States of America,111979921,northwestern university,northwestern university,department of radio television and film
United States of America,111979921,northwestern university,northwestern university,department of slavic languages and literatures
United States of America,111979921,northwestern university,northwestern university,department of sociology
United States of America,111979921,northwestern university,northwestern university,department of spanish and portuguese
United States of America,111979921,northwestern university,northwestern university,department of statistics
United States of America,111979921,northwestern university,northwestern university,school of commerce
United States of America,111979921,northwestern university,northwestern university,school of oratory
United States of America,111979921,northwestern university,northwestern university,school of speech
United States of America,111979921,northwestern university,northwestern university,college of arts and sciences
United States of America,111979921,northwestern university,northwestern university,college of liberal arts
United States of America,111979921,northwestern university,northwestern university,astronomy department
United States of America,111979921,northwestern university,northwestern university,department of african american studies
United States of America,111979921,northwestern university,northwestern university,department of art
United States of America,111979921,northwestern university,northwestern university,department of art history
United States of America,111979921,northwestern university,northwestern university,department of athletics and recreation
United States of America,111979921,northwestern university,northwestern university,department of biochemistry and molecular biology
United States of America,111979921,northwestern university,northwestern university,department of biological sciences
United States of America,111979921,northwestern university,northwestern university,department of communicative disorders
United States of America,111979921,northwestern university,northwestern university,department of development
United States of America,111979921,northwestern university,northwestern university,department of electrical engineering
United States of America,111979921,northwestern university,northwestern university,department of geology
United States of America,111979921,northwestern university,northwestern university,department of hispanic studies
United States of America,111979921,northwestern university,northwestern university,department of home economics
United States of America,111979921,northwestern university,northwestern university,department of industrial engineering and management sciences
United States of America,111979921,northwestern university,northwestern university,department of interpretation
United States of America,111979921,northwestern university,northwestern university,department of mathematics
United States of America,111979921,northwestern university,northwestern university,department of medicine
United States of America,111979921,northwestern university,northwestern university,department of music
United States of America,111979921,northwestern university,northwestern university,department of natural history
United States of America,111979921,northwestern university,northwestern university,department of neurosurgery
United States of America,111979921,northwestern university,northwestern university,department of pathology
United States of America,111979921,northwestern university,northwestern university,department of performance studies
United States of America,111979921,northwestern university,northwestern university,department of philosophy
United States of America,111979921,northwestern university,northwestern university,department of physics
United States of America,111979921,northwestern university,northwestern university,department of physics and astronomy
United States of America,111979921,northwestern university,northwestern university,department of political science
United States of America,111979921,northwestern university,northwestern university,department of psychiatry
United States of America,111979921,northwestern university,northwestern university,department of psychology
United States of America,111979921,northwestern university,northwestern university,department of radio and television
United States of America,111979921,northwestern university,northwestern university,department of radio television and film
United States of America,111979921,northwestern university,northwestern university,department of rehabilitation medicine
United States of America,111979921,northwestern university,northwestern university,department of religion
United States of America,111979921,northwestern university,northwestern university,department of romance languages
United States of America,111979921,northwestern university,northwestern university,department of spanish and portuguese
United States of America,111979921,northwestern university,northwestern university,department of speech correction and audiology
United States of America,111979921,northwestern university,northwestern university,department of theatre
United States of America,111979921,northwestern university,northwestern university,physical education department
United States of America,111979921,northwestern university,northwestern university,linguistics department
United States of America,111979921,northwestern university,northwestern university,medical school council of chairmen
United States of America,111979921,northwestern university,northwestern university,division of continuing education
United States of America,111979921,northwestern university,northwestern university,division of student affairs
United States of America,111979921,northwestern university,northwestern university,asian american studies program
United States of America,111979921,northwestern university,northwestern university,medical specialty training program
United States of America,111979921,northwestern university,northwestern university,programs in physical therapy
United States of America,111979921,northwestern university,northwestern university,university college
United States of America,111979921,northwestern university,northwestern university,evening divisions
United States of America,111979921,northwestern university,northwestern university,school of commerce gregg division
United States of America,111979921,northwestern university,northwestern university,school of education
United States of America,111979921,northwestern university,northwestern university,school of education office of the dean
United States of America,111979921,northwestern university,northwestern university,school of engineering
United States of America,111979921,northwestern university,northwestern university,crown family center for jewish and israel studies
United States of America,111979921,northwestern university,weinberg college of arts and sciences,department of german
United States of America,111979921,northwestern university,weinberg college of arts and sciences,department of classics
United States of America,111979921,northwestern university,weinberg college of arts and sciences,department of french and italian
United States of America,111979921,northwestern university,weinberg college of arts and sciences,department of history
United States of America,47652572,la salle university,la salle university,department of economics
United States of America,47652572,la salle university,la salle university,department of psychology
United States of America,47652572,la salle university,la salle university,school of arts and sciences
United States of America,40165345,holy family university,holy family university,school of arts and sciences
United States of America,47500176,belmont university,belmont university,department of psychological science
United States of America,47500176,belmont university,belmont university,school of sciences
United States of America,20132289,texas lutheran university,texas lutheran university,department of history
United States of America,61652871,mississippi valley state university,mississippi valley state university,college of arts and sciences
United States of America,61652871,mississippi valley state university,mississippi valley state university,college of education
United States of America,184565670,georgetown university,walsh school of foreign service,center for contemporary arab studies
United States of America,184565670,georgetown university,walsh school of foreign service,prince alwaleed center for muslim christian understanding
United States of America,184565670,georgetown university,georgetown university,department of economics
United States of America,184565670,georgetown university,georgetown university,department of english
United States of America,184565670,georgetown university,georgetown university,department of government
United States of America,184565670,georgetown university,georgetown university,department of history
United States of America,184565670,georgetown university,georgetown university,department of mathematics and statistics
United States of America,184565670,georgetown university,georgetown university,department of neurology
United States of America,184565670,georgetown university,georgetown university,department of oncology
United States of America,184565670,georgetown university,georgetown university,department of philosophy
United States of America,184565670,georgetown university,georgetown university,department of psychiatry
United States of America,184565670,georgetown university,georgetown university,department of psychology
United States of America,184565670,georgetown university,georgetown university,department of sociology
United States of America,184565670,georgetown university,georgetown university,department of biochemistry and molecular cellular biology
United States of America,184565670,georgetown university,georgetown university,walsh school of foreign service
United States of America,184565670,georgetown university,georgetown university,berkley center for religion peace and world affairs
United States of America,184565670,georgetown university,georgetown university,center on education and the workforce
United States of America,184565670,georgetown university,georgetown university,kennedy institute of ethics
United States of America,184565670,georgetown university,georgetown university,mortara center for international studies
United States of America,60065076,pacific lutheran university,pacific lutheran university,department of biology
United States of America,60065076,pacific lutheran university,pacific lutheran university,department of history
United States of America,60065076,pacific lutheran university,pacific lutheran university,department of psychology
United States of America,97577207,shaw university,shaw university,college of adult and professional education
United States of America,97577207,shaw university,shaw university,college of graduate and professional studies
United States of America,97577207,shaw university,shaw university,department of allied health professions
United States of America,161171246,west chester university of pennsylvania,west chester university of pennsylvania,college of arts and sciences
United States of America,161171246,west chester university of pennsylvania,west chester university of pennsylvania,department of anthropology and sociology
United States of America,161171246,west chester university of pennsylvania,west chester university of pennsylvania,department of economics and finance
United States of America,161171246,west chester university of pennsylvania,west chester university of pennsylvania,department of geology and astronomy
United States of America,161171246,west chester university of pennsylvania,west chester university of pennsylvania,department of psychology
United States of America,161171246,west chester university of pennsylvania,west chester university of pennsylvania,chemistry department
United States of America,142767807,st catherine university,st catherine university,saint catherine university department of chemistry
United States of America,142767807,st catherine university,st catherine university,saint catherine university department of economics
United States of America,142767807,st catherine university,st catherine university,saint catherine university school of business and professional studies
United States of America,142767807,st catherine university,st catherine university,saint catherine university school of humanities arts and sciences
United States of America,177308816,christopher newport university,christopher newport university,college of social sciences
United States of America,177308816,christopher newport university,christopher newport university,department of government
United States of America,17856709,bridgewater state university,bridgewater state university,college of humanities and social sciences
United States of America,17856709,bridgewater state university,bridgewater state university,department of chemical sciences
United States of America,17856709,bridgewater state university,bridgewater state university,department of english
United States of America,17856709,bridgewater state university,bridgewater state university,department of history
United States of America,31807967,mississippi university for women,mississippi university for women,college of arts and sciences
United States of America,31807967,mississippi university for women,mississippi university for women,college of business and professional studies
United States of America,31807967,mississippi university for women,mississippi university for women,college of education and human sciences
United States of America,31807967,mississippi university for women,mississippi university for women,department of speech language pathology
United States of America,9224006,st edward s university,st edward s university,saint edwards university school of humanities
United States of America,141448028,longwood university,longwood university,college of education and human services
United States of America,141448028,longwood university,longwood university,college of graduate and professional studies
United States of America,141448028,longwood university,longwood university,department of psychology
United States of America,75063564,tarleton state university,tarleton state university,department of medical laboratory sciences
United States of America,75063564,tarleton state university,tarleton state university,college of graduate studies
United States of America,75063564,tarleton state university,tarleton state university,college of science and technology
United States of America,106465526,university of mount union,university of mount union,department of communication
United States of America,201536842,niagara university,niagara university,college of arts and sciences
United States of America,201536842,niagara university,niagara university,college of education
United States of America,186776151,rider university,rider university,college of liberal arts education and sciences
United States of America,186776151,rider university,rider university,department of political science
United States of America,186776151,rider university,rider university,department of psychology
United States of America,186776151,rider university,rider university,school of education
United States of America,174612323,university of the district of columbia,university of the district of columbia,college of arts and sciences
United States of America,174612323,university of the district of columbia,university of the district of columbia,department of chemistry
United States of America,174612323,university of the district of columbia,university of the district of columbia,department of urban affairs social sciences and social work
United States of America,124727415,university of wisconsin eau claire,university of wisconsin eau claire,college of arts and sciences
United States of America,124727415,university of wisconsin eau claire,university of wisconsin eau claire,college of education and human sciences
United States of America,124727415,university of wisconsin eau claire,university of wisconsin eau claire,department of communication and journalism
United States of America,124727415,university of wisconsin eau claire,university of wisconsin eau claire,department of english
United States of America,124727415,university of wisconsin eau claire,university of wisconsin eau claire,department of geology
United States of America,124727415,university of wisconsin eau claire,university of wisconsin eau claire,department of music and theatre arts
United States of America,124727415,university of wisconsin eau claire,university of wisconsin eau claire,department of philosophy and religious studies
United States of America,124727415,university of wisconsin eau claire,university of wisconsin eau claire,department of psychology
United States of America,124727415,university of wisconsin eau claire,university of wisconsin eau claire,department of social work
United States of America,124727415,university of wisconsin eau claire,university of wisconsin eau claire,department of sociology
United States of America,183533211,university of wisconsin whitewater,university of wisconsin whitewater,college of arts and communication
United States of America,183533211,university of wisconsin whitewater,university of wisconsin whitewater,college of education
United States of America,183533211,university of wisconsin whitewater,university of wisconsin whitewater,college of letters and sciences
United States of America,183533211,university of wisconsin whitewater,university of wisconsin whitewater,department of chemistry
United States of America,183533211,university of wisconsin whitewater,university of wisconsin whitewater,department of communication
United States of America,183533211,university of wisconsin whitewater,university of wisconsin whitewater,department of economics
United States of America,183533211,university of wisconsin whitewater,university of wisconsin whitewater,department of educational foundations
United States of America,183533211,university of wisconsin whitewater,university of wisconsin whitewater,department of history
United States of America,183533211,university of wisconsin whitewater,university of wisconsin whitewater,department of political science
United States of America,183533211,university of wisconsin whitewater,university of wisconsin whitewater,department of social work
United States of America,183533211,university of wisconsin whitewater,university of wisconsin whitewater,department of sociology criminology and anthropology
United States of America,186415101,oklahoma baptist university,oklahoma baptist university,department of philosophy
United States of America,44948468,salem state university,salem state university,department of biology
United States of America,44948468,salem state university,salem state university,department of economics
United States of America,44948468,salem state university,salem state university,school of arts and sciences
United States of America,44948468,salem state university,salem state university,department of history
United States of America,12912129,northeastern university,northeastern university,college of arts media and design
United States of America,12912129,northeastern university,northeastern university,college of professional studies
United States of America,12912129,northeastern university,northeastern university,college of social science and humanities
United States of America,12912129,northeastern university,northeastern university,department of biology
United States of America,12912129,northeastern university,northeastern university,department of counseling and applied educational psychology
United States of America,12912129,northeastern university,northeastern university,department of earth and environmental sciences
United States of America,12912129,northeastern university,northeastern university,department of economics
United States of America,12912129,northeastern university,northeastern university,department of english
United States of America,12912129,northeastern university,northeastern university,department of mathematics
United States of America,12912129,northeastern university,northeastern university,department of psychology
United States of America,12912129,northeastern university,northeastern university,department of sociology and anthropology
United States of America,12912129,northeastern university,northeastern university,school of criminology and criminal justice
United States of America,12912129,northeastern university,northeastern university,school of health professions
United States of America,12912129,northeastern university,northeastern university,school of public policy and urban affairs
United States of America,12912129,northeastern university,northeastern university,department of chemistry
United States of America,12912129,northeastern university,northeastern university,department of history
United States of America,169251466,xavier university of louisiana,xavier university of louisiana,college of arts and sciences
United States of America,169251466,xavier university of louisiana,xavier university of louisiana,department of chemistry
United States of America,169251466,xavier university of louisiana,xavier university of louisiana,department of computer science and computer information systems
United States of America,169251466,xavier university of louisiana,xavier university of louisiana,department of public health sciences
United States of America,47251452,wake forest university,wake forest university,department of biology
United States of America,47251452,wake forest university,wake forest university,department of economics
United States of America,47251452,wake forest university,wake forest university,department of general internal medicine
United States of America,47251452,wake forest university,wake forest university,department of health and exercise science
United States of America,47251452,wake forest university,wake forest university,department of infectious diseases
United States of America,47251452,wake forest university,wake forest university,department of music
United States of America,47251452,wake forest university,wake forest university,department of neurology
United States of America,47251452,wake forest university,wake forest university,department of neurosurgery
United States of America,47251452,wake forest university,wake forest university,department of otolaryngology
United States of America,47251452,wake forest university,wake forest university,department of philosophy
United States of America,47251452,wake forest university,wake forest university,department of political science
United States of America,47251452,wake forest university,wake forest university,department of radiation oncology
United States of America,47251452,wake forest university,wake forest university,department of sociology
United States of America,47251452,wake forest university,wake forest school of medicine,department of biochemistry
United States of America,47251452,wake forest university,wake forest school of medicine,department of neurobiology and anatomy
United States of America,47251452,wake forest university,wake forest school of medicine,department of pathology
United States of America,47251452,wake forest university,wake forest school of medicine,department of physiology and pharmacology
United States of America,47251452,wake forest university,wake forest school of medicine,department of biomedical engineering
United States of America,47251452,wake forest university,wake forest school of medicine,department of cancer biology
United States of America,47251452,wake forest university,wake forest school of medicine,department of microbiology and immunology
United States of America,79839527,roger williams university,roger williams university,department of anthropology and sociology
United States of America,79839527,roger williams university,roger williams university,department of biology marine biology and environmental science
United States of America,79839527,roger williams university,roger williams university,department of history and american studies
United States of America,198985290,saint xavier university,saint xavier university,college of arts and sciences
United States of America,198985290,saint xavier university,saint xavier university,department of biological sciences
United States of America,198985290,saint xavier university,saint xavier university,department of psychology
United States of America,165951966,university of texas health science center at san antonio,university of texas health science center at san antonio,department of pharmacology
United States of America,155997454,university of evansville,university of evansville,department of psychology
United States of America,100633361,university of massachusetts dartmouth,university of massachusetts dartmouth,college of arts and sciences
United States of America,100633361,university of massachusetts dartmouth,university of massachusetts dartmouth,department of chemistry and biochemistry
United States of America,100633361,university of massachusetts dartmouth,university of massachusetts dartmouth,department of economics
United States of America,100633361,university of massachusetts dartmouth,university of massachusetts dartmouth,department of medical laboratory science
United States of America,100633361,university of massachusetts dartmouth,university of massachusetts dartmouth,department of mechanical engineering
United States of America,39587148,wichita state university,wichita state university,college of education
United States of America,39587148,wichita state university,wichita state university,college of fine arts
United States of America,39587148,wichita state university,wichita state university,college of health professions
United States of America,39587148,wichita state university,wichita state university,department of economics
United States of America,39587148,wichita state university,wichita state university,department of english
United States of America,39587148,wichita state university,wichita state university,department of history
United States of America,39587148,wichita state university,wichita state university,department of psychology
United States of America,39587148,wichita state university,wichita state university,department of public health sciences
United States of America,39587148,wichita state university,wichita state university,school of community affairs
United States of America,63772739,florida atlantic university,florida atlantic university,department of chemistry and biochemistry
United States of America,63772739,florida atlantic university,florida atlantic university,department of educational leadership and research methodology
United States of America,63772739,florida atlantic university,florida atlantic university,department of history
United States of America,63772739,florida atlantic university,florida atlantic university,department of languages linguistics and comparative literature
United States of America,63772739,florida atlantic university,florida atlantic university,department of mathematical sciences
United States of America,63772739,florida atlantic university,florida atlantic university,department of political science
United States of America,63772739,florida atlantic university,florida atlantic university,department of psychology
United States of America,63772739,florida atlantic university,florida atlantic university,school of communication and multimedia studies
United States of America,63772739,florida atlantic university,florida atlantic university,school of public administration
United States of America,63772739,florida atlantic university,florida atlantic university,school of social work
United States of America,63772739,florida atlantic university,florida atlantic university,school of the arts
United States of America,63772739,florida atlantic university,florida atlantic university,school of architecture
United States of America,63772739,florida atlantic university,florida atlantic university,school of urban and regional planning
United States of America,63772739,florida atlantic university,florida atlantic university,charles e schmidt college of science
United States of America,63772739,florida atlantic university,charles e schmidt college of science,department of biological sciences
United States of America,64880365,dillard university,dillard university,department of biology
United States of America,64880365,dillard university,dillard university,school of science technology engineering and mathematics
United States of America,4179309,park university,park university,school of graduate and professional studies
United States of America,4179309,park university,park university,college of liberal arts and sciences
United States of America,4179309,park university,park university,school for education
United States of America,311071055,grand canyon university,grand canyon university,college of arts and sciences
United States of America,311071055,grand canyon university,grand canyon university,college of education
United States of America,311071055,grand canyon university,grand canyon university,college of nursing and health care
United States of America,52064589,clark atlanta university,clark atlanta university,department of mathematical sciences
United States of America,52064589,clark atlanta university,clark atlanta university,school of arts and sciences
United States of America,157725225,university of illinois urbana ch aign,university of illinois urbana ch aign,university of illinois at urbana ch aign department of curriculum and instruction
United States of America,157725225,university of illinois urbana ch aign,university of illinois urbana ch aign,university of illinois at urbana ch aign department of educational psychology
United States of America,157725225,university of illinois urbana ch aign,university of illinois urbana ch aign,university of illinois at urbana ch aign department of education policy organization and leadership
United States of America,157725225,university of illinois urbana ch aign,university of illinois urbana ch aign,university of illinois at urbana ch aign department of kinesiology and community health
United States of America,157725225,university of illinois urbana ch aign,university of illinois urbana ch aign,university of illinois at urbana ch aign department of political science
United States of America,157725225,university of illinois urbana ch aign,university of illinois urbana ch aign,university of illinois at urbana ch aign department of psychology
United States of America,157725225,university of illinois urbana ch aign,university of illinois urbana ch aign,university of illinois at urbana ch aign department of recreation sport and tourism
United States of America,157725225,university of illinois urbana ch aign,university of illinois urbana ch aign,university of illinois at urbana ch aign department of statistics
United States of America,157725225,university of illinois urbana ch aign,university of illinois urbana ch aign,university of illinois at urbana ch aign department of urban and regional planning
United States of America,157725225,university of illinois urbana ch aign,university of illinois urbana ch aign,university of illinois at urbana ch aign school of architecture
United States of America,157725225,university of illinois urbana ch aign,university of illinois urbana ch aign,university of illinois at urbana ch aign school of art and design
United States of America,157725225,university of illinois urbana ch aign,university of illinois urbana ch aign,university of illinois at urbana ch aign school of labor and employment relations
United States of America,157725225,university of illinois urbana ch aign,university of illinois urbana ch aign,university of illinois college of medicine at peoria department of cancer biology and pharmacology
United States of America,157725225,university of illinois urbana ch aign,university of illinois urbana ch aign,university of illinois college of medicine at peoria department of medicine
United States of America,157725225,university of illinois urbana ch aign,university of illinois urbana ch aign,university of illinois at urbana ch aign department of agricultural and biological engineering
United States of America,157725225,university of illinois urbana ch aign,university of illinois urbana ch aign,university of illinois at urbana ch aign department of agricultural and consumer economics
United States of America,157725225,university of illinois urbana ch aign,university of illinois urbana ch aign,university of illinois at urbana ch aign department of animal biology
United States of America,157725225,university of illinois urbana ch aign,university of illinois urbana ch aign,university of illinois at urbana ch aign department of animal sciences
United States of America,157725225,university of illinois urbana ch aign,university of illinois urbana ch aign,university of illinois at urbana ch aign department of anthropology
United States of America,157725225,university of illinois urbana ch aign,university of illinois urbana ch aign,university of illinois at urbana ch aign department of atmospheric sciences
United States of America,157725225,university of illinois urbana ch aign,university of illinois urbana ch aign,university of illinois at urbana ch aign department of biochemistry
United States of America,157725225,university of illinois urbana ch aign,university of illinois urbana ch aign,university of illinois at urbana ch aign department of bioengineering
United States of America,157725225,university of illinois urbana ch aign,university of illinois urbana ch aign,university of illinois at urbana ch aign department of cell and developmental biology
United States of America,157725225,university of illinois urbana ch aign,university of illinois urbana ch aign,university of illinois at urbana ch aign department of chemistry
United States of America,157725225,university of illinois urbana ch aign,university of illinois urbana ch aign,university of illinois at urbana ch aign department of communication
United States of America,157725225,university of illinois urbana ch aign,university of illinois urbana ch aign,university of illinois at urbana ch aign department of crop sciences
United States of America,157725225,university of illinois urbana ch aign,university of illinois urbana ch aign,university of illinois at urbana ch aign department of dance
United States of America,157725225,university of illinois urbana ch aign,university of illinois urbana ch aign,university of illinois at urbana ch aign department of english
United States of America,157725225,university of illinois urbana ch aign,university of illinois urbana ch aign,university of illinois at urbana ch aign department of entomology
United States of America,157725225,university of illinois urbana ch aign,university of illinois urbana ch aign,university of illinois at urbana ch aign department of food science and human nutrition
United States of America,157725225,university of illinois urbana ch aign,university of illinois urbana ch aign,university of illinois at urbana ch aign department of geology
United States of America,157725225,university of illinois urbana ch aign,university of illinois urbana ch aign,university of illinois at urbana ch aign department of history
United States of America,157725225,university of illinois urbana ch aign,university of illinois urbana ch aign,university of illinois at urbana ch aign department of human and community development
United States of America,157725225,university of illinois urbana ch aign,university of illinois urbana ch aign,university of illinois at urbana ch aign department of linguistics
United States of America,157725225,university of illinois urbana ch aign,university of illinois urbana ch aign,university of illinois at urbana ch aign department of mathematics
United States of America,157725225,university of illinois urbana ch aign,university of illinois urbana ch aign,university of illinois at urbana ch aign department of microbiology
United States of America,157725225,university of illinois urbana ch aign,university of illinois urbana ch aign,university of illinois at urbana ch aign department of molecular and integrative physiology
United States of America,157725225,university of illinois urbana ch aign,university of illinois urbana ch aign,university of illinois at urbana ch aign department of natural resources and environmental sciences
United States of America,157725225,university of illinois urbana ch aign,university of illinois urbana ch aign,university of illinois at urbana ch aign department of philosophy
United States of America,157725225,university of illinois urbana ch aign,university of illinois urbana ch aign,university of illinois at urbana ch aign department of plant biology
United States of America,157725225,university of illinois urbana ch aign,university of illinois urbana ch aign,university of illinois at urbana ch aign department of sociology
United States of America,157725225,university of illinois urbana ch aign,university of illinois urbana ch aign,university of illinois at urbana ch aign department of theatre
United States of America,157725225,university of illinois urbana ch aign,university of illinois urbana ch aign,university of illinois at urbana ch aign department of the classics
United States of America,157725225,university of illinois urbana ch aign,university of illinois urbana ch aign,university of illinois at urbana ch aign school of chemical sciences
United States of America,157725225,university of illinois urbana ch aign,university of illinois urbana ch aign,university of illinois at urbana ch aign school of earth society and environment
United States of America,157725225,university of illinois urbana ch aign,university of illinois urbana ch aign,university of illinois at urbana ch aign school of integrative biology
United States of America,157725225,university of illinois urbana ch aign,university of illinois urbana ch aign,university of illinois at urbana ch aign school of literatures cultures and linguistics
United States of America,157725225,university of illinois urbana ch aign,university of illinois urbana ch aign,university of illinois at urbana ch aign school of molecular and cellular biology
United States of America,157725225,university of illinois urbana ch aign,university of illinois urbana ch aign,illinois school of music
United States of America,157725225,university of illinois urbana ch aign,university of illinois urbana ch aign,university of illinois at urbana ch aign school of social work
United States of America,157725225,university of illinois urbana ch aign,university of illinois urbana ch aign,department of african american studies
United States of America,157725225,university of illinois urbana ch aign,university of illinois urbana ch aign,department of physics
United States of America,157725225,university of illinois urbana ch aign,university of illinois urbana ch aign,uiuc college of agriculture consumer and environmental sciences
United States of America,157725225,university of illinois urbana ch aign,university of illinois urbana ch aign,uiuc college of media
United States of America,157725225,university of illinois urbana ch aign,grainger college of engineering,university of illinois department of computer science
United States of America,157725225,university of illinois urbana ch aign,grainger college of engineering,university of illinois department of mechanical science and engineering
United States of America,157725225,university of illinois urbana ch aign,grainger college of engineering,department of electrical and computer engineering university of illinois at urbana ch aign
United States of America,157725225,university of illinois urbana ch aign,grainger college of engineering,department of materials science and engineering university of illinois at urbana ch aign
United States of America,157725225,university of illinois urbana ch aign,grainger college of engineering,university of illinois department of civil and environmental engineering
United States of America,96408169,azusa pacific university,azusa pacific university,college of liberal arts and sciences
United States of America,96408169,azusa pacific university,azusa pacific university,department of graduate psychology
United States of America,96408169,azusa pacific university,azusa pacific university,department of psychology
United States of America,96408169,azusa pacific university,azusa pacific university,school of behavioral and applied sciences
United States of America,291402441,anderson university,anderson university,college of science and humanities
United States of America,291402441,anderson university,anderson university,college of the arts
United States of America,291402441,anderson university,anderson university,department of religious studies
United States of America,291402441,anderson university,anderson university,school of music theatre and dance
United States of America,291402441,anderson university,anderson university,school of theology
United States of America,131209590,antioch university new england,antioch university new england,department of clinical psychology
United States of America,104304262,antioch university seattle,antioch university seattle,school of applied psychology counseling and family therapy
United States of America,51204116,arcadia university,arcadia university,college of arts and sciences
United States of America,51204116,arcadia university,arcadia university,college of global studies
United States of America,51204116,arcadia university,arcadia university,college of health sciences
United States of America,51204116,arcadia university,arcadia university,department of biology
United States of America,51204116,arcadia university,arcadia university,department of physical therapy
United States of America,114660634,benedictine university,benedictine university,college of education and health services
United States of America,114660634,benedictine university,benedictine university,college of liberal arts
United States of America,114660634,benedictine university,benedictine university,college of science
United States of America,114660634,benedictine university,benedictine university,school of education
United States of America,114660634,benedictine university,benedictine university,school of health services
United States of America,63966007,massachusetts institute of technology,laboratory for nuclear science,mit center for theoretical physics
United States of America,63966007,massachusetts institute of technology,mit media lab,center for bits and atoms
United States of America,63966007,massachusetts institute of technology,mit school of humanities arts and social sciences,department of political science
United States of America,63966007,massachusetts institute of technology,mit school of humanities arts and social sciences,program in science technology and society
United States of America,63966007,massachusetts institute of technology,mit school of humanities arts and social sciences,program in women and gender studies
United States of America,63966007,massachusetts institute of technology,mit school of humanities arts and social sciences,department of linguistics and philosophy
United States of America,63966007,massachusetts institute of technology,mit school of humanities arts and social sciences,history section
United States of America,63966007,massachusetts institute of technology,mit school of humanities arts and social sciences,literature section
United States of America,63966007,massachusetts institute of technology,mit school of humanities arts and social sciences,music and theater arts section
United States of America,63966007,massachusetts institute of technology,mit school of humanities arts and social sciences,program in comparative media studies writing
United States of America,63966007,massachusetts institute of technology,mit school of humanities arts and social sciences,mit center for international studies
United States of America,63966007,massachusetts institute of technology,mit school of humanities arts and social sciences,mit department of economics
United States of America,63966007,massachusetts institute of technology,massachusetts institute of technology,women s laboratory
United States of America,63966007,massachusetts institute of technology,massachusetts institute of technology,mit computer science and artificial intelligence laboratory
United States of America,63966007,massachusetts institute of technology,massachusetts institute of technology,mit school of humanities arts and social sciences
United States of America,63966007,massachusetts institute of technology,massachusetts institute of technology,mit artificial intelligence laboratory
United States of America,63966007,massachusetts institute of technology,massachusetts institute of technology,mit school of architecture and planning
United States of America,63966007,massachusetts institute of technology,massachusetts institute of technology,school of science
United States of America,63966007,massachusetts institute of technology,massachusetts institute of technology,school of engineering
United States of America,63966007,massachusetts institute of technology,massachusetts institute of technology,school of humanities arts social science history faculty
United States of America,63966007,massachusetts institute of technology,mit physics department,mit center for theoretical physics
United States of America,63966007,massachusetts institute of technology,mit school of architecture and planning,department of architecture
United States of America,63966007,massachusetts institute of technology,mit school of architecture and planning,department of urban studies and planning
United States of America,63966007,massachusetts institute of technology,mit school of architecture and planning,center for real estate
United States of America,63966007,massachusetts institute of technology,school of science,department of biology
United States of America,63966007,massachusetts institute of technology,school of science,department of earth atmospheric and planetary sciences
United States of America,63966007,massachusetts institute of technology,school of science,laboratory for nuclear science
United States of America,63966007,massachusetts institute of technology,school of science,department of brain and cognitive sciences
United States of America,63966007,massachusetts institute of technology,school of science,mit biology department
United States of America,63966007,massachusetts institute of technology,school of science,mit chemistry department
United States of America,63966007,massachusetts institute of technology,school of science,mit mathematics department
United States of America,63966007,massachusetts institute of technology,school of science,mit physics department
United States of America,63966007,massachusetts institute of technology,school of engineering,department of aeronautics and astronautics
United States of America,63966007,massachusetts institute of technology,school of engineering,department of civil and environmental engineering
United States of America,63966007,massachusetts institute of technology,school of engineering,department of mechanical engineering
United States of America,63966007,massachusetts institute of technology,school of engineering,department of materials science and engineering
United States of America,63966007,massachusetts institute of technology,school of engineering,department of chemical engineering
United States of America,63966007,massachusetts institute of technology,school of engineering,department of biological engineering
United States of America,63966007,massachusetts institute of technology,school of engineering,department of nuclear science and engineering
United States of America,63966007,massachusetts institute of technology,school of engineering,center for transportation and logistics
United States of America,63966007,massachusetts institute of technology,school of engineering,department of ocean engineering
United States of America,63966007,massachusetts institute of technology,school of engineering,institute for data systems and society
United States of America,63966007,massachusetts institute of technology,school of engineering,mit electrical engineering and computer science department
United States of America,27804330,brown university,brown university,department of english
United States of America,27804330,brown university,brown university,department of earth environmental and planetary sciences
United States of America,107672454,dartmouth college,dartmouth college,department of english and creative writing
United States of America,107672454,dartmouth college,dartmouth college,department of classics
United States of America,107672454,dartmouth college,dartmouth college,department of religion
United States of America,107672454,dartmouth college,dartmouth college,department of english
United States of America,107672454,dartmouth college,dartmouth college,department of education
United States of America,107672454,dartmouth college,dartmouth college,department of history
United States of America,107672454,dartmouth college,dartmouth college,department of music
United States of America,107672454,dartmouth college,dartmouth college,department of sociology
United States of America,107672454,dartmouth college,dartmouth college,department of african and african american studies
United States of America,107672454,dartmouth college,dartmouth college,department of government
United States of America,107672454,dartmouth college,dartmouth college,department of biological sciences
United States of America,79576946,university of pennsylvania,perelman school of medicine at the,department of biochemistry and biophysics
United States of America,79576946,university of pennsylvania,perelman school of medicine at the,department of biostatistics epidemiology and informatics
United States of America,79576946,university of pennsylvania,perelman school of medicine at the,department of cancer biology
United States of America,79576946,university of pennsylvania,perelman school of medicine at the,department of cell and developmental biology
United States of America,79576946,university of pennsylvania,perelman school of medicine at the,department of genetics
United States of America,79576946,university of pennsylvania,perelman school of medicine at the,department of medical ethics and health policy
United States of America,79576946,university of pennsylvania,perelman school of medicine at the,department of microbiology
United States of America,79576946,university of pennsylvania,perelman school of medicine at the,department of systems pharmacology and translational therapeutics
United States of America,79576946,university of pennsylvania,perelman school of medicine at the,family medicine and community health
United States of America,79576946,university of pennsylvania,perelman school of medicine at the,division of cardiovascular medicine
United States of America,79576946,university of pennsylvania,perelman school of medicine at the,division of endocrinology diabetes and metabolism
United States of America,79576946,university of pennsylvania,perelman school of medicine at the,division of gastroenterology
United States of America,79576946,university of pennsylvania,perelman school of medicine at the,division of general internal medicine
United States of America,79576946,university of pennsylvania,perelman school of medicine at the,division of geriatrics
United States of America,79576946,university of pennsylvania,perelman school of medicine at the,division of hematology oncology
United States of America,79576946,university of pennsylvania,perelman school of medicine at the,division of infectious diseases
United States of America,79576946,university of pennsylvania,perelman school of medicine at the,paul f harron jr lung center
United States of America,79576946,university of pennsylvania,perelman school of medicine at the,division of renal electrolyte and hypertension
United States of America,79576946,university of pennsylvania,perelman school of medicine at the,division of rheumatology
United States of America,79576946,university of pennsylvania,perelman school of medicine at the,division of sleep medicine
United States of America,79576946,university of pennsylvania,perelman school of medicine at the,division of translational medicine and human genetics
United States of America,79576946,university of pennsylvania,perelman school of medicine at the,department of neurology
United States of America,79576946,university of pennsylvania,perelman school of medicine at the,department of neurosurgery
United States of America,79576946,university of pennsylvania,perelman school of medicine at the,department of ophthalmology
United States of America,79576946,university of pennsylvania,perelman school of medicine at the,department of obstetrics and gynecology
United States of America,79576946,university of pennsylvania,perelman school of medicine at the,department of orthopaedic surgery
United States of America,79576946,university of pennsylvania,perelman school of medicine at the,department of otorhinolaryngology head and neck surgery
United States of America,79576946,university of pennsylvania,perelman school of medicine at the,department of pathology and laboratory medicine
United States of America,79576946,university of pennsylvania,perelman school of medicine at the,department of pediatrics
United States of America,79576946,university of pennsylvania,perelman school of medicine at the,department of physical medicine and rehabilitation
United States of America,79576946,university of pennsylvania,perelman school of medicine at the,department of psychiatry
United States of America,79576946,university of pennsylvania,perelman school of medicine at the,department of radiation oncology
United States of America,79576946,university of pennsylvania,perelman school of medicine at the,department of radiology
United States of America,79576946,university of pennsylvania,perelman school of medicine at the,division of cardiovascular surgery
United States of America,79576946,university of pennsylvania,perelman school of medicine at the,division of colon and rectal surgery
United States of America,79576946,university of pennsylvania,perelman school of medicine at the,division of endocrine and oncologic surgery
United States of America,79576946,university of pennsylvania,perelman school of medicine at the,division of gastrointestinal surgery
United States of America,79576946,university of pennsylvania,perelman school of medicine at the,division of pediatric surgery
United States of America,79576946,university of pennsylvania,perelman school of medicine at the,division of plastic surgery
United States of America,79576946,university of pennsylvania,perelman school of medicine at the,division of thoracic surgery
United States of America,79576946,university of pennsylvania,perelman school of medicine at the,division of transplant surgery
United States of America,79576946,university of pennsylvania,perelman school of medicine at the,division of transplant surgery
United States of America,79576946,university of pennsylvania,perelman school of medicine at the,division of urology
United States of America,79576946,university of pennsylvania,perelman school of medicine at the,division of vascular surgery endovascular therapy
United States of America,79576946,university of pennsylvania,perelman school of medicine at the,penn medicine department of surgery
United States of America,79576946,university of pennsylvania,perelman school of medicine at the,division of pulmonary allergy and critical care
United States of America,79576946,university of pennsylvania,university of pennsylvania,department of medicine
United States of America,79576946,university of pennsylvania,university of pennsylvania,accounting department
United States of America,79576946,university of pennsylvania,university of pennsylvania,department of regional science
United States of America,79576946,university of pennsylvania,university of pennsylvania,wharton department of statistics and data science
United States of America,79576946,university of pennsylvania,university of pennsylvania,moore school of electrical engineering
United States of America,79576946,university of pennsylvania,graduate school of education,division of education policy
United States of America,79576946,university of pennsylvania,graduate school of education,division of educational linguistics
United States of America,79576946,university of pennsylvania,graduate school of education,higher education division
United States of America,79576946,university of pennsylvania,graduate school of education,division of human development quantitative methods
United States of America,79576946,university of pennsylvania,graduate school of education,division of literacy culture and international education
United States of America,79576946,university of pennsylvania,graduate school of education,division of teaching learning and leadership
United States of America,79576946,university of pennsylvania,school of arts and sciences,department of africana studies
United States of America,79576946,university of pennsylvania,school of arts and sciences,department of anthropology
United States of America,79576946,university of pennsylvania,school of arts and sciences,department of biology
United States of America,79576946,university of pennsylvania,school of arts and sciences,department of chemistry
United States of America,79576946,university of pennsylvania,school of arts and sciences,department of classical studies
United States of America,79576946,university of pennsylvania,school of arts and sciences,department of criminology
United States of America,79576946,university of pennsylvania,school of arts and sciences,department of english
United States of America,79576946,university of pennsylvania,school of arts and sciences,department of history
United States of America,79576946,university of pennsylvania,school of arts and sciences,department of history and sociology of science
United States of America,79576946,university of pennsylvania,school of arts and sciences,department of history of art
United States of America,79576946,university of pennsylvania,school of arts and sciences,department of linguistics
United States of America,79576946,university of pennsylvania,school of arts and sciences,department of mathematics
United States of America,79576946,university of pennsylvania,school of arts and sciences,department of music
United States of America,79576946,university of pennsylvania,school of arts and sciences,department of near eastern languages civilizations
United States of America,79576946,university of pennsylvania,school of arts and sciences,department of philosophy
United States of America,79576946,university of pennsylvania,school of arts and sciences,department of physics and astronomy
United States of America,79576946,university of pennsylvania,school of arts and sciences,department of political science
United States of America,79576946,university of pennsylvania,school of arts and sciences,department of psychology
United States of America,79576946,university of pennsylvania,school of arts and sciences,department of romance languages
United States of America,79576946,university of pennsylvania,school of arts and sciences,department of russian and east european studies
United States of America,79576946,university of pennsylvania,school of arts and sciences,department of sociology
United States of America,79576946,university of pennsylvania,school of arts and sciences,department of south asia studies
United States of America,79576946,university of pennsylvania,school of arts and sciences,department of earth and environmental science
United States of America,79576946,university of pennsylvania,school of arts and sciences,department of east asian languages civilizations
United States of America,79576946,university of pennsylvania,school of arts and sciences,economics department
United States of America,79576946,university of pennsylvania,school of dental medicine,department of basic and translational sciences
United States of America,79576946,university of pennsylvania,school of dental medicine,department of endodontics
United States of America,79576946,university of pennsylvania,school of dental medicine,department of oral medicine
United States of America,79576946,university of pennsylvania,school of dental medicine,department of oral and maxillofacial surgery and pharmacology
United States of America,79576946,university of pennsylvania,school of dental medicine,department of orthodontics
United States of America,79576946,university of pennsylvania,school of dental medicine,department of periodontics
United States of America,79576946,university of pennsylvania,school of dental medicine,department of preventive restorative sciences
United States of America,79576946,university of pennsylvania,school of dental medicine,division of community oral health
United States of America,79576946,university of pennsylvania,school of dental medicine,division of pediatric dentistry
United States of America,79576946,university of pennsylvania,school of dental medicine,division of restorative dentistry
United States of America,79576946,university of pennsylvania,school of engineering and applied science,department of bioengineering
United States of America,79576946,university of pennsylvania,school of engineering and applied science,department of chemical and biomolecular engineering
United States of America,79576946,university of pennsylvania,school of engineering and applied science,department of computer and information science
United States of America,79576946,university of pennsylvania,school of engineering and applied science,department of electrical and systems engineering
United States of America,79576946,university of pennsylvania,school of engineering and applied science,department of materials science and engineering
United States of America,79576946,university of pennsylvania,school of engineering and applied science,department of mechanical engineering and applied mechanics
United States of America,79576946,university of pennsylvania,school of nursing,department of family and community health
United States of America,79576946,university of pennsylvania,school of nursing,department of biobehavioral health sciences
United States of America,79576946,university of pennsylvania,school of veterinary medicine,department of biomedical sciences
United States of America,79576946,university of pennsylvania,school of veterinary medicine,department of clinical sciences advanced medicine
United States of America,79576946,university of pennsylvania,school of veterinary medicine,department of clinical studies new bolton center
United States of America,79576946,university of pennsylvania,school of veterinary medicine,department of pathobiology
United States of America,103531236,boston college,boston college,department of history
United States of America,6902469,brandeis university,department of biochemistry,graduate program in biochemistry and biophysics
United States of America,6902469,brandeis university,michtom school of computer science,graduate program in computational linguistics
United States of America,6902469,brandeis university,department of romance studies,interdepartmental program in italian studies
United States of America,6902469,brandeis university,education program,teacher leadership program
United States of America,6902469,brandeis university,brandeis university,college of arts and sciences
United States of America,6902469,brandeis university,brandeis university,department of biology
United States of America,6902469,brandeis university,brandeis university,department of chemistry
United States of America,6902469,brandeis university,brandeis university,department of economics
United States of America,6902469,brandeis university,brandeis university,department of english and american literature
United States of America,6902469,brandeis university,brandeis university,department of near eastern and judaic studies
United States of America,6902469,brandeis university,brandeis university,department of african and african american studies
United States of America,6902469,brandeis university,brandeis university,department of anthropology
United States of America,6902469,brandeis university,brandeis university,department of biochemistry
United States of America,6902469,brandeis university,brandeis university,department of classical studies
United States of America,6902469,brandeis university,brandeis university,department of fine arts
United States of America,6902469,brandeis university,brandeis university,department of mathematics
United States of America,6902469,brandeis university,brandeis university,martin a fisher school of physics
United States of America,6902469,brandeis university,brandeis university,michtom school of computer science
United States of America,6902469,brandeis university,brandeis university,department of music
United States of America,6902469,brandeis university,brandeis university,department of near eastern and judaic studies
United States of America,6902469,brandeis university,brandeis university,department of philosophy
United States of America,6902469,brandeis university,brandeis university,department of politics
United States of America,6902469,brandeis university,brandeis university,department of psychology
United States of America,6902469,brandeis university,brandeis university,department of romance studies
United States of America,6902469,brandeis university,brandeis university,department of sociology
United States of America,6902469,brandeis university,brandeis university,department of theatre arts
United States of America,6902469,brandeis university,brandeis university,department of women s gender and sexuality studies
United States of America,6902469,brandeis university,brandeis university,department of german russian and asian languages and literature
United States of America,6902469,brandeis university,brandeis university,american studies program
United States of America,6902469,brandeis university,brandeis university,hornstein jewish professional leadership program
United States of America,6902469,brandeis university,brandeis university,master s program in global studies
United States of America,6902469,brandeis university,brandeis university,education program
United States of America,6902469,brandeis university,brandeis university,graduate program in genetic counseling
United States of America,6902469,brandeis university,brandeis university,professional science master s program in biotechnology
United States of America,6902469,brandeis university,brandeis university,master of arts program in comparative humanities
United States of America,6902469,brandeis university,brandeis university,heller school for social policy and management sustainable international development program
United States of America,6902469,brandeis university,brandeis university,heller school for social policy and management conflict resolution and coexistence program
United States of America,6902469,brandeis university,brandeis university,heller school for social policy and management executive mba for physicians
United States of America,6902469,brandeis university,brandeis university,heller school for social policy and management master of science in global health policy and management
United States of America,6902469,brandeis university,brandeis university,heller school for social policy and management social impact mba
United States of America,6902469,brandeis university,brandeis university,heller school for social policy and management master of public policy
United States of America,6902469,brandeis university,brandeis university,film television and interactive media program
United States of America,6902469,brandeis university,brandeis university,comparative literature and culture program
United States of America,6902469,brandeis university,brandeis university,east asian studies program
United States of America,6902469,brandeis university,brandeis university,interdepartmental program in european cultural studies
United States of America,6902469,brandeis university,brandeis university,history of ideas program
United States of America,6902469,brandeis university,brandeis university,islamic and middle easter studies program
United States of America,6902469,brandeis university,brandeis university,latin american and latino studies program
United States of America,6902469,brandeis university,brandeis university,medieval and renaissance studies program
United States of America,6902469,brandeis university,brandeis university,religious studies program
United States of America,6902469,brandeis university,brandeis university,south asian studies program
United States of America,6902469,brandeis university,brandeis university,biological physics program
United States of America,6902469,brandeis university,brandeis university,business program
United States of America,6902469,brandeis university,brandeis university,environmental studies program
United States of America,6902469,brandeis university,brandeis university,health science society and policy program
United States of America,6902469,brandeis university,brandeis university,international and global studies program
United States of America,6902469,brandeis university,brandeis university,legal studies program
United States of America,6902469,brandeis university,brandeis university,peace conflict and coexistence studies program
United States of America,6902469,brandeis university,brandeis university,department of history
United States of America,100538780,wesleyan university,wesleyan university,department of art and art history
United States of America,100538780,wesleyan university,wesleyan university,department of economics
United States of America,100538780,wesleyan university,wesleyan university,department of english
United States of America,100538780,wesleyan university,wesleyan university,department of government
United States of America,100538780,wesleyan university,wesleyan university,department of history
United States of America,100538780,wesleyan university,wesleyan university,department of mathematics and computer science
United States of America,100538780,wesleyan university,wesleyan university,department of philosophy
United States of America,100538780,wesleyan university,wesleyan university,department of psychology
United States of America,100538780,wesleyan university,wesleyan university,department of sociology
United States of America,75350188,black hills state university,black hills state university,college of education and behavioral sciences
United States of America,75350188,black hills state university,black hills state university,school of behavioral science
United States of America,91045830,texas a m university,texas a m university,college of science
United States of America,91045830,texas a m university,texas a m university,texas a and m university department of landscape architecture and urban planning
United States of America,91045830,texas a m university,texas a m university,biomedical sciences program
United States of America,91045830,texas a m university,texas a m university,center for community health development
United States of America,91045830,texas a m university,texas a m university,college of agriculture and life sciences
United States of America,91045830,texas a m university,texas a m university,college of education and human development
United States of America,91045830,texas a m university,texas a m university,college of geosciences
United States of America,91045830,texas a m university,texas a m university,college of liberal arts
United States of America,91045830,texas a m university,texas a m university,commerce graduate school
United States of America,91045830,texas a m university,texas a m university,department of agricultural economics
United States of America,91045830,texas a m university,texas a m university,department of agricultural leadership education and communications
United States of America,91045830,texas a m university,texas a m university,department of animal science
United States of America,91045830,texas a m university,texas a m university,department of biochemistry and biophysics
United States of America,91045830,texas a m university,texas a m university,department of biological and agricultural engineering
United States of America,91045830,texas a m university,texas a m university,department of biology
United States of America,91045830,texas a m university,texas a m university,department of chemistry
United States of America,91045830,texas a m university,texas a m university,department of communication
United States of America,91045830,texas a m university,texas a m university,department of construction science
United States of America,91045830,texas a m university,texas a m university,department of economics
United States of America,91045830,texas a m university,texas a m university,department of ecosystem science and management
United States of America,91045830,texas a m university,texas a m university,department of educational administration and human resource development
United States of America,91045830,texas a m university,texas a m university,department of educational leadership
United States of America,91045830,texas a m university,texas a m university,department of educational psychology
United States of America,91045830,texas a m university,texas a m university,department of electrical and computing engineering
United States of America,91045830,texas a m university,texas a m university,department of english
United States of America,91045830,texas a m university,texas a m university,department of entomology
United States of America,91045830,texas a m university,texas a m university,department of epidemiology and biostatistics
United States of America,91045830,texas a m university,texas a m university,department of geology and geophysics
United States of America,91045830,texas a m university,texas a m university,department of health and kinesiology
United States of America,91045830,texas a m university,texas a m university,department of history
United States of America,91045830,texas a m university,texas a m university,department of horticultural sciences
United States of America,91045830,texas a m university,texas a m university,department of international studies
United States of America,91045830,texas a m university,texas a m university,department of mathematics
United States of America,91045830,texas a m university,texas a m university,department of mechanical engineering
United States of America,91045830,texas a m university,texas a m university,department of nutrition and food science
United States of America,91045830,texas a m university,texas a m university,department of oceanography
United States of America,91045830,texas a m university,texas a m university,department of performance studies
United States of America,91045830,texas a m university,texas a m university,department of philosophy
United States of America,91045830,texas a m university,texas a m university,department of physics and astronomy
United States of America,91045830,texas a m university,texas a m university,department of plant pathology and microbiology
United States of America,91045830,texas a m university,texas a m university,department of political science
United States of America,91045830,texas a m university,texas a m university,department of poultry science
United States of America,91045830,texas a m university,texas a m university,department of psychology
United States of America,91045830,texas a m university,texas a m university,department of recreation park and tourism sciences
United States of America,91045830,texas a m university,texas a m university,department of sociology
United States of America,91045830,texas a m university,texas a m university,department of soil and crop sciences
United States of America,91045830,texas a m university,texas a m university,department of statistics
United States of America,91045830,texas a m university,texas a m university,department of teaching learning and culture
United States of America,91045830,texas a m university,texas a m university,department of wildlife and fisheries sciences
United States of America,91045830,texas a m university,texas a m university,global program support
United States of America,91045830,texas a m university,texas a m university,graduate teaching academy
United States of America,91045830,texas a m university,texas a m university,health science center department of neuroscience and experimental therapeutics
United States of America,91045830,texas a m university,texas a m university,health sciences center school of graduate studies
United States of America,91045830,texas a m university,texas a m university,microscopy and imaging center
United States of America,91045830,texas a m university,texas a m university,department of civil and environmental engineering
United States of America,91045830,texas a m university,texas a m university,department of ocean engineering
United States of America,91045830,texas a m university,texas a m university,department of engineering technology and industrial distribution
United States of America,91045830,texas a m university,texas a m university,department of nuclear engineering
United States of America,91045830,texas a m university,texas a m university,department of information and operations management
United States of America,91045830,texas a m university,texas a m university,department of materials science and engineering
United States of America,91045830,texas a m university,texas a m university,department of aerospace engineering
United States of America,91045830,texas a m university,texas a m university,department of entomology
United States of America,91045830,texas a m university,texas a m university,bush school of government and public service
United States of America,86519309,university of texas at austin,university of texas at austin,department of american studies
United States of America,86519309,university of texas at austin,university of texas at austin,department of anthropology
United States of America,86519309,university of texas at austin,university of texas at austin,department of asian studies
United States of America,86519309,university of texas at austin,university of texas at austin,department of astronomy
United States of America,86519309,university of texas at austin,university of texas at austin,department of chemistry
United States of America,86519309,university of texas at austin,university of texas at austin,department of communication studies
United States of America,86519309,university of texas at austin,university of texas at austin,department of computer science
United States of America,86519309,university of texas at austin,university of texas at austin,department of curriculum and instruction
United States of America,86519309,university of texas at austin,university of texas at austin,department of economics
United States of America,86519309,university of texas at austin,university of texas at austin,department of educational administration
United States of America,86519309,university of texas at austin,university of texas at austin,department of educational psychology
United States of America,86519309,university of texas at austin,university of texas at austin,department of english
United States of America,86519309,university of texas at austin,university of texas at austin,department of geological sciences
United States of America,86519309,university of texas at austin,university of texas at austin,department of government
United States of America,86519309,university of texas at austin,university of texas at austin,department of history
United States of America,86519309,university of texas at austin,university of texas at austin,department of kinesiology and health education
United States of America,86519309,university of texas at austin,university of texas at austin,department of mathematics
United States of America,86519309,university of texas at austin,university of texas at austin,department of philosophy
United States of America,86519309,university of texas at austin,university of texas at austin,department of psychology
United States of America,86519309,university of texas at austin,university of texas at austin,department of rhetoric and writing
United States of America,86519309,university of texas at austin,university of texas at austin,department of sociology
United States of America,86519309,university of texas at austin,university of texas at austin,department of special education
United States of America,86519309,university of texas at austin,university of texas at austin,school of biological sciences
United States of America,86519309,university of texas at austin,university of texas at austin,school of human ecology
United States of America,86519309,university of texas at austin,university of texas at austin,school of journalism
United States of America,86519309,university of texas at austin,university of texas at austin,department of government
United States of America,86519309,university of texas at austin,university of texas at austin,college of natural sciences
United States of America,86519309,university of texas at austin,university of texas at austin,department of radio television film
United States of America,86519309,university of texas at austin,college of natural sciences,department of molecular biosciences
United States of America,5429594,fitchburg state university,fitchburg state university,department of economics history and political science
United States of America,5429594,fitchburg state university,fitchburg state university,department of humanities
United States of America,51504820,san josé state university,san josé state university,san jose state college department of physical education for women
United States of America,51504820,san josé state university,san josé state university,charles w davidson college of engineering
United States of America,136722135,claremont graduate university,claremont graduate university,department of cultural studies
United States of America,136722135,claremont graduate university,claremont graduate university,department of music
United States of America,136722135,claremont graduate university,claremont graduate university,department of politics and policy
United States of America,136722135,claremont graduate university,claremont graduate university,school of arts and humanities
United States of America,136722135,claremont graduate university,claremont graduate university,school of behavioral and organizational sciences
United States of America,136722135,claremont graduate university,claremont graduate university,school of mathematical sciences
United States of America,136722135,claremont graduate university,claremont graduate university,school of politics and economics
United States of America,102401767,university of arkansas at little rock,university of arkansas at little rock,college of arts humanities and social sciences
United States of America,102401767,university of arkansas at little rock,university of arkansas at little rock,college of professional studies
United States of America,102401767,university of arkansas at little rock,university of arkansas at little rock,college of science and mathematics
United States of America,102401767,university of arkansas at little rock,university of arkansas at little rock,department of applied science
United States of America,102401767,university of arkansas at little rock,university of arkansas at little rock,university of arkansas little rock department of psychology
United States of America,2613432,university of south florida,college of arts and sciences,school of geosciences
United States of America,2613432,university of south florida,university of south florida,college of arts and sciences
United States of America,2613432,university of south florida,university of south florida,honors college
United States of America,92063915,minot state university,minot state university,college of arts and sciences
United States of America,92063915,minot state university,minot state university,college of education and health sciences
United States of America,92063915,minot state university,minot state university,department of biology
United States of America,92063915,minot state university,minot state university,department of chemistry
United States of America,92063915,minot state university,minot state university,department of communication disorders
United States of America,33213144,university of florida,university of florida,health sciences center
United States of America,33213144,university of florida,university of florida,department of aging and geriatric research
United States of America,33213144,university of florida,university of florida,department of agricultural and biological engineering
United States of America,33213144,university of florida,university of florida,department of agronomy
United States of America,33213144,university of florida,university of florida,department of anesthesiology
United States of America,33213144,university of florida,university of florida,department of anthropology
United States of America,33213144,university of florida,university of florida,department of biochemistry and molecular biology
United States of America,33213144,university of florida,university of florida,department of biology
United States of America,33213144,university of florida,university of florida,department of biostatistics
United States of America,33213144,university of florida,university of florida,department of chemistry
United States of America,33213144,university of florida,university of florida,department of clinical and health psychology
United States of America,33213144,university of florida,university of florida,department of computer and information science and engineering
United States of America,33213144,university of florida,university of florida,department of economics
United States of America,33213144,university of florida,university of florida,department of educational psychology
United States of America,33213144,university of florida,university of florida,department of english
United States of America,33213144,university of florida,university of florida,department of entomology and nematology
United States of America,33213144,university of florida,university of florida,department of environmental and global health
United States of America,33213144,university of florida,university of florida,department of environmental horticulture
United States of America,33213144,university of florida,university of florida,department of epidemiology and health policy research
United States of America,33213144,university of florida,university of florida,department of fisheries and aquatic sciences
United States of America,33213144,university of florida,university of florida,department of health education and behavior
United States of America,33213144,university of florida,university of florida,department of health services research management and policy
United States of America,33213144,university of florida,university of florida,department of history
United States of America,33213144,university of florida,university of florida,department of horticultural sciences
United States of America,33213144,university of florida,university of florida,department of medicine
United States of America,33213144,university of florida,university of florida,department of microbiology and cell science
United States of America,33213144,university of florida,university of florida,department of molecular genetics and microbiology
United States of America,33213144,university of florida,university of florida,department of neurology
United States of America,33213144,university of florida,university of florida,department of neuroscience
United States of America,33213144,university of florida,university of florida,department of obstetrics and gynecology
United States of America,33213144,university of florida,university of florida,department of occupational therapy
United States of America,33213144,university of florida,university of florida,department of ophthalmology
United States of America,33213144,university of florida,university of florida,department of orthopaedics and rehabilitation
United States of America,33213144,university of florida,university of florida,department of pathology immunology and laboratory medicine
United States of America,33213144,university of florida,university of florida,department of pediatrics
United States of America,33213144,university of florida,university of florida,department of philosophy
United States of America,33213144,university of florida,university of florida,department of physiology and functional genomics
United States of America,33213144,university of florida,university of florida,department of plant pathology
United States of America,33213144,university of florida,university of florida,department of political science
United States of America,33213144,university of florida,university of florida,department of psychology
United States of America,33213144,university of florida,university of florida,department of religion
United States of America,33213144,university of florida,university of florida,department of sociology criminology and law
United States of America,33213144,university of florida,university of florida,department of speech language and hearing sciences
United States of America,33213144,university of florida,university of florida,department of statistics
United States of America,33213144,university of florida,university of florida,department of urban and regional planning
United States of America,33213144,university of florida,university of florida,school of art and art history
United States of America,33213144,university of florida,university of florida,school of forest resources and conservation
United States of America,33213144,university of florida,university of florida,school of human development and organizational studies in education
United States of America,33213144,university of florida,university of florida,school of theatre and dance
United States of America,33213144,university of florida,university of florida,department of community health and family medicine
United States of America,166088655,montclair state university,montclair state university,college of education and human services
United States of America,166088655,montclair state university,montclair state university,college of humanities and social sciences
United States of America,166088655,montclair state university,montclair state university,college of science and mathematics
United States of America,166088655,montclair state university,montclair state university,department of anthropology
United States of America,166088655,montclair state university,montclair state university,department of biology and molecular biology
United States of America,166088655,montclair state university,montclair state university,department of chemistry and biochemistry
United States of America,166088655,montclair state university,montclair state university,department of history
United States of America,166088655,montclair state university,montclair state university,department of mathematical sciences
United States of America,166088655,montclair state university,montclair state university,department of sociology
United States of America,153338809,regent university,regent university,college of arts and sciences
United States of America,153338809,regent university,regent university,department of biblical studies and christian ministry
United States of America,153338809,regent university,regent university,school of communication and the arts
United States of America,153338809,regent university,regent university,school of divinity
United States of America,153338809,regent university,regent university,school of psychology and counseling
United States of America,138006243,university of arizona,university of arizona,department of basic medical sciences
United States of America,138006243,university of arizona,university of arizona,college of agriculture and life sciences
United States of America,138006243,university of arizona,university of arizona,college of architecture and landscape architecture
United States of America,138006243,university of arizona,university of arizona,college of education
United States of America,138006243,university of arizona,university of arizona,college of fine arts
United States of America,138006243,university of arizona,university of arizona,college of humanities
United States of America,138006243,university of arizona,university of arizona,college of medicine at south c us graduate medical education
United States of America,138006243,university of arizona,university of arizona,college of social and behavioral sciences
United States of America,138006243,university of arizona,university of arizona,department of agricultural and resource economics
United States of America,138006243,university of arizona,university of arizona,department of anesthesiology
United States of America,138006243,university of arizona,university of arizona,department of communication
United States of America,138006243,university of arizona,university of arizona,department of computer science
United States of America,138006243,university of arizona,university of arizona,department of disability and psychoeducational studies
United States of America,138006243,university of arizona,university of arizona,department of ecology and evolutionary biology
United States of America,138006243,university of arizona,university of arizona,department of economics
United States of America,138006243,university of arizona,university of arizona,department of educational psychology
United States of America,138006243,university of arizona,university of arizona,department of english
United States of America,138006243,university of arizona,university of arizona,department of entomology
United States of America,138006243,university of arizona,university of arizona,department of family and community medicine
United States of America,138006243,university of arizona,university of arizona,department of gender and women s studies
United States of America,138006243,university of arizona,university of arizona,department of geosciences
United States of America,138006243,university of arizona,university of arizona,department of history
United States of America,138006243,university of arizona,university of arizona,department of hydrology and water resources
United States of America,138006243,university of arizona,university of arizona,department of immunobiology
United States of America,138006243,university of arizona,university of arizona,department of linguistics
United States of America,138006243,university of arizona,university of arizona,department of mathematics
United States of America,138006243,university of arizona,university of arizona,department of medicine
United States of America,138006243,university of arizona,university of arizona,department of molecular and cellular biology
United States of America,138006243,university of arizona,university of arizona,department of neurology
United States of America,138006243,university of arizona,university of arizona,department of neuroscience
United States of America,138006243,university of arizona,university of arizona,department of ophthalmology and vision science
United States of America,138006243,university of arizona,university of arizona,department of orthopaedic surgery
United States of America,138006243,university of arizona,university of arizona,department of philosophy
United States of America,138006243,university of arizona,university of arizona,department of physiology
United States of America,138006243,university of arizona,university of arizona,department of planetary sciences and lunar and planetary laboratory
United States of America,138006243,university of arizona,university of arizona,department of psychiatry
United States of America,138006243,university of arizona,university of arizona,department of psychology
United States of America,138006243,university of arizona,university of arizona,department of radiation oncology
United States of America,138006243,university of arizona,university of arizona,department of sociology
United States of America,138006243,university of arizona,university of arizona,department of soil water and environmental science
United States of America,138006243,university of arizona,university of arizona,department of surgery
United States of America,138006243,university of arizona,university of arizona,department of teaching learning and sociocultural studies
United States of America,138006243,university of arizona,university of arizona,school of anthropology
United States of America,138006243,university of arizona,university of arizona,school of architecture
United States of America,138006243,university of arizona,university of arizona,school of geography and development
United States of America,138006243,university of arizona,university of arizona,school of government and public policy
United States of America,138006243,university of arizona,university of arizona,school of landscape architecture and planning
United States of America,138006243,university of arizona,university of arizona,school of middle eastern and north african studies
United States of America,138006243,university of arizona,university of arizona,school of natural resources and the environment
United States of America,138006243,university of arizona,university of arizona,school of plant sciences
United States of America,138006243,university of arizona,university of arizona,college of applied science and technology
United States of America,138006243,university of arizona,university of arizona,college of science
United States of America,139787848,capital university,capital university,department of chemistry and biochemistry
United States of America,139787848,capital university,capital university,school of natural sciences nursing and health
United States of America,2799856468,cincinnati christian university,cincinnati christian university,department of behavioral sciences
United States of America,2799856468,cincinnati christian university,cincinnati christian university,school of education and behavioral sciences
United States of America,199172307,columbus state university,columbus state university,college of education and health professions
United States of America,199172307,columbus state university,columbus state university,college of letters and science
United States of America,199172307,columbus state university,columbus state university,department of political science
United States of America,21332779,dakota wesleyan university,dakota wesleyan university,college of healthcare fitness and sciences
United States of America,48555384,dallas baptist university,dallas baptist university,college of humanities and social sciences
United States of America,48555384,dallas baptist university,dallas baptist university,college of natural sciences and mathematics
United States of America,146416000,university of kansas,university of kansas,department of biochemistry and molecular biology
United States of America,146416000,university of kansas,university of kansas,department of history and philosophy of medicine
United States of America,146416000,university of kansas,university of kansas,department of molecular and integrative physiology
United States of America,146416000,university of kansas,university of kansas,department of neurology
United States of America,146416000,university of kansas,university of kansas,department of obstetrics and gynecology
United States of America,146416000,university of kansas,university of kansas,department of pathology and laboratory medicine
United States of America,146416000,university of kansas,university of kansas,department of pharmacology toxicology and therapeutics
United States of America,146416000,university of kansas,university of kansas,department of preventive medicine and public health
United States of America,146416000,university of kansas,university of kansas,department of psychiatry and behavioral sciences
United States of America,146416000,university of kansas,university of kansas,college of liberal arts and sciences
United States of America,146416000,university of kansas,university of kansas,department of anthropology
United States of America,146416000,university of kansas,university of kansas,department of applied behavioral science
United States of America,146416000,university of kansas,university of kansas,department of communication studies
United States of America,146416000,university of kansas,university of kansas,department of curriculum and teaching
United States of America,146416000,university of kansas,university of kansas,department of ecology and evolutionary biology
United States of America,146416000,university of kansas,university of kansas,department of economics
United States of America,146416000,university of kansas,university of kansas,department of educational leadership and policy studies
United States of America,146416000,university of kansas,university of kansas,department of electrical engineering and computer science
United States of America,146416000,university of kansas,university of kansas,department of english
United States of America,146416000,university of kansas,university of kansas,department of geology
United States of America,146416000,university of kansas,university of kansas,department of history
United States of America,146416000,university of kansas,university of kansas,department of mathematics
United States of America,146416000,university of kansas,university of kansas,department of philosophy
United States of America,146416000,university of kansas,university of kansas,department of political science
United States of America,146416000,university of kansas,university of kansas,department of psychology
United States of America,146416000,university of kansas,university of kansas,department of psychology and research in education
United States of America,146416000,university of kansas,university of kansas,department of religious studies
United States of America,146416000,university of kansas,university of kansas,department of special education
United States of America,146416000,university of kansas,university of kansas,department of speech language hearing
United States of America,146416000,university of kansas,university of kansas,department of urban planning
United States of America,146416000,university of kansas,university of kansas,school of education
United States of America,146416000,university of kansas,university of kansas,school of public affairs and administration
United States of America,146416000,university of kansas,university of kansas,school of social welfare
United States of America,146416000,university of kansas,university of kansas,department of family and community medicine
United States of America,146416000,university of kansas,university of kansas,school of medicine wichita
United States of America,146416000,university of kansas,university of kansas,department of journalism
United States of America,146416000,university of kansas,university of kansas,department of sociology
United States of America,94975175,des moines university,des moines university,college of health sciences
United States of America,87213936,drake university,drake university,college of arts and sciences
United States of America,87213936,drake university,drake university,department of history
United States of America,87213936,drake university,drake university,school of education
United States of America,79060951,east stroudsburg university of pennsylvania,east stroudsburg university of pennsylvania,east stroudsburg university college of arts and sciences
United States of America,79060951,east stroudsburg university of pennsylvania,east stroudsburg university of pennsylvania,east stroudsburg university department of biological sciences
United States of America,79060951,east stroudsburg university of pennsylvania,east stroudsburg university of pennsylvania,east stroudsburg university department of history
United States of America,79060951,east stroudsburg university of pennsylvania,east stroudsburg university of pennsylvania,east stroudsburg university faculty of arts and letters
United States of America,79060951,east stroudsburg university of pennsylvania,east stroudsburg university of pennsylvania,east stroudsburg university faculty of science
United States of America,79060951,east stroudsburg university of pennsylvania,east stroudsburg university of pennsylvania,east stroudsburg university faculty of social sciences
United States of America,41644977,angelo state university,angelo state university,college of health and human services
United States of America,41644977,angelo state university,angelo state university,department of psychology sociology and social work
United States of America,967637,gannon university,gannon university,college of humanities education and social sciences
United States of America,967637,gannon university,gannon university,department of psychology
United States of America,25041050,augusta university,augusta university,georgia regents university college of allied health sciences
United States of America,25041050,augusta university,augusta university,georgia regents university college of education
United States of America,25041050,augusta university,augusta university,georgia regents university college of graduate studies
United States of America,25041050,augusta university,augusta university,georgia regents university department of anesthesiology and perioperative medicine
United States of America,25041050,augusta university,augusta university,georgia regents university department of biostatistics and epidemiology
United States of America,25041050,augusta university,augusta university,georgia regents university department of cellular biology and anatomy
United States of America,25041050,augusta university,augusta university,georgia regents university department of health management and informatics
United States of America,25041050,augusta university,augusta university,georgia regents university department of medicine
United States of America,25041050,augusta university,augusta university,georgia regents university department of neurology
United States of America,25041050,augusta university,augusta university,georgia regents university department of orthopaedic surgery
United States of America,25041050,augusta university,augusta university,georgia regents university department of physiology
United States of America,47301684,illinois state university,college of applied science and technology,department of agriculture
United States of America,47301684,illinois state university,college of applied science and technology,department of criminal justice sciences
United States of America,47301684,illinois state university,college of applied science and technology,department of family and consumer sciences
United States of America,47301684,illinois state university,college of applied science and technology,department of health sciences
United States of America,47301684,illinois state university,college of applied science and technology,school of information technology
United States of America,47301684,illinois state university,college of applied science and technology,school of kinesiology and recreation
United States of America,47301684,illinois state university,college of applied science and technology,department of military science
United States of America,47301684,illinois state university,college of applied science and technology,department of technology
United States of America,47301684,illinois state university,college of arts sciences,school of biological sciences
United States of America,47301684,illinois state university,college of arts sciences,department of chemistry
United States of America,47301684,illinois state university,college of arts sciences,school of communication
United States of America,47301684,illinois state university,college of arts sciences,department of communication sciences and disorders
United States of America,47301684,illinois state university,college of arts sciences,department of economics
United States of America,47301684,illinois state university,college of arts sciences,department of english
United States of America,47301684,illinois state university,college of arts sciences,department of history
United States of America,47301684,illinois state university,college of arts sciences,department of languages literatures and cultures
United States of America,47301684,illinois state university,college of arts sciences,department of mathematics
United States of America,47301684,illinois state university,college of arts sciences,department of philosophy
United States of America,47301684,illinois state university,college of arts sciences,department of physics
United States of America,47301684,illinois state university,college of arts sciences,department of politics and government
United States of America,47301684,illinois state university,college of arts sciences,department of psychology
United States of America,47301684,illinois state university,college of arts sciences,school of social work
United States of America,47301684,illinois state university,college of business,department of accounting
United States of America,47301684,illinois state university,college of business,department of finance insurance and law
United States of America,47301684,illinois state university,college of business,department of management and quantitative methods
United States of America,47301684,illinois state university,college of business,department of marketing
United States of America,47301684,illinois state university,college of education,school of teaching and learning
United States of America,47301684,illinois state university,college of education,department of educational administration and foundations
United States of America,47301684,illinois state university,college of education,department of special education
United States of America,47301684,illinois state university,college of education,department of curriculum and instruction
United States of America,47301684,illinois state university,wonsook kim college of fine arts,wonsook kim school of art
United States of America,47301684,illinois state university,wonsook kim college of fine arts,school of music
United States of America,47301684,illinois state university,wonsook kim college of fine arts,school of theatre dance and film
United States of America,47301684,illinois state university,illinois state university,school of art
United States of America,47301684,illinois state university,illinois state university,school of theatre
United States of America,47301684,illinois state university,illinois state university,college of applied science and technology
United States of America,47301684,illinois state university,illinois state university,college of arts sciences
United States of America,47301684,illinois state university,illinois state university,college of business
United States of America,47301684,illinois state university,illinois state university,college of education
United States of America,47301684,illinois state university,illinois state university,wonsook kim college of fine arts
United States of America,47301684,illinois state university,illinois state university,mennonite college of nursing
United States of America,152158401,grambling state university,grambling state university,college of professional and graduate studies
United States of America,152158401,grambling state university,grambling state university,department of mass communication
United States of America,114250311,rockhurst university,rockhurst university,college of arts and sciences
United States of America,114250311,rockhurst university,rockhurst university,department of psychology
United States of America,114250311,rockhurst university,rockhurst university,school of graduate and professional studies
United States of America,98865867,lindenwood university,lindenwood university,department of biology
United States of America,98865867,lindenwood university,lindenwood university,school of sciences
United States of America,76835614,university of missouri,university of missouri,columbia college of agriculture food and natural resources
United States of America,76835614,university of missouri,university of missouri,columbia college of arts and science
United States of America,76835614,university of missouri,university of missouri,columbia college of education
United States of America,76835614,university of missouri,university of missouri,columbia college of human environmental sciences
United States of America,76835614,university of missouri,university of missouri,columbia department of anesthesiology
United States of America,76835614,university of missouri,university of missouri,columbia department of anthropology
United States of America,76835614,university of missouri,university of missouri,columbia department of architectural studies
United States of America,76835614,university of missouri,university of missouri,columbia department of art
United States of America,76835614,university of missouri,university of missouri,columbia department of biomedical sciences
United States of America,76835614,university of missouri,university of missouri,columbia department of chemistry
United States of America,76835614,university of missouri,university of missouri,columbia department of classical studies
United States of America,76835614,university of missouri,university of missouri,columbia department of communication
United States of America,76835614,university of missouri,university of missouri,columbia department of department of art history and archaeology
United States of America,76835614,university of missouri,university of missouri,columbia department of economics
United States of America,76835614,university of missouri,university of missouri,columbia department of educational leadership and policy analysis
United States of America,76835614,university of missouri,university of missouri,columbia department of english
United States of America,76835614,university of missouri,university of missouri,columbia department of family and community medicine
United States of America,76835614,university of missouri,university of missouri,columbia department of geography
United States of America,76835614,university of missouri,university of missouri,columbia department of geological sciences
United States of America,76835614,university of missouri,university of missouri,columbia department of german and russian studies
United States of America,76835614,university of missouri,university of missouri,columbia department of health management and informatics
United States of America,76835614,university of missouri,university of missouri,columbia department of health psychology
United States of America,76835614,university of missouri,university of missouri,columbia department of history
United States of America,76835614,university of missouri,university of missouri,columbia department of internal medicine
United States of America,76835614,university of missouri,university of missouri,columbia department of learning teaching and curriculum
United States of America,76835614,university of missouri,university of missouri,columbia department of mathematics
United States of America,76835614,university of missouri,university of missouri,columbia department of medical pharmacology and physiology
United States of America,76835614,university of missouri,university of missouri,columbia department of molecular microbiology and immunology
United States of America,76835614,university of missouri,university of missouri,columbia department of neurology
United States of America,76835614,university of missouri,university of missouri,columbia department of nutrition and exercise physiology
United States of America,76835614,university of missouri,university of missouri,columbia department of obstetrics gynecology and women s health
United States of America,76835614,university of missouri,university of missouri,columbia department of ophthalmology
United States of America,76835614,university of missouri,university of missouri,columbia department of orthopaedic surgery
United States of America,76835614,university of missouri,university of missouri,columbia department of pathology and anatomical sciences
United States of America,76835614,university of missouri,university of missouri,columbia department of personal financial planning
United States of America,76835614,university of missouri,university of missouri,columbia department of philosophy
United States of America,76835614,university of missouri,university of missouri,columbia department of physical medicine and rehabilitation
United States of America,76835614,university of missouri,university of missouri,columbia department of physics and astronomy
United States of America,76835614,university of missouri,university of missouri,columbia department of political science
United States of America,76835614,university of missouri,university of missouri,columbia department of psychological sciences
United States of America,76835614,university of missouri,university of missouri,columbia department of radiology
United States of America,76835614,university of missouri,university of missouri,columbia department of religious studies
United States of America,76835614,university of missouri,university of missouri,columbia department of romance languages and literatures
United States of America,76835614,university of missouri,university of missouri,columbia department of sociology
United States of America,76835614,university of missouri,university of missouri,columbia department of special education
United States of America,76835614,university of missouri,university of missouri,columbia department of statistics
United States of America,76835614,university of missouri,university of missouri,columbia department of surgery
United States of America,76835614,university of missouri,university of missouri,columbia department of textile and apparel management
United States of America,76835614,university of missouri,university of missouri,columbia department of theatre
United States of America,76835614,university of missouri,university of missouri,columbia department of women s and gender studies
United States of America,76835614,university of missouri,university of missouri,columbia school of health professions
United States of America,76835614,university of missouri,university of missouri,columbia school of information science and learning technologies
United States of America,76835614,university of missouri,university of missouri,columbia school of music
United States of America,76835614,university of missouri,university of missouri,columbia school of social work
United States of America,12524447,seton hall university,seton hall university,college of education and human services
United States of America,12524447,seton hall university,seton hall university,department of chemistry and biochemistry
United States of America,12524447,seton hall university,seton hall university,department of history
United States of America,12524447,seton hall university,seton hall university,department of professional psychology and family therapy
United States of America,12524447,seton hall university,seton hall university,department of psychology
United States of America,12524447,seton hall university,seton hall university,school of health and medical sciences
United States of America,140636472,hope international university,hope international university,college of psychology and counseling
United States of America,140636472,hope international university,hope international university,department of psychology
United States of America,91083438,fort hays state university,fort hays state university,college of arts and sciences
United States of America,91083438,fort hays state university,fort hays state university,college of health and life sciences
United States of America,91083438,fort hays state university,fort hays state university,department of communication disorders
United States of America,91083438,fort hays state university,fort hays state university,department of geosciences
United States of America,162817326,indiana university purdue university fort wayne,indiana university purdue university fort wayne,indiana university purdue university at fort wayne college of arts and sciences
United States of America,162817326,indiana university purdue university fort wayne,indiana university purdue university fort wayne,indiana university purdue university at fort wayne college of education and public policy
United States of America,162817326,indiana university purdue university fort wayne,indiana university purdue university fort wayne,indiana university purdue university at fort wayne college of health and human services
United States of America,162817326,indiana university purdue university fort wayne,indiana university purdue university fort wayne,indiana university purdue university at fort wayne department of anthropology
United States of America,162817326,indiana university purdue university fort wayne,indiana university purdue university fort wayne,indiana university purdue university at fort wayne department of biology
United States of America,162817326,indiana university purdue university fort wayne,indiana university purdue university fort wayne,indiana university purdue university at fort wayne department of public policy
United States of America,162817326,indiana university purdue university fort wayne,indiana university purdue university fort wayne,indiana university purdue university at fort wayne department of radiography
United States of America,162817326,indiana university purdue university fort wayne,indiana university purdue university fort wayne,department of economics
United States of America,72816309,drexel university,drexel university,college of computer and informatics
United States of America,72816309,drexel university,drexel university,college of medicine department of microbiology and immunology
United States of America,72816309,drexel university,drexel university,department of biochemistry and molecular biology
United States of America,72816309,drexel university,drexel university,department of biology
United States of America,72816309,drexel university,drexel university,department of culture and communication
United States of America,72816309,drexel university,drexel university,department of economics and international business
United States of America,72816309,drexel university,drexel university,department of environmental and occupational health
United States of America,72816309,drexel university,drexel university,department of epidemiology and biostatistics
United States of America,72816309,drexel university,drexel university,department of mathematics
United States of America,72816309,drexel university,drexel university,department of neurobiology and anatomy
United States of America,72816309,drexel university,drexel university,department of neurology
United States of America,72816309,drexel university,drexel university,department of pathology and laboratory medicine
United States of America,72816309,drexel university,drexel university,department of psychiatry
United States of America,72816309,drexel university,drexel university,department of psychology
United States of America,72816309,drexel university,drexel university,school of biomedical engineering science and health systems
United States of America,72816309,drexel university,drexel university,school of technology and professional studies
United States of America,58610484,seattle university,seattle university,department of criminal justice
United States of America,58610484,seattle university,seattle university,department of economics
United States of America,58610484,seattle university,seattle university,department of psychology
United States of America,58610484,seattle university,seattle university,school of theology and ministry
United States of America,430192,appalachian state university,appalachian state university,college of arts and sciences
United States of America,430192,appalachian state university,appalachian state university,college of fine and applied arts
United States of America,430192,appalachian state university,appalachian state university,department of economics
United States of America,430192,appalachian state university,appalachian state university,department of government and justice studies
United States of America,430192,appalachian state university,appalachian state university,department of history
United States of America,430192,appalachian state university,appalachian state university,department of philosophy and religion
United States of America,186143895,lehigh university,lehigh university,college of arts and sciences
United States of America,186143895,lehigh university,lehigh university,college of education
United States of America,186143895,lehigh university,lehigh university,department of biological sciences
United States of America,186143895,lehigh university,lehigh university,department of chemistry
United States of America,186143895,lehigh university,lehigh university,department of english
United States of America,186143895,lehigh university,lehigh university,department of history
United States of America,186143895,lehigh university,lehigh university,department of journalism and communication
United States of America,186143895,lehigh university,lehigh university,department of mathematics
United States of America,186143895,lehigh university,lehigh university,department of philosophy
United States of America,186143895,lehigh university,lehigh university,p c rossin college of engineering and applied science
United States of America,36258959,university of california san diego,university of california san diego,department of cellular and molecular medicine
United States of America,36258959,university of california san diego,university of california san diego,department of chemistry and biochemistry
United States of America,36258959,university of california san diego,university of california san diego,department of cognitive science
United States of America,36258959,university of california san diego,university of california san diego,department of communication
United States of America,36258959,university of california san diego,university of california san diego,department of economics
United States of America,36258959,university of california san diego,university of california san diego,department of family and preventive medicine
United States of America,36258959,university of california san diego,university of california san diego,department of history
United States of America,36258959,university of california san diego,university of california san diego,department of linguistics
United States of America,36258959,university of california san diego,university of california san diego,department of literature
United States of America,36258959,university of california san diego,university of california san diego,department of medicine
United States of America,36258959,university of california san diego,university of california san diego,department of music
United States of America,36258959,university of california san diego,university of california san diego,department of neurosciences
United States of America,36258959,university of california san diego,university of california san diego,department of pathology
United States of America,36258959,university of california san diego,university of california san diego,department of pediatrics
United States of America,36258959,university of california san diego,university of california san diego,department of philosophy
United States of America,36258959,university of california san diego,university of california san diego,department of political science
United States of America,36258959,university of california san diego,university of california san diego,department of psychiatry
United States of America,36258959,university of california san diego,university of california san diego,department of psychology
United States of America,36258959,university of california san diego,university of california san diego,department of sociology
United States of America,36258959,university of california san diego,university of california san diego,department of theatre and dance
United States of America,36258959,university of california san diego,university of california san diego,school of international relations and pacific studies
United States of America,36258959,university of california san diego,university of california san diego,department of radiology
United States of America,36258959,university of california san diego,university of california san diego,department of reproductive medicine
United States of America,36258959,university of california san diego,university of california san diego,department of surgery
United States of America,36258959,university of california san diego,university of california san diego,division of graduate education and postdoctoral affairs
United States of America,36258959,university of california san diego,university of california san diego,department of psychiatry
United States of America,36258959,university of california san diego,university of california san diego,department of medicine
United States of America,158011677,sonoma state university,sonoma state university,department of environmental studies and planning
United States of America,158011677,sonoma state university,sonoma state university,school of social sciences
United States of America,226560621,california state university san marcos,california state university san marcos,college of education
United States of America,226560621,california state university san marcos,california state university san marcos,college of humanities arts behavioral and social sciences
United States of America,226560621,california state university san marcos,california state university san marcos,department of economics
United States of America,226560621,california state university san marcos,california state university san marcos,department of liberal studies
United States of America,226560621,california state university san marcos,california state university san marcos,department of political science
United States of America,39815113,georgia southern university,college of engineering and computing,department of mechanical engineering
United States of America,39815113,georgia southern university,georgia southern university,college of education
United States of America,39815113,georgia southern university,georgia southern university,college of health and human sciences
United States of America,39815113,georgia southern university,georgia southern university,college of liberal arts and social sciences
United States of America,39815113,georgia southern university,georgia southern university,college of science and mathematics
United States of America,39815113,georgia southern university,georgia southern university,department of biology
United States of America,39815113,georgia southern university,georgia southern university,department of curriculum foundations and reading
United States of America,39815113,georgia southern university,georgia southern university,department of literature and philosophy
United States of America,39815113,georgia southern university,georgia southern university,department of sociology and anthropology
United States of America,39815113,georgia southern university,georgia southern university,fred and dinah gretsch school of music
United States of America,39815113,georgia southern university,georgia southern university,college of engineering and computing
United States of America,177331275,northern michigan university,northern michigan university,college of arts and sciences
United States of America,177331275,northern michigan university,northern michigan university,college of health sciences and professional studies
United States of America,177331275,northern michigan university,northern michigan university,department of biology
United States of America,177331275,northern michigan university,northern michigan university,department of communication and performance studies
United States of America,177331275,northern michigan university,northern michigan university,department of economics
United States of America,177331275,northern michigan university,northern michigan university,department of sociology and anthropology
United States of America,153871386,eastern illinois university,eastern illinois university,college of education and professional studies
United States of America,153871386,eastern illinois university,eastern illinois university,department of biological sciences
United States of America,153871386,eastern illinois university,eastern illinois university,department of chemistry
United States of America,153871386,eastern illinois university,eastern illinois university,department of economics
United States of America,153871386,eastern illinois university,eastern illinois university,department of geology geography
United States of America,153871386,eastern illinois university,eastern illinois university,department of health studies
United States of America,153871386,eastern illinois university,eastern illinois university,department of history
United States of America,153871386,eastern illinois university,eastern illinois university,department of kinesiology and sports studies
United States of America,153871386,eastern illinois university,eastern illinois university,department of mathematics and computer science
United States of America,153871386,eastern illinois university,eastern illinois university,department of physics
United States of America,153871386,eastern illinois university,eastern illinois university,department of psychology
United States of America,153871386,eastern illinois university,eastern illinois university,department of recreation administration
United States of America,153871386,eastern illinois university,eastern illinois university,department of sociology and anthropology
United States of America,145610796,southern university,southern university,in new orleans center for african and african american studies
United States of America,8078737,clemson university,college of engineering computing and applied sciences,department of chemical and biomolecular engineering
United States of America,8078737,clemson university,clemson university,college of agriculture forestry and life sciences
United States of America,8078737,clemson university,clemson university,college of architecture arts and humanities
United States of America,8078737,clemson university,clemson university,college of engineering and sciences
United States of America,8078737,clemson university,clemson university,department of bioengineering
United States of America,8078737,clemson university,clemson university,department of biological sciences
United States of America,8078737,clemson university,clemson university,department of chemistry
United States of America,8078737,clemson university,clemson university,department of communication studies
United States of America,8078737,clemson university,clemson university,department of english
United States of America,8078737,clemson university,clemson university,department of entomology soils and plant sciences
United States of America,8078737,clemson university,clemson university,department of genetics and biochemistry
United States of America,8078737,clemson university,clemson university,department of history and geography
United States of America,8078737,clemson university,clemson university,department of mathematical sciences
United States of America,8078737,clemson university,clemson university,department of political science
United States of America,8078737,clemson university,clemson university,department of public health sciences
United States of America,8078737,clemson university,clemson university,college of engineering computing and applied sciences
United States of America,53559539,radford university,radford university,college of education and human development
United States of America,53559539,radford university,radford university,college of graduate and professional studies
United States of America,53559539,radford university,radford university,college of humanities and behavioral sciences
United States of America,53559539,radford university,radford university,college of science and technology
United States of America,53559539,radford university,radford university,college of visual and performing arts
United States of America,53559539,radford university,radford university,department of psychology
United States of America,53559539,radford university,radford university,department of sociology
United States of America,53559539,radford university,radford university,school of teacher education and leadership
United States of America,110496330,southern utah university,southern utah university,college of humanities and social sciences
United States of America,110496330,southern utah university,southern utah university,college of science and engineering
United States of America,110496330,southern utah university,southern utah university,department of english
United States of America,44206873,morehead state university,morehead state university,college of science and technology
United States of America,172951950,mcneese state university,mcneese state university,college of liberal arts
United States of America,172951950,mcneese state university,mcneese state university,college of science
United States of America,119443389,east tennessee state university,east tennessee state university,college of arts and sciences
United States of America,119443389,east tennessee state university,east tennessee state university,college of public and allied health
United States of America,119443389,east tennessee state university,east tennessee state university,department of biological sciences
United States of America,119443389,east tennessee state university,east tennessee state university,department of biomedical sciences
United States of America,119443389,east tennessee state university,east tennessee state university,department of chemistry
United States of America,119443389,east tennessee state university,east tennessee state university,department of criminal justice
United States of America,119443389,east tennessee state university,east tennessee state university,department of family medicine
United States of America,119443389,east tennessee state university,east tennessee state university,department of history
United States of America,119443389,east tennessee state university,east tennessee state university,department of obstetrics and gynecology
United States of America,119443389,east tennessee state university,east tennessee state university,department of sociology and anthropology
United States of America,119443389,east tennessee state university,east tennessee state university,department of surgery
United States of America,161165907,southeast missouri state university,southeast missouri state university,college of education
United States of America,161165907,southeast missouri state university,southeast missouri state university,college of health and human services
United States of America,161165907,southeast missouri state university,southeast missouri state university,college of liberal arts
United States of America,161165907,southeast missouri state university,southeast missouri state university,college of science technology and agriculture
United States of America,161165907,southeast missouri state university,southeast missouri state university,department of agriculture
United States of America,161165907,southeast missouri state university,southeast missouri state university,department of chemistry
United States of America,161165907,southeast missouri state university,southeast missouri state university,department of middle and secondary education
United States of America,161165907,southeast missouri state university,southeast missouri state university,department of music
United States of America,161165907,southeast missouri state university,southeast missouri state university,school of graduate studies
United States of America,161165907,southeast missouri state university,southeast missouri state university,school of university studies and academic information services
United States of America,47449453,kean university,kean university,college of humanities and social sciences
United States of America,47449453,kean university,kean university,college of natural applied and health sciences
United States of America,47449453,kean university,kean university,school of natural sciences
United States of America,47449453,kean university,kean university,school of psychology
United States of America,8692664,university of oklahoma,university of oklahoma,department of african and african american studies
United States of America,8692664,university of oklahoma,university of oklahoma,dodge family college of arts and sciences
United States of America,8692664,university of oklahoma,dodge family college of arts and sciences,school of biological sciences
United States of America,174154184,lee university,lee university,college of arts and sciences
United States of America,174154184,lee university,lee university,department of behavioral and social sciences
United States of America,60997889,lesley university,lesley university,college of liberal arts and sciences
United States of America,859038795,,virginia polytechnic institute and state university college of science,virginia tech department of mathematics
United States of America,191484440,university of mary washington,university of mary washington,college of arts and sciences
United States of America,191484440,university of mary washington,university of mary washington,college of education
United States of America,191484440,university of mary washington,university of mary washington,department of sociology and anthropology
United States of America,180949307,illinois institute of technology,armour college of engineering,iit department of biomedical engineering
United States of America,180949307,illinois institute of technology,armour college of engineering,iit department of chemical and biological engineering
United States of America,180949307,illinois institute of technology,armour college of engineering,iit department of civil architectural and environmental engineering
United States of America,180949307,illinois institute of technology,armour college of engineering,iit department of electrical and computer engineering
United States of America,180949307,illinois institute of technology,armour college of engineering,iit department of industrial technology and management
United States of America,180949307,illinois institute of technology,armour college of engineering,iit department of mechanical materials and aerospace engineering
United States of America,180949307,illinois institute of technology,iit college of computing,iit department of applied mathematics
United States of America,180949307,illinois institute of technology,iit college of computing,iit department of computer science
United States of America,180949307,illinois institute of technology,iit college of computing,iit department of information technology and management
United States of America,180949307,illinois institute of technology,lewis college of science and letters,iit department of biology
United States of America,180949307,illinois institute of technology,lewis college of science and letters,iit department of chemistry
United States of America,180949307,illinois institute of technology,lewis college of science and letters,iit department of english language services
United States of America,180949307,illinois institute of technology,lewis college of science and letters,iit department of food science and nutrition
United States of America,180949307,illinois institute of technology,lewis college of science and letters,iit department of humanities
United States of America,180949307,illinois institute of technology,lewis college of science and letters,iit department of physics
United States of America,180949307,illinois institute of technology,lewis college of science and letters,iit department of psychology
United States of America,180949307,illinois institute of technology,lewis college of science and letters,iit department of social sciences
United States of America,86420138,indiana state university,indiana state university,college of arts and sciences
United States of America,86420138,indiana state university,indiana state university,college of technology
United States of America,86420138,indiana state university,indiana state university,department of chemistry and physics
United States of America,86420138,indiana state university,indiana state university,department of economics
United States of America,86420138,indiana state university,indiana state university,department of psychology
United States of America,86420138,indiana state university,indiana state university,department of earth and environmental systems
United States of America,55732556,arizona state university,asu college of liberal arts and sciences,school of civic and economic thought and leadership
United States of America,55732556,arizona state university,arizona state university,school of community resources and development
United States of America,55732556,arizona state university,arizona state university,school of humanities arts and cultural studies
United States of America,55732556,arizona state university,arizona state university,school of public affairs
United States of America,55732556,arizona state university,arizona state university,school of social and behavioral sciences
United States of America,55732556,arizona state university,arizona state university,school of social work
United States of America,55732556,arizona state university,arizona state university,department of chemistry and biochemistry
United States of America,55732556,arizona state university,arizona state university,department of economics
United States of America,55732556,arizona state university,arizona state university,department of english
United States of America,55732556,arizona state university,arizona state university,department of justice and social inquiry
United States of America,55732556,arizona state university,arizona state university,department of physics
United States of America,55732556,arizona state university,arizona state university,department of psychology
United States of America,55732556,arizona state university,arizona state university,department of speech and hearing science
United States of America,55732556,arizona state university,arizona state university,school of historical philosophical and religious studies
United States of America,55732556,arizona state university,arizona state university,school of human evolution and social change
United States of America,55732556,arizona state university,arizona state university,school of mathematical and statistical sciences
United States of America,55732556,arizona state university,arizona state university,school of music
United States of America,55732556,arizona state university,arizona state university,school of politics and global studies
United States of America,55732556,arizona state university,arizona state university,school of social and family dynamics
United States of America,55732556,arizona state university,arizona state university,school of social transformation
United States of America,55732556,arizona state university,arizona state university,t denny sanford school of social and family dynamics
United States of America,55732556,arizona state university,arizona state university,department of sociology
United States of America,55732556,arizona state university,arizona state university,asu college of liberal arts and sciences
United States of America,55732556,arizona state university,arizona state university,ira a fulton schools of engineering
United States of America,55732556,arizona state university,arizona state university,mary lou fulton teachers college
United States of America,55732556,arizona state university,arizona state university,mary lou fulton institute and graduate school of education
United States of America,16989420,maryville university,maryville university,school of health professions
United States of America,20960122,marywood university,marywood university,school of social work and administrative studies lehigh valley
United States of America,20960122,marywood university,marywood university,college of health and human services
United States of America,20960122,marywood university,marywood university,college of liberal arts and sciences
United States of America,20960122,marywood university,marywood university,department of music theatre and dance
United States of America,20960122,marywood university,marywood university,department of philosophy
United States of America,20960122,marywood university,marywood university,department of psychology
United States of America,20960122,marywood university,marywood university,school of social work and administrative studies
United States of America,78157498,mcmurry university,mcmurry university,department of curriculum and instruction
United States of America,78157498,mcmurry university,mcmurry university,department of kinesiology and health fitness
United States of America,78157498,mcmurry university,mcmurry university,school of education
United States of America,99069390,metropolitan state university,metropolitan state university,department of psychology
United States of America,99069390,metropolitan state university,metropolitan state university,college of arts and sciences
United States of America,99069390,metropolitan state university,metropolitan state university,department of history
United States of America,104651037,millersville university of pennsylvania,millersville university of pennsylvania,millersville university department of biology
United States of America,104651037,millersville university of pennsylvania,millersville university of pennsylvania,millersville university department of communication and theatre
United States of America,104651037,millersville university of pennsylvania,millersville university of pennsylvania,millersville university department of history
United States of America,104651037,millersville university of pennsylvania,millersville university of pennsylvania,millersville university department of psychology
United States of America,104651037,millersville university of pennsylvania,millersville university of pennsylvania,millersville university department of social work
United States of America,104651037,millersville university of pennsylvania,millersville university of pennsylvania,millersville university department of sociology anthropology
United States of America,104651037,millersville university of pennsylvania,millersville university of pennsylvania,millersville university school of education
United States of America,104651037,millersville university of pennsylvania,millersville university of pennsylvania,millersville university school of humanities and social sciences
United States of America,104651037,millersville university of pennsylvania,millersville university of pennsylvania,millersville university school of science and mathematics
United States of America,104651037,millersville university of pennsylvania,millersville university of pennsylvania,tell school of music
United States of America,103219246,missouri southern state university,missouri southern state university,department of history
United States of America,103219246,missouri southern state university,missouri southern state university,department of social sciences
United States of America,103219246,missouri southern state university,missouri southern state university,school of arts and sciences
United States of America,103219246,missouri southern state university,missouri southern state university,school of education
United States of America,103219246,missouri southern state university,missouri southern state university,school of health sciences
United States of America,148540549,mount vernon nazarene university,mount vernon nazarene university,department of psychology
United States of America,148540549,mount vernon nazarene university,mount vernon nazarene university,school of natural and social sciences
United States of America,139924743,bentley university,bentley university,department of history
United States of America,11123151,northwest missouri state university,northwest missouri state university,college of arts and sciences
United States of America,11123151,northwest missouri state university,northwest missouri state university,college of education and human services
United States of America,11123151,northwest missouri state university,northwest missouri state university,department of humanities and social sciences
United States of America,11123151,northwest missouri state university,northwest missouri state university,department of natural sciences
United States of America,204382398,notre dame de namur university,notre dame de namur university,college of arts and sciences
United States of America,204382398,notre dame de namur university,notre dame de namur university,department of mathematics and computer science
United States of America,204382398,notre dame de namur university,notre dame de namur university,school of education and leadership
United States of America,2799491937,oakland city university,oakland city university,school of arts and sciences
United States of America,197312921,otterbein university,otterbein university,department of communication
United States of America,197312921,otterbein university,otterbein university,department of history and political science
United States of America,197312921,otterbein university,otterbein university,school of arts and sciences
United States of America,24010308,stockton university,stockton university,school of social and behavioral sciences
United States of America,198062273,rivier university,rivier university,department of biology
United States of America,198062273,rivier university,rivier university,department of history political science and criminal justice
United States of America,189273616,rosalind franklin university of medicine and science,rosalind franklin university of medicine and science,college of health professions
United States of America,189273616,rosalind franklin university of medicine and science,rosalind franklin university of medicine and science,department of physiology and biophysics
United States of America,189273616,rosalind franklin university of medicine and science,rosalind franklin university of medicine and science,department of psychiatry and behavioral sciences
United States of America,189273616,rosalind franklin university of medicine and science,rosalind franklin university of medicine and science,department of psychology
United States of America,189273616,rosalind franklin university of medicine and science,rosalind franklin university of medicine and science,school of graduate and postdoctoral studies
United States of America,145608581,university of miami,university of miami,college of arts and sciences
United States of America,145608581,university of miami,university of miami,department of biology
United States of America,145608581,university of miami,university of miami,department of chemistry
United States of America,145608581,university of miami,university of miami,department of educational and psychological studies
United States of America,145608581,university of miami,university of miami,department of history
United States of America,145608581,university of miami,university of miami,department of international studies
United States of America,145608581,university of miami,university of miami,department of philosophy
United States of America,145608581,university of miami,university of miami,department of psychology
United States of America,145608581,university of miami,university of miami,department of sociology
United States of America,145608581,university of miami,university of miami,school of communication
United States of America,145608581,university of miami,university of miami,school of education and human development
United States of America,145608581,university of miami,university of miami,department of dermatology and cutaneous surgery
United States of America,145608581,university of miami,university of miami,department of neurological surgery
United States of America,145608581,university of miami,university of miami,department of neurology
United States of America,145608581,university of miami,university of miami,department of orthopaedics
United States of America,145608581,university of miami,university of miami,department of pediatrics
United States of America,145608581,university of miami,university of miami,department of physiology and biophysics
United States of America,145608581,university of miami,university of miami,department of psychiatry and behavioral sciences
United States of America,145608581,university of miami,university of miami,department of public health sciences
United States of America,145608581,university of miami,university of miami,department of radiology
United States of America,145608581,university of miami,university of miami,department of rehabilitation medicine
United States of America,145608581,university of miami,university of miami,department of surgery
United States of America,145608581,university of miami,university of miami,department of marine geosciences
United States of America,145608581,university of miami,university of miami,center for theoretical studies
United States of America,145608581,university of miami,university of miami,school of law
United States of America,130769515,pennsylvania state university,penn state college of arts and architecture,school of music
United States of America,130769515,pennsylvania state university,pennsylvania state university,department of african american studies
United States of America,130769515,pennsylvania state university,pennsylvania state university,department of biochemistry and molecular biology
United States of America,130769515,pennsylvania state university,pennsylvania state university,department of continuing education
United States of America,130769515,pennsylvania state university,pennsylvania state university,department of emergency medicine
United States of America,130769515,pennsylvania state university,pennsylvania state university,department of microbiology and immunology
United States of America,130769515,pennsylvania state university,pennsylvania state university,department of neural and behavioral sciences
United States of America,130769515,pennsylvania state university,pennsylvania state university,department of neurosurgery
United States of America,130769515,pennsylvania state university,pennsylvania state university,department of obstetrics and gynecology
United States of America,130769515,pennsylvania state university,pennsylvania state university,department of pathology and laboratory medicine
United States of America,130769515,pennsylvania state university,pennsylvania state university,department of radiology
United States of America,130769515,pennsylvania state university,pennsylvania state university,penn state university department of french and francophone studies
United States of America,130769515,pennsylvania state university,pennsylvania state university,college of agricultural sciences
United States of America,130769515,pennsylvania state university,pennsylvania state university,college of earth and mineral sciences
United States of America,130769515,pennsylvania state university,pennsylvania state university,college of education
United States of America,130769515,pennsylvania state university,pennsylvania state university,college of health and human development
United States of America,130769515,pennsylvania state university,pennsylvania state university,college of the liberal arts
United States of America,130769515,pennsylvania state university,pennsylvania state university,department of agricultural and biological engineering
United States of America,130769515,pennsylvania state university,pennsylvania state university,department of agricultural economics sociology and education
United States of America,130769515,pennsylvania state university,pennsylvania state university,department of animal science
United States of America,130769515,pennsylvania state university,pennsylvania state university,department of biobehavioral health
United States of America,130769515,pennsylvania state university,pennsylvania state university,department of biology
United States of America,130769515,pennsylvania state university,pennsylvania state university,department of chemical engineering
United States of America,130769515,pennsylvania state university,pennsylvania state university,department of chemistry
United States of America,130769515,pennsylvania state university,pennsylvania state university,department of communication arts and sciences
United States of America,130769515,pennsylvania state university,pennsylvania state university,department of counselor education counseling psychology and rehabilitation services
United States of America,130769515,pennsylvania state university,pennsylvania state university,department of economics
United States of America,130769515,pennsylvania state university,pennsylvania state university,department of ecosystem science and management
United States of America,130769515,pennsylvania state university,pennsylvania state university,department of education policy studies
United States of America,130769515,pennsylvania state university,pennsylvania state university,department of english
United States of America,130769515,pennsylvania state university,pennsylvania state university,department of film video and media studies
United States of America,130769515,pennsylvania state university,pennsylvania state university,department of history
United States of America,130769515,pennsylvania state university,pennsylvania state university,department of human development and family studies
United States of America,130769515,pennsylvania state university,pennsylvania state university,department of landscape architecture
United States of America,130769515,pennsylvania state university,pennsylvania state university,department of nutritional sciences
United States of America,130769515,pennsylvania state university,pennsylvania state university,department of philosophy
United States of America,130769515,pennsylvania state university,pennsylvania state university,department of plant pathology and environmental microbiology
United States of America,130769515,pennsylvania state university,pennsylvania state university,department of plant science
United States of America,130769515,pennsylvania state university,pennsylvania state university,department of political science
United States of America,130769515,pennsylvania state university,pennsylvania state university,penn state department of psychology
United States of America,130769515,pennsylvania state university,pennsylvania state university,department of recreation park and tourism management
United States of America,130769515,pennsylvania state university,pennsylvania state university,department of sociology and crime law and justice
United States of America,130769515,pennsylvania state university,pennsylvania state university,department of statistics
United States of America,130769515,pennsylvania state university,pennsylvania state university,department of telecommunications
United States of America,130769515,pennsylvania state university,pennsylvania state university,school of international affairs
United States of America,130769515,pennsylvania state university,pennsylvania state university,department of astronomy and astrophysics
United States of America,130769515,pennsylvania state university,pennsylvania state university,department of art history
United States of America,130769515,pennsylvania state university,pennsylvania state university,penn state college of arts and architecture
United States of America,130769515,pennsylvania state university,pennsylvania state university,penn state college of the liberal arts
United States of America,130769515,pennsylvania state university,pennsylvania state university,penn state college of earth and mineral sciences
United States of America,130769515,pennsylvania state university,pennsylvania state university,penn state college of agricultural sciences
United States of America,27920566,saginaw valley state university,saginaw valley state university,department of english
United States of America,27920566,saginaw valley state university,saginaw valley state university,department of history
United States of America,27920566,saginaw valley state university,saginaw valley state university,department of psychology
United States of America,275328,saybrook university,saybrook university,college of psychology and interdisciplinary inquiry
United States of America,162281398,university of hartford,university of hartford,college of arts and sciences
United States of America,162281398,university of hartford,university of hartford,college of education nursing and health professions
United States of America,162281398,university of hartford,university of hartford,department of biology
United States of America,162281398,university of hartford,university of hartford,department of education
United States of America,162281398,university of hartford,university of hartford,department of health sciences and nursing
United States of America,162281398,university of hartford,university of hartford,department of psychology
United States of America,162281398,university of hartford,university of hartford,department of sociology
United States of America,162281398,university of hartford,university of hartford,school of communication
United States of America,73236664,wheaton college,wheaton college,school of biblical and theological studies
United States of America,73236664,wheaton college,wheaton college,school of mission ministry and leadership
United States of America,73236664,wheaton college,wheaton college,school of psychology counseling and family therapy
United States of America,73236664,wheaton college,wheaton college,applied linguistics and international education department
United States of America,93320256,university of t a,university of t a,college of natural and health sciences
United States of America,93320256,university of t a,university of t a,department of biology
United States of America,65625852,southwest minnesota state university,southwest minnesota state university,department of education
United States of America,65625852,southwest minnesota state university,southwest minnesota state university,department of science
United States of America,205353530,spalding university,spalding university,school of professional psychology
United States of America,902671590,auburn university at montgomery,auburn university at montgomery,department of history and world languages and culture
United States of America,902671590,auburn university at montgomery,auburn university at montgomery,department of psychology
United States of America,902671590,auburn university at montgomery,auburn university at montgomery,department of sociology
United States of America,902671590,auburn university at montgomery,auburn university at montgomery,school of liberal arts
United States of America,902671590,auburn university at montgomery,auburn university at montgomery,school of sciences
United States of America,4864440,state university of new york at brockport,state university of new york at brockport,state university of new york brockport department of kinesiology sport studies and physical education
United States of America,43742981,state university of new york at oswego,state university of new york at oswego,department of political science
United States of America,161140089,susquehanna university,susquehanna university,department of history
United States of America,161140089,susquehanna university,susquehanna university,department of political science
United States of America,161140089,susquehanna university,susquehanna university,school of arts and sciences
United States of America,204465549,washington university in st louis,washington university in saint louis college of arts and sciences,department of mathematics and statistics
United States of America,204465549,washington university in st louis,washington university in st louis,washington university in saint louis college of arts and sciences
United States of America,204465549,washington university in st louis,washington university in st louis,washington university in saint louis department of anatomy and neurobiology
United States of America,204465549,washington university in st louis,washington university in st louis,washington university in saint louis department of anesthesiology
United States of America,204465549,washington university in st louis,washington university in st louis,washington university in saint louis department of anthropology
United States of America,204465549,washington university in st louis,washington university in st louis,washington university in saint louis department of biochemistry and molecular biophysics
United States of America,204465549,washington university in st louis,washington university in st louis,washington university in saint louis department of biology
United States of America,204465549,washington university in st louis,washington university in st louis,washington university in saint louis department of biomedical engineering
United States of America,204465549,washington university in st louis,washington university in st louis,washington university in saint louis department of cell biology and physiology
United States of America,204465549,washington university in st louis,washington university in st louis,washington university in saint louis department of earth and planetary science
United States of America,204465549,washington university in st louis,washington university in st louis,washington university in saint louis department of economics
United States of America,204465549,washington university in st louis,washington university in st louis,washington university in saint louis department of english
United States of America,204465549,washington university in st louis,washington university in st louis,washington university in saint louis department of genetics
United States of America,204465549,washington university in st louis,washington university in st louis,washington university in saint louis department of history
United States of America,204465549,washington university in st louis,washington university in st louis,washington university in saint louis department of medicine
United States of America,204465549,washington university in st louis,washington university in st louis,washington university in saint louis department of molecular microbiology
United States of America,204465549,washington university in st louis,washington university in st louis,washington university in saint louis department of neurology
United States of America,204465549,washington university in st louis,washington university in st louis,washington university in saint louis department of neurosurgery
United States of America,204465549,washington university in st louis,washington university in st louis,washington university in saint louis department of obstetrics and gynecology
United States of America,204465549,washington university in st louis,washington university in st louis,washington university in saint louis department of ophthalmology and visual sciences
United States of America,204465549,washington university in st louis,washington university in st louis,washington university in saint louis department of orthopaedic surgery
United States of America,204465549,washington university in st louis,washington university in st louis,washington university in saint louis department of otolaryngology
United States of America,204465549,washington university in st louis,washington university in st louis,washington university in saint louis department of pathology and immunology
United States of America,204465549,washington university in st louis,washington university in st louis,washington university in saint louis department of pediatrics
United States of America,204465549,washington university in st louis,washington university in st louis,washington university in saint louis department of political science
United States of America,204465549,washington university in st louis,washington university in st louis,washington university in saint louis department of psychiatry
United States of America,204465549,washington university in st louis,washington university in st louis,washington university in saint louis department of psychology
United States of America,204465549,washington university in st louis,washington university in st louis,washington university in saint louis department of radiation oncology
United States of America,204465549,washington university in st louis,washington university in st louis,washington university in saint louis department of surgery
United States of America,204465549,washington university in st louis,washington university in st louis,department of economics
United States of America,204465549,washington university in st louis,washington university in st louis,henry shaw school of botany
United States of America,860576493,trident university international,trident university international,college of health sciences
United States of America,199639920,truman state university,truman state university,department of biology
United States of America,199639920,truman state university,truman state university,department of chemistry
United States of America,199639920,truman state university,truman state university,school of science and mathematics
United States of America,28324025,university of central missouri,university of central missouri,college of arts humanities and social sciences
United States of America,28324025,university of central missouri,university of central missouri,college of education
United States of America,28324025,university of central missouri,university of central missouri,college of health science and technology
United States of America,28324025,university of central missouri,university of central missouri,department of educational leadership and human development
United States of America,28324025,university of central missouri,university of central missouri,department of history and anthropology
United States of America,28324025,university of central missouri,university of central missouri,department of psychology
United States of America,28324025,university of central missouri,university of central missouri,school of environmental physical and applied sciences
United States of America,160136153,university of maine at presque isle,university of maine at presque isle,college of arts and sciences
United States of America,160136153,university of maine at presque isle,university of maine at presque isle,college of professional programs
United States of America,160136153,university of maine at presque isle,university of maine at presque isle,department of mathematics
United States of America,160136153,university of maine at presque isle,university of maine at presque isle,department of recreation and leisure services
United States of America,8645926,university of south carolina aiken,university of south carolina aiken,college of sciences
United States of America,8645926,university of south carolina aiken,university of south carolina aiken,department of psychology
United States of America,17001226,university of the virgin islands,university of the virgin islands,college of science and mathematics
United States of America,75929663,waynesburg university,waynesburg university,department of chemistry
United States of America,31452180,west liberty university,west liberty university,college of sciences
United States of America,31452180,west liberty university,west liberty university,department of health sciences
United States of America,77002289,west virginia state university,west virginia state university,department of biology
United States of America,148178371,western new mexico university,western new mexico university,college of health and human services
United States of America,148178371,western new mexico university,western new mexico university,department of behavioral sciences
United States of America,188405335,winston salem state university,winston salem state university,college of arts and sciences
United States of America,188405335,winston salem state university,winston salem state university,department of social sciences
United States of America,169086405,winthrop university,winthrop university,college of arts and sciences
United States of America,169086405,winthrop university,winthrop university,college of visual and performing arts
United States of America,169086405,winthrop university,winthrop university,department of biology
United States of America,169086405,winthrop university,winthrop university,department of interdisciplinary studies
United States of America,169086405,winthrop university,winthrop university,department of political science
United States of America,169086405,winthrop university,winthrop university,department of sociology and anthropology
United States of America,18860807,wittenberg university,wittenberg university,department of health fitness and sport
United States of America,18860807,wittenberg university,wittenberg university,department of political science
United States of America,18860807,wittenberg university,wittenberg university,department of sociology
United States of America,198089087,ball state university,ball state university,college of applied sciences and technology
United States of America,198089087,ball state university,ball state university,college of fine arts
United States of America,198089087,ball state university,ball state university,college of sciences and humanities
United States of America,198089087,ball state university,ball state university,department of biology
United States of America,198089087,ball state university,ball state university,department of communication studies
United States of America,198089087,ball state university,ball state university,department of counseling psychology and guidance services
United States of America,198089087,ball state university,ball state university,department of economics
United States of America,198089087,ball state university,ball state university,department of educational psychology
United States of America,198089087,ball state university,ball state university,department of educational studies
United States of America,198089087,ball state university,ball state university,department of history
United States of America,198089087,ball state university,ball state university,department of journalism
United States of America,198089087,ball state university,ball state university,department of urban planning
United States of America,198089087,ball state university,ball state university,school of music
United States of America,198089087,ball state university,ball state university,school of physical education sport and exercise science
United States of America,157394403,baylor university,baylor university,college of arts and sciences
United States of America,157394403,baylor university,baylor university,department of chemistry and biochemistry
United States of America,157394403,baylor university,baylor university,department of communication studies
United States of America,157394403,baylor university,baylor university,department of environmental science
United States of America,157394403,baylor university,baylor university,department of geology
United States of America,157394403,baylor university,baylor university,department of history
United States of America,157394403,baylor university,baylor university,department of philosophy
United States of America,157394403,baylor university,baylor university,department of political science
United States of America,157394403,baylor university,baylor university,department of psychology and neuroscience
United States of America,157394403,baylor university,baylor university,department of religion
United States of America,157394403,baylor university,baylor university,department of sociology
United States of America,157394403,baylor university,baylor university,school of education
United States of America,157394403,baylor university,baylor university,school of music
United States of America,157394403,baylor university,baylor university,school of social work
United States of America,157394403,baylor university,baylor university,institute for oral history
United States of America,708430,university of la verne,university of la verne,college of arts and sciences
United States of America,74775410,rice university,rice university,department of biochemistry and cell biology
United States of America,74775410,rice university,rice university,department of classical studies
United States of America,74775410,rice university,rice university,department of french studies
United States of America,74775410,rice university,rice university,department of ecology and evolutionary biology
United States of America,74775410,rice university,rice university,department of religious studies
United States of America,74775410,rice university,rice university,bioengineering department
United States of America,74775410,rice university,rice university,chemical and biomolecular engineering department
United States of America,74775410,rice university,rice university,civil and environmental engineering department
United States of America,74775410,rice university,rice university,computational and applied mathematics department
United States of America,74775410,rice university,rice university,department of computer science
United States of America,74775410,rice university,rice university,materials science and nanoengineering department
United States of America,74775410,rice university,rice university,mechanical engineering department
United States of America,74775410,rice university,rice university,statistics department
United States of America,74775410,rice university,rice university,department of art history
United States of America,74775410,rice university,rice university,department of modern and classical literatures and cultures
United States of America,74775410,rice university,rice university,religion department
United States of America,74775410,rice university,rice university,visual and dramatic arts department
United States of America,74775410,rice university,rice university,linguistics department
United States of America,74775410,rice university,rice university,psychological sciences department
United States of America,74775410,rice university,rice university,sport management department
United States of America,74775410,rice university,rice university,chemistry department
United States of America,74775410,rice university,rice university,department of kinesiology
United States of America,74775410,rice university,rice university,earth environmental and planetary science department
United States of America,74775410,rice university,rice university,physics and astronomy department
United States of America,123534392,university of north texas,university of north texas,college of arts and sciences
United States of America,123534392,university of north texas,university of north texas,college of education
United States of America,123534392,university of north texas,university of north texas,college of information
United States of America,123534392,university of north texas,university of north texas,college of public affairs and community service
United States of America,123534392,university of north texas,university of north texas,department of chemistry
United States of America,123534392,university of north texas,university of north texas,department of disability and addiction rehabilitation
United States of America,123534392,university of north texas,university of north texas,department of history
United States of America,123534392,university of north texas,university of north texas,department of kinesiology health promotion and recreation
United States of America,123534392,university of north texas,university of north texas,department of political science
United States of America,123534392,university of north texas,university of north texas,department of psychology
United States of America,123534392,university of north texas,university of north texas,department of sociology
United States of America,123534392,university of north texas,university of north texas,department of speech and hearing sciences
United States of America,123534392,university of north texas,university of north texas,department of family medicine
United States of America,123534392,university of north texas,university of north texas,department of internal medicine
United States of America,123534392,university of north texas,university of north texas,department of molecular biology and immunology
United States of America,123534392,university of north texas,university of north texas,department of obstetrics and gynecology
United States of America,123534392,university of north texas,university of north texas,department of orthopaedic surgery
United States of America,123534392,university of north texas,university of north texas,department of psychiatry and behavioral health
United States of America,123534392,university of north texas,university of north texas,department of surgery
United States of America,123534392,university of north texas,university of north texas,school of health professions
United States of America,16285277,college of william mary,college of william mary,school of computing data sciences physics
United States of America,157417397,bowling green state university,bowling green state university,department of biological sciences
United States of America,157417397,bowling green state university,bowling green state university,department of communication
United States of America,157417397,bowling green state university,bowling green state university,department of english
United States of America,157417397,bowling green state university,bowling green state university,department of ethnic studies
United States of America,157417397,bowling green state university,bowling green state university,department of history
United States of America,157417397,bowling green state university,bowling green state university,department of human services
United States of America,157417397,bowling green state university,bowling green state university,department of philosophy
United States of America,157417397,bowling green state university,bowling green state university,department of psychology
United States of America,157417397,bowling green state university,bowling green state university,department of sociology
United States of America,157417397,bowling green state university,bowling green state university,school of family and consumer science
United States of America,157417397,bowling green state university,bowling green state university,school of human movement sport and leisure studies
United States of America,24648388,bradley university,bradley university,college of education and health sciences
United States of America,24648388,bradley university,bradley university,college of liberal arts and sciences
United States of America,24648388,bradley university,bradley university,department of chemistry and biochemistry
United States of America,24648388,bradley university,bradley university,department of economics
United States of America,24648388,bradley university,bradley university,department of family and consumer sciences
United States of America,24648388,bradley university,bradley university,department of political science
United States of America,141450709,monmouth university,monmouth university,department of chemistry and physics
United States of America,141450709,monmouth university,monmouth university,department of communication
United States of America,141450709,monmouth university,monmouth university,department of psychology
United States of America,141450709,monmouth university,monmouth university,school of science
United States of America,53618229,wheaton college,wheaton college,massachusetts department of history
United States of America,197572798,utah valley university,utah valley university,college of technology and computing
United States of America,197572798,utah valley university,utah valley university,department of construction technology
United States of America,197572798,utah valley university,utah valley university,department of theatrical arts for stage and screen
United States of America,197572798,utah valley university,utah valley university,school of the arts
United States of America,79884896,university of illinois at springfield,university of illinois at springfield,college of liberal arts and sciences
United States of America,79884896,university of illinois at springfield,university of illinois at springfield,department of biology
United States of America,79884896,university of illinois at springfield,university of illinois at springfield,department of political science
United States of America,79884896,university of illinois at springfield,university of illinois at springfield,university of illinois springfield college of public affairs and administration
United States of America,78641905,transylvania university,transylvania university,department of foreign languages
United States of America,78724572,jacksonville state university,jacksonville state university,college of arts and sciences
United States of America,78724572,jacksonville state university,jacksonville state university,department of biology
United States of America,78724572,jacksonville state university,jacksonville state university,department of english
United States of America,78724572,jacksonville state university,jacksonville state university,department of psychology
United States of America,59553526,stony brook university,stony brook university,college of arts and sciences
United States of America,59553526,stony brook university,stony brook university,department of anatomical sciences
United States of America,59553526,stony brook university,stony brook university,department of applied mathematics and statistics
United States of America,59553526,stony brook university,stony brook university,department of biochemistry and cell biology
United States of America,59553526,stony brook university,stony brook university,department of clinical laboratory sciences
United States of America,59553526,stony brook university,stony brook university,department of ecology and evolution
United States of America,59553526,stony brook university,stony brook university,department of economics
United States of America,59553526,stony brook university,stony brook university,department of english
United States of America,59553526,stony brook university,stony brook university,department of geosciences
United States of America,59553526,stony brook university,stony brook university,department of history
United States of America,59553526,stony brook university,stony brook university,department of linguistics
United States of America,59553526,stony brook university,stony brook university,department of mechanical engineering
United States of America,59553526,stony brook university,stony brook university,department of medicine
United States of America,59553526,stony brook university,stony brook university,department of molecular genetics and microbiology
United States of America,59553526,stony brook university,stony brook university,department of music
United States of America,59553526,stony brook university,stony brook university,department of neurology
United States of America,59553526,stony brook university,stony brook university,department of pathology
United States of America,59553526,stony brook university,stony brook university,department of physics and astronomy
United States of America,59553526,stony brook university,stony brook university,department of political science
United States of America,59553526,stony brook university,stony brook university,department of preventive medicine
United States of America,59553526,stony brook university,stony brook university,department of psychology
United States of America,59553526,stony brook university,stony brook university,department of sociology
United States of America,59553526,stony brook university,stony brook university,school of health technology and management
United States of America,59553526,stony brook university,stony brook university,school of marine and atmospheric sciences
United States of America,59553526,stony brook university,stony brook university,school of social welfare
United States of America,195875291,ashland university,ashland university,college of arts and sciences
United States of America,195875291,ashland university,ashland university,department of social work and family studies
United States of America,16269868,santa clara university,santa clara university,department of biology
United States of America,16269868,santa clara university,santa clara university,department of economics
United States of America,16269868,santa clara university,santa clara university,department of english
United States of America,16269868,santa clara university,santa clara university,department of philosophy
United States of America,16269868,santa clara university,santa clara university,department of political science
United States of America,16269868,santa clara university,santa clara university,department of psychology
United States of America,16269868,santa clara university,santa clara university,department of sociology
